week_start_date,year,month,week_of_year,demand_kg,production_kg,inventory_kg,colombo_auction_price_lkr,auction_price_lag1w,auction_price_lag4w,rainfall_index,usd_lkr_rate,festival_flag,global_commodity_shock,demand_rolling4w_avg,demand_rolling12w_avg,demand_lag1w,demand_lag2w,demand_lag4w,demand_lag8w,demand_lag13w,demand_lag26w,demand_lag52w,demand_rollmean4w,demand_rollstd4w,demand_rollmean12w,demand_rollstd12w,demand_rollmean26w,demand_rollstd26w,week_sin,week_cos,month_sin,month_cos,quarter,grade_BOP,grade_BOPF,grade_Dust,grade_OP,grade_Pekoe
2022-01-03,2022,1,1,3268,3628,315,1584.23,1567.25,1635.44,22.9,316.15,0,0.0133,3393.0,3622.0,4048.0,2400.0,3444.0,3301.0,3786.0,3856.0,3064.0,3393.0,707.1171520099527,3621.75,454.77569396151944,3792.0384615384614,500.284997238113,0.12053668025532305,0.992708874098054,0.49999999999999994,0.8660254037844387,1,True,False,False,False,False
2022-01-10,2022,1,2,3405,3420,0,1617.09,1659.62,1723.17,0.0,317.24,0,0.04,3349.0,3589.0,3268.0,4048.0,3680.0,3865.0,3658.0,4394.0,2704.0,3349.0,708.3605484967854,3589.25,465.7525923413919,3769.423076923077,510.46466464012394,0.23931566428755774,0.970941817426052,0.49999999999999994,0.8660254037844387,1,True,False,False,False,False
2022-01-17,2022,1,3,3299,3150,0,1427.29,1422.72,1465.62,31.4,315.51,0,-0.0602,3280.0,3573.0,3405.0,3268.0,2400.0,3595.0,3597.0,3528.0,3013.0,3280.25,678.2312167198833,3573.25,468.75039393922776,3731.3846153846152,498.77618843910994,0.3546048870425356,0.9350162426854148,0.49999999999999994,0.8660254037844387,1,True,False,False,False,False
2022-01-24,2022,1,4,3760,3737,0,1418.53,1431.07,1356.66,0.0,312.7,0,-0.0356,3505.0,3501.0,3299.0,3405.0,4048.0,3871.0,4161.0,3352.0,3007.0,3505.0,366.7215110498246,3501.4166666666665,435.3513645391037,3722.576923076923,504.5004002437998,0.4647231720437685,0.8854560256532099,0.49999999999999994,0.8660254037844387,1,True,False,False,False,False
2022-01-31,2022,1,5,3070,3219,307,1565.82,1574.86,1582.12,26.4,314.22,0,0.0388,3433.0,3495.0,3760.0,3299.0,3268.0,3444.0,3841.0,4024.0,2966.0,3433.0,225.75355294361728,3494.6666666666665,430.20509555608845,3738.269230769231,498.8261065896461,0.5680647467311558,0.8229838658936564,0.49999999999999994,0.8660254037844387,1,True,False,False,False,False
2022-02-07,2022,2,6,2945,2929,0,1662.79,1663.0,1633.77,5.5,315.57,0,0.0646,3384.0,3475.0,3070.0,3760.0,3405.0,3680.0,3301.0,4500.0,3501.0,3383.5,287.3076167919441,3475.4166666666665,444.58652053613037,3701.576923076923,511.8837503243819,0.6631226582407952,0.7485107481711011,0.8660254037844386,0.5000000000000001,1,True,False,False,False,False
2022-02-14,2022,2,7,2123,2086,183,1436.69,1496.29,1383.86,15.9,315.59,0,-0.072,3268.0,3399.0,2945.0,3070.0,3299.0,2400.0,3865.0,3849.0,3151.0,3268.5,358.960072060018,3398.75,450.58166952184075,3641.769230769231,505.66995621193956,0.7485107481711011,0.6631226582407953,0.8660254037844386,0.5000000000000001,1,True,False,False,False,False
2022-02-21,2022,2,8,3225,3214,46,1477.83,1570.57,1540.26,40.9,320.18,0,-0.0012,2974.0,3276.0,2123.0,2945.0,3760.0,4048.0,3595.0,2854.0,3251.0,2974.5,671.3302714263176,3276.0833333333335,575.3829488947213,3575.3846153846152,584.5233324289513,0.8229838658936564,0.5680647467311559,0.8660254037844386,0.5000000000000001,1,True,False,False,False,False
2022-02-28,2022,2,9,3592,3744,222,1480.74,1504.44,1525.42,3.3,318.1,0,-0.0389,2841.0,3222.0,3225.0,2123.0,3070.0,3268.0,3871.0,3927.0,3409.0,2840.75,492.0151589805609,3222.25,544.0277608224159,3589.653846153846,570.5705174512749,0.8854560256532099,0.4647231720437686,0.8660254037844386,0.5000000000000001,1,True,False,False,False,False
2022-03-07,2022,3,10,3476,3851,622,1669.71,1626.0,1468.04,47.4,320.94,1,-0.0376,2971.0,3235.0,3592.0,3225.0,2945.0,3405.0,3444.0,4184.0,3136.0,2971.25,624.4829194354852,3234.5833333333335,551.1430202659524,3576.769230769231,566.4152051414094,0.9350162426854148,0.35460488704253557,1.0,6.123233995736766e-17,1,True,False,False,False,False
2022-03-14,2022,3,11,3548,3589,211,1602.34,1587.08,1658.38,34.9,320.81,1,0.0,3104.0,3218.0,3476.0,3592.0,2123.0,3299.0,3680.0,3974.0,3385.0,3104.0,671.6968562280656,3217.5833333333335,539.1713268497936,3549.5384615384614,552.9123063032137,0.970941817426052,0.23931566428755804,1.0,6.123233995736766e-17,1,True,False,False,False,False
2022-03-21,2022,3,12,3608,3742,0,1590.85,1637.06,1611.64,35.0,325.87,1,-0.018,3460.0,3313.0,3548.0,3476.0,3225.0,3760.0,2400.0,4947.0,2884.0,3460.25,163.96010693661634,3313.25,479.45710302003175,3533.153846153846,546.1009205125144,0.992708874098054,0.120536680255323,1.0,6.123233995736766e-17,1,True,False,False,False,False
2022-03-28,2022,3,13,3463,3576,0,1660.49,1659.85,1643.03,20.0,326.83,1,0.0016,3556.0,3277.0,3608.0,3548.0,3592.0,3070.0,4048.0,3957.0,3336.0,3556.0,59.05929224093372,3276.5833333333335,432.7036479736385,3481.653846153846,464.47122126630785,1.0,-1.6081226496766366e-16,1.0,6.123233995736766e-17,1,True,False,False,False,False
2022-04-04,2022,4,14,3468,3734,377,1731.63,1710.28,1705.64,26.0,319.11,1,0.0596,3524.0,3293.0,3463.0,3608.0,3476.0,2945.0,3268.0,3786.0,3496.0,3523.75,67.47036386444061,3292.8333333333335,436.00100778309724,3462.653846153846,454.2398434578537,0.992708874098054,-0.12053668025532288,0.8660254037844387,-0.4999999999999998,2,True,False,False,False,False
2022-04-11,2022,4,15,2908,2988,484,1857.23,1841.29,1900.95,50.1,322.28,1,0.0809,3522.0,3298.0,3468.0,3463.0,3548.0,2123.0,3405.0,3658.0,4166.0,3521.75,69.44722216666898,3298.0833333333335,437.8497995542474,3450.423076923077,449.4410905181611,0.9709418174260521,-0.2393156642875575,0.8660254037844387,-0.4999999999999998,2,True,False,False,False,False
2022-04-18,2022,4,16,3508,3371,127,1779.84,1756.79,1832.82,63.2,320.8,1,0.0242,3362.0,3266.0,2908.0,3468.0,3608.0,3225.0,3299.0,3597.0,3118.0,3361.75,309.8756471016506,3265.5,452.09220700689053,3421.576923076923,459.54030709629143,0.9350162426854148,-0.35460488704253545,0.8660254037844387,-0.4999999999999998,2,True,False,False,False,False
2022-04-25,2022,4,17,3874,3776,0,1845.29,1799.07,1872.13,51.6,318.26,1,0.0647,3337.0,3244.0,3508.0,2908.0,3463.0,3592.0,3760.0,4161.0,3802.0,3336.75,286.5418817555298,3244.5,432.4607181320289,3418.153846153846,458.5116523978593,0.8854560256532099,-0.4647231720437685,0.8660254037844387,-0.4999999999999998,2,True,False,False,False,False
2022-05-02,2022,5,18,4204,4642,633,1788.45,1779.45,1745.71,75.0,324.62,0,-0.046,3440.0,3312.0,3874.0,3508.0,3468.0,3476.0,3070.0,3841.0,3242.0,3439.5,398.65900215597793,3311.5,464.09217344676614,3407.1153846153848,443.10859408709973,0.8229838658936565,-0.5680647467311557,0.49999999999999994,-0.8660254037844387,2,True,False,False,False,False
2022-05-09,2022,5,19,3817,4200,381,1777.69,1793.32,1833.08,91.9,322.88,0,-0.0128,3624.0,3416.0,4204.0,3874.0,2908.0,3548.0,2945.0,3301.0,3049.0,3623.5,555.2810099400123,3416.4166666666665,513.396968212411,3421.076923076923,462.6156869866756,0.7485107481711013,-0.663122658240795,0.49999999999999994,-0.8660254037844387,2,True,False,False,False,False
2022-05-16,2022,5,20,3780,3696,0,1754.45,1706.52,1839.5,32.7,326.52,0,-0.021,3851.0,3558.0,3817.0,4204.0,3508.0,3608.0,2123.0,3865.0,2945.0,3850.75,285.1565359587608,3557.5833333333335,323.0177192813055,3440.923076923077,468.2916973918648,0.6631226582407952,-0.7485107481711012,0.49999999999999994,-0.8660254037844387,2,True,False,False,False,False
2022-05-23,2022,5,21,3995,4243,0,1714.06,1706.16,1650.69,45.1,318.16,0,-0.0144,3919.0,3604.0,3780.0,3817.0,3874.0,3463.0,3225.0,3595.0,3287.0,3918.75,194.0573368878385,3603.8333333333335,310.56161248859263,3437.653846153846,465.5011013785202,0.5680647467311558,-0.8229838658936564,0.49999999999999994,-0.8660254037844387,2,True,False,False,False,False
2022-05-30,2022,5,22,4135,4078,0,1772.64,1725.61,1846.9,77.3,327.02,0,-0.0459,3949.0,3637.0,3995.0,3780.0,4204.0,3468.0,3592.0,3871.0,3626.0,3949.0,194.18719490910493,3637.4166666666665,330.32641111298943,3453.0384615384614,477.3679906126284,0.46472317204376906,-0.8854560256532096,0.49999999999999994,-0.8660254037844387,2,True,False,False,False,False
2022-06-06,2022,6,23,4209,4584,258,1734.81,1732.48,1685.14,86.3,315.83,0,-0.0517,3932.0,3692.0,4135.0,3995.0,3817.0,2908.0,3476.0,3444.0,4307.0,3931.75,164.82996289105543,3692.3333333333335,354.9154402064947,3463.1923076923076,489.2730950486257,0.35460488704253584,-0.9350162426854147,1.2246467991473532e-16,-1.0,2,True,False,False,False,False
2022-06-13,2022,6,24,3909,3914,0,1860.31,1892.29,1831.5,72.5,324.56,0,0.0289,4030.0,3747.0,4209.0,4135.0,3780.0,3508.0,3548.0,3680.0,3485.0,4029.75,188.6714516472132,3747.4166666666665,380.82648359333035,3492.6153846153848,510.6096808266037,0.23931566428755768,-0.970941817426052,1.2246467991473532e-16,-1.0,2,True,False,False,False,False
2022-06-20,2022,6,25,4105,4840,808,1611.07,1603.67,1556.2,56.1,318.6,0,-0.054,4062.0,3772.0,3909.0,4209.0,3995.0,3874.0,3608.0,2400.0,3509.0,4062.0,135.1986193223389,3772.5,380.72168312298777,3501.423076923077,515.9186891809152,0.12053668025532308,-0.992708874098054,1.2246467991473532e-16,-1.0,2,True,False,False,False,False
2022-06-27,2022,6,26,4115,3900,0,1676.62,1613.58,1802.1,72.7,313.51,0,-0.0503,4090.0,3826.0,4105.0,3909.0,4135.0,4204.0,3463.0,4048.0,3202.0,4089.5,128.02473719298695,3826.0,378.37667619834883,3567.0,477.22807964326665,-3.216245299353273e-16,-1.0,1.2246467991473532e-16,-1.0,2,True,False,False,False,False
2022-07-04,2022,7,27,3510,3467,0,2042.6,2087.39,1991.48,63.3,321.22,0,0.1048,4084.0,3880.0,4115.0,4105.0,4209.0,3817.0,3468.0,3268.0,3856.0,4084.5,126.03041960838941,3879.9166666666665,368.69930057219483,3569.576923076923,480.1015036907861,-0.12053668025532283,-0.992708874098054,-0.4999999999999997,-0.8660254037844388,3,True,False,False,False,False
2022-07-11,2022,7,28,4820,5023,360,1672.76,1675.5,1703.36,93.5,319.12,0,-0.0882,3910.0,3930.0,3510.0,4115.0,3909.0,3780.0,2908.0,3405.0,4394.0,3909.75,282.8726156181731,3930.0833333333335,244.45615272695105,3578.8846153846152,476.35216610596643,-0.23931566428755743,-0.9709418174260521,-0.4999999999999997,-0.8660254037844388,3,True,False,False,False,False
2022-07-18,2022,7,29,4167,4424,125,1994.73,1958.52,2115.95,76.7,307.37,0,0.0724,4138.0,4039.0,4820.0,3510.0,4105.0,3995.0,3508.0,3299.0,3528.0,4137.5,535.7626962253594,4039.4166666666665,320.1844520480903,3633.3076923076924,533.138163648469,-0.3546048870425356,-0.9350162426854148,-0.4999999999999997,-0.8660254037844388,3,True,False,False,False,False
2022-07-25,2022,7,30,4187,4304,0,1756.56,1782.27,1780.1,64.9,300.69,0,-0.0216,4153.0,4064.0,4167.0,4820.0,4115.0,4135.0,3874.0,3760.0,3352.0,4153.0,535.4057651289659,4063.8333333333335,317.5845866804187,3666.6923076923076,538.5163150160464,-0.46472317204376806,-0.8854560256532101,-0.4999999999999997,-0.8660254037844388,3,True,False,False,False,False
2022-08-01,2022,8,31,4009,4038,419,1683.84,1704.91,1743.46,76.3,307.7,0,0.0058,4171.0,4062.0,4187.0,4167.0,3510.0,4209.0,4204.0,3070.0,4024.0,4171.0,534.912453896274,4062.4166666666665,316.939758638867,3683.1153846153848,547.9049791285405,-0.5680647467311556,-0.8229838658936566,-0.8660254037844385,-0.5000000000000004,3,True,False,False,False,False
2022-08-08,2022,8,32,4781,4647,0,1865.42,1857.79,1996.41,82.2,310.79,0,0.0342,4296.0,4078.0,4009.0,4187.0,4820.0,3909.0,3817.0,2945.0,4500.0,4295.75,358.4535069805661,4078.4166666666665,308.1485646223111,3719.230769230769,536.7075410457588,-0.663122658240795,-0.7485107481711013,-0.8660254037844385,-0.5000000000000004,3,True,False,False,False,False
2022-08-15,2022,8,33,4027,3941,0,1695.61,1654.81,1624.93,52.8,305.11,0,-0.0071,4286.0,4162.0,4781.0,4009.0,4167.0,4105.0,3780.0,2123.0,3849.0,4286.0,339.4682115701951,4161.833333333333,352.3404431495073,3789.846153846154,551.3490866815831,-0.7485107481711011,-0.6631226582407952,-0.8660254037844385,-0.5000000000000004,3,True,False,False,False,False
2022-08-22,2022,8,34,4317,4419,0,1749.86,1778.35,1783.6,74.8,302.6,0,-0.071,4251.0,4164.0,4027.0,4781.0,4187.0,4115.0,3995.0,3225.0,2854.0,4251.0,362.27797798559794,4164.5,351.0818345421162,3863.076923076923,435.3426166206961,-0.8229838658936564,-0.5680647467311559,-0.8660254037844385,-0.5000000000000004,3,True,False,False,False,False
2022-08-29,2022,8,35,3911,4106,0,1880.89,1858.02,1840.33,73.6,307.55,0,0.0888,4284.0,4180.0,4317.0,4027.0,4009.0,3510.0,4135.0,3592.0,3927.0,4283.5,360.4492567153756,4179.666666666667,353.61363952852486,3905.076923076923,423.8452475210197,-0.8854560256532096,-0.4647231720437691,-0.8660254037844385,-0.5000000000000004,3,True,False,False,False,False
2022-09-05,2022,9,36,4382,3659,0,1559.95,1493.79,1522.08,33.7,302.57,0,0.0183,4259.0,4155.0,3911.0,4317.0,4781.0,4820.0,4209.0,3476.0,4184.0,4259.0,387.6321280114263,4154.833333333333,361.7369293569697,3917.346153846154,419.0094931915218,-0.9350162426854147,-0.3546048870425359,-1.0,-1.8369701987210297e-16,3,True,False,False,False,False
2022-09-12,2022,9,37,4081,4244,182,1649.09,1671.7,1771.03,76.3,302.97,0,-0.0607,4159.0,4194.0,4382.0,3911.0,4027.0,4167.0,3909.0,3548.0,3974.0,4159.25,226.28945328200066,4194.25,358.26808778800853,3952.1923076923076,418.5102167671205,-0.970941817426052,-0.23931566428755774,-1.0,-1.8369701987210297e-16,3,True,False,False,False,False
2022-09-19,2022,9,38,3508,3761,408,1641.54,1543.34,1629.27,40.4,302.78,0,-0.0092,4173.0,4192.0,4081.0,4382.0,4317.0,4187.0,4105.0,3608.0,4947.0,4172.75,217.19787445246044,4192.25,358.87808134898785,3972.6923076923076,410.9045406642061,-0.992708874098054,-0.12053668025532357,-1.0,-1.8369701987210297e-16,3,True,False,False,False,False
2022-09-26,2022,9,39,4451,4528,0,1574.28,1582.59,1654.4,64.0,297.73,0,-0.0765,3970.0,4142.0,3508.0,4081.0,3911.0,4009.0,4115.0,3463.0,3957.0,3970.5,364.68662346367125,4141.666666666667,409.9062716221291,3968.846153846154,414.9032361703341,-1.0,-1.8369701987210297e-16,-1.0,-1.8369701987210297e-16,3,True,False,False,False,False
2022-10-03,2022,10,40,4274,3884,0,1677.34,1630.47,1638.18,58.3,297.87,0,0.0755,4106.0,4220.0,4451.0,3508.0,4382.0,4781.0,3510.0,3468.0,3786.0,4105.5,429.5070818197687,4220.083333333333,365.70590726164687,4006.846153846154,411.9546278227932,-0.992708874098054,0.1205366802553232,-0.8660254037844386,0.5000000000000001,4,True,False,False,False,False
2022-10-10,2022,10,41,4166,4465,24,1480.64,1514.96,1460.73,52.6,299.86,0,-0.0137,4078.0,4175.0,4274.0,4451.0,4081.0,4027.0,4820.0,2908.0,3658.0,4078.5,409.24849826643657,4174.583333333333,314.68785640647195,4037.846153846154,399.934763911086,-0.9709418174260521,0.23931566428755738,-0.8660254037844386,0.5000000000000001,4,True,False,False,False,False
2022-10-17,2022,10,42,4063,3583,0,1628.04,1619.95,1706.22,31.0,313.45,0,0.0277,4100.0,4174.0,4166.0,4274.0,3508.0,4317.0,4167.0,3508.0,3597.0,4099.75,411.62148874906933,4174.5,314.69017952728115,4086.230769230769,327.2735012422873,-0.9350162426854148,0.35460488704253557,-0.8660254037844386,0.5000000000000001,4,True,False,False,False,False
2022-10-24,2022,10,43,4019,4079,21,1724.57,1714.19,1641.14,66.1,301.7,0,0.066,4238.0,4164.0,4063.0,4166.0,4451.0,3911.0,4187.0,3874.0,4161.0,4238.5,165.8041012761753,4164.166666666667,316.27428640726947,4107.576923076923,305.42038872045634,-0.8854560256532101,0.464723172043768,-0.8660254037844386,0.5000000000000001,4,True,False,False,False,False
2022-10-31,2022,10,44,3606,3582,0,1676.88,1692.64,1629.42,64.3,300.79,0,0.0177,4130.0,4165.0,4019.0,4063.0,4274.0,4382.0,4009.0,4204.0,3841.0,4130.5,113.78488476067561,4165.0,315.8411568552136,4113.153846153846,302.2925327966541,-0.822983865893657,0.5680647467311548,-0.8660254037844386,0.5000000000000001,4,True,False,False,False,False
2022-11-07,2022,11,45,4076,4203,0,1486.01,1515.0,1516.66,28.8,301.84,0,-0.0039,3964.0,4067.0,3606.0,4019.0,4166.0,4081.0,4781.0,3817.0,3301.0,3963.5,246.16593319683142,4067.0833333333335,288.4574833436853,4090.153846153846,317.4723537327561,-0.7485107481711011,0.6631226582407952,-0.5000000000000004,0.8660254037844384,4,True,False,False,False,False
2022-11-14,2022,11,46,4297,4486,545,1621.17,1582.97,1729.28,38.3,313.76,0,0.017,3941.0,4071.0,4076.0,3606.0,4063.0,3508.0,4027.0,3780.0,3865.0,3941.0,224.66122644254142,4071.1666666666665,288.18517826165134,4100.115384615385,312.5843664578364,-0.6631226582407955,0.7485107481711007,-0.5000000000000004,0.8660254037844384,4,True,False,False,False,False
2022-11-21,2022,11,47,3939,3765,0,1500.24,1495.06,1546.56,37.8,313.31,0,-0.0512,4000.0,4070.0,4297.0,4076.0,4019.0,4451.0,4317.0,3995.0,3595.0,3999.5,288.43312338680323,4069.5,286.68814225407664,4120.0,307.81383984480095,-0.5680647467311559,0.8229838658936564,-0.5000000000000004,0.8660254037844384,4,True,False,False,False,False
2022-11-28,2022,11,48,3939,3735,0,1567.11,1571.32,1572.1,38.5,312.5,0,-0.0151,3980.0,4072.0,3939.0,4297.0,3606.0,4274.0,3911.0,4135.0,3871.0,3979.5,289.4022575355397,4071.8333333333335,285.39186244796457,4117.846153846154,308.9174248640179,-0.4647231720437684,0.88545602565321,-0.5000000000000004,0.8660254037844384,4,True,False,False,False,False
2022-12-05,2022,12,49,4261,4001,0,1490.87,1455.63,1517.67,10.0,311.44,0,0.0135,4063.0,4035.0,3939.0,3939.0,4076.0,4166.0,4382.0,4209.0,3444.0,4062.75,168.9938361795094,4034.9166666666665,269.85196559101786,4110.307692307692,310.86740185883485,-0.35460488704253595,0.9350162426854147,-2.4492935982947064e-16,1.0,4,True,False,False,False,False
2022-12-12,2022,12,50,4019,3950,249,1513.73,1550.97,1455.32,45.0,304.79,0,0.023,4109.0,4050.0,4261.0,3939.0,4297.0,4063.0,4081.0,3909.0,3680.0,4109.0,196.84850350798587,4049.9166666666665,277.5396641050028,4112.307692307692,311.6939228449318,-0.2393156642875578,0.970941817426052,-2.4492935982947064e-16,1.0,4,True,False,False,False,False
2022-12-19,2022,12,51,3709,3546,270,1409.85,1401.96,1355.46,26.7,314.71,0,-0.021,4040.0,4092.0,4019.0,4261.0,3939.0,4019.0,3508.0,4105.0,2400.0,4039.5,152.4062553396903,4092.5,220.08944462732995,4116.538461538462,309.56320592334487,-0.12053668025532363,0.992708874098054,-2.4492935982947064e-16,1.0,4,True,False,False,False,False
2022-12-26,2022,12,52,3331,3729,231,1465.93,1525.94,1426.35,31.4,316.79,0,-0.0162,3982.0,4031.0,3709.0,4019.0,3939.0,3606.0,4451.0,4115.0,4048.0,3982.0,227.73376268499774,4030.6666666666665,214.37067868248772,4101.307692307692,319.72848096230393,6.432490598706546e-16,1.0,-2.4492935982947064e-16,1.0,4,True,False,False,False,False
2023-01-02,2023,1,1,3682,3429,0,1548.43,1552.8,1646.83,18.5,326.56,0,0.0209,3830.0,3952.0,3331.0,3709.0,4261.0,4076.0,4274.0,3510.0,3268.0,3830.0,402.12933242925743,3952.0833333333335,279.8897374887424,4071.153846153846,353.5648955773413,0.12053668025532305,0.992708874098054,0.49999999999999994,0.8660254037844387,1,True,False,False,False,False
2023-01-09,2023,1,2,2555,2731,453,1407.35,1371.19,1462.4,13.8,317.12,0,-0.0535,3685.0,3912.0,3682.0,3331.0,4019.0,4297.0,4166.0,4820.0,3405.0,3685.25,281.34009668015733,3911.75,281.1315204991848,4077.769230769231,344.1286163854809,0.23931566428755774,0.970941817426052,0.49999999999999994,0.8660254037844387,1,True,False,False,False,False
2023-01-16,2023,1,3,3892,3687,137,1521.8,1537.03,1489.32,14.6,323.6,0,-0.0073,3319.0,3786.0,2555.0,3682.0,3709.0,3939.0,4063.0,4167.0,3299.0,3319.25,537.806889134009,3786.0833333333335,476.518903246782,3990.653846153846,425.73305648565326,0.3546048870425356,0.9350162426854148,0.49999999999999994,0.8660254037844387,1,True,False,False,False,False
2023-01-23,2023,1,4,2774,3003,291,1688.69,1737.7,1748.09,18.4,312.7,0,0.0743,3365.0,3776.0,3892.0,2555.0,3331.0,3939.0,4019.0,4187.0,3760.0,3365.0,587.5014893598145,3775.5,472.2669699535334,3980.076923076923,424.59118437169053,0.4647231720437685,0.8854560256532099,0.49999999999999994,0.8660254037844387,1,True,False,False,False,False
2023-01-30,2023,1,5,2977,2862,0,1623.87,1582.62,1642.51,20.8,321.19,0,0.0383,3226.0,3706.0,2774.0,3892.0,3682.0,4261.0,3606.0,4009.0,3070.0,3225.75,659.807231949858,3706.1666666666665,553.4999110344569,3925.730769230769,483.40273542397927,0.5680647467311558,0.8229838658936564,0.49999999999999994,0.8660254037844387,1,True,False,False,False,False
2023-02-06,2023,2,6,3039,3045,28,1641.56,1677.08,1552.94,29.1,319.99,0,0.0403,3050.0,3615.0,2977.0,2774.0,2555.0,4019.0,4076.0,4781.0,2945.0,3049.5,587.5068793923468,3614.5833333333335,577.1592593089537,3886.0384615384614,517.4610695130017,0.6631226582407952,0.7485107481711011,0.8660254037844386,0.5000000000000001,1,True,False,False,False,False
2023-02-13,2023,2,7,2807,2801,0,1652.11,1635.69,1640.05,14.5,320.95,0,0.0239,3170.0,3510.0,3039.0,2977.0,3892.0,3709.0,4297.0,4027.0,2123.0,3170.5,494.1352716277871,3509.75,555.7929838609781,3819.0384615384614,509.66471180722294,0.7485107481711011,0.6631226582407953,0.8660254037844386,0.5000000000000001,1,True,False,False,False,False
2023-02-20,2023,2,8,3243,3257,0,1597.19,1623.39,1593.06,41.9,316.75,0,0.0125,2899.0,3415.0,2807.0,3039.0,2774.0,3331.0,3939.0,4317.0,3225.0,2899.25,128.80573227409926,3415.4166666666665,572.1395980850892,3772.1153846153848,544.7083863443332,0.8229838658936564,0.5680647467311559,0.8660254037844386,0.5000000000000001,1,True,False,False,False,False
2023-02-27,2023,2,9,3480,3488,0,1589.04,1572.37,1674.99,29.0,328.5,0,-0.0229,3016.0,3357.0,3243.0,2807.0,2977.0,3682.0,3939.0,3911.0,3592.0,3016.5,180.05462134215531,3357.4166666666665,549.0488400751577,3730.8076923076924,542.452948686301,0.8854560256532099,0.4647231720437686,0.8660254037844386,0.5000000000000001,1,True,False,False,False,False
2023-03-06,2023,3,10,3879,3953,107,1535.36,1493.97,1491.47,47.9,320.36,1,-0.0926,3142.0,3292.0,3480.0,3243.0,3039.0,2555.0,4261.0,4382.0,3476.0,3142.25,287.0997213513108,3292.3333333333335,473.2608992805931,3714.230769230769,543.3109833377067,0.9350162426854148,0.35460488704253557,1.0,6.123233995736766e-17,1,True,False,False,False,False
2023-03-13,2023,3,11,2930,3012,0,1631.17,1605.66,1581.6,47.3,326.18,1,-0.0325,3352.0,3281.0,3879.0,3480.0,2807.0,3892.0,4019.0,4081.0,3548.0,3352.25,448.3372056834011,3280.6666666666665,455.0958606977647,3694.8846153846152,527.3015324781898,0.970941817426052,0.23931566428755804,1.0,6.123233995736766e-17,1,True,False,False,False,False
2023-03-20,2023,3,12,2860,2972,274,1618.85,1635.48,1621.1,32.5,326.52,1,-0.013,3383.0,3216.0,2930.0,3879.0,3243.0,2774.0,3709.0,3508.0,3608.0,3383.0,400.0974881200834,3215.75,443.8634362053224,3650.6153846153848,541.7077497635116,0.992708874098054,0.120536680255323,1.0,6.123233995736766e-17,1,True,False,False,False,False
2023-03-27,2023,3,13,3288,3147,54,1804.58,1769.64,1782.18,42.2,324.71,1,0.0473,3287.0,3176.0,2860.0,2930.0,3480.0,2977.0,3331.0,4451.0,3463.0,3287.25,482.1793407713223,3176.5,453.46654682667065,3625.6923076923076,563.0192017493389,1.0,-1.6081226496766366e-16,1.0,6.123233995736766e-17,1,True,False,False,False,False
2023-04-03,2023,4,14,3270,3124,92,1659.87,1665.11,1587.01,49.9,324.77,1,-0.0316,3239.0,3144.0,3288.0,2860.0,3879.0,3039.0,3682.0,4274.0,3468.0,3239.25,465.8765036645087,3143.6666666666665,427.0316857167116,3580.9615384615386,540.5792064642699,0.992708874098054,-0.12053668025532288,0.8660254037844387,-0.4999999999999998,2,True,False,False,False,False
2023-04-10,2023,4,15,4428,4054,0,1736.13,1792.2,1713.77,65.0,332.79,1,-0.0157,3087.0,3203.0,3270.0,3288.0,2930.0,2807.0,2555.0,4166.0,2908.0,3087.0,223.65747621456114,3203.25,385.26805898325324,3542.346153846154,524.7198065488061,0.9709418174260521,-0.2393156642875575,0.8660254037844387,-0.4999999999999998,2,True,False,False,False,False
2023-04-17,2023,4,16,3457,3535,324,1851.65,1802.29,1825.77,32.3,326.52,1,0.0185,3462.0,3248.0,4428.0,3270.0,2860.0,3243.0,3892.0,4063.0,3508.0,3461.5,673.9681001353108,3247.9166666666665,489.3818844091753,3552.423076923077,539.4838402085414,0.9350162426854148,-0.35460488704253545,0.8660254037844387,-0.4999999999999998,2,True,False,False,False,False
2023-04-24,2023,4,17,3908,3928,91,1850.82,1836.12,1769.22,78.4,325.6,1,-0.0293,3611.0,3305.0,3457.0,4428.0,3288.0,3480.0,2774.0,4019.0,3874.0,3610.75,551.3059495416318,3304.8333333333335,468.5262839882902,3529.1153846153848,529.5417888645308,0.8854560256532099,-0.4647231720437685,0.8660254037844387,-0.4999999999999998,2,True,False,False,False,False
2023-05-01,2023,5,18,4036,3381,0,1861.26,1878.85,1759.5,34.0,325.05,0,0.03,3766.0,3382.0,3908.0,3457.0,3270.0,3879.0,2977.0,3606.0,4204.0,3765.75,516.3670367739085,3382.4166666666665,486.05937877688103,3524.846153846154,525.8690097206876,0.8229838658936565,-0.5680647467311557,0.49999999999999994,-0.8660254037844387,2,True,False,False,False,False
2023-05-08,2023,5,19,3847,3687,0,1850.87,1870.01,1834.47,61.1,332.32,0,-0.0312,3957.0,3466.0,4036.0,3908.0,4428.0,2930.0,3039.0,4076.0,3817.0,3957.25,400.20109528419204,3465.5,506.78962822134173,3541.3846153846152,535.2022478968556,0.7485107481711013,-0.663122658240795,0.49999999999999994,-0.8660254037844387,2,True,False,False,False,False
2023-05-15,2023,5,20,3544,3217,0,1803.7,1841.72,1844.97,76.2,325.03,0,-0.0095,3812.0,3552.0,3847.0,4036.0,3457.0,2860.0,2807.0,4297.0,3780.0,3812.0,249.42734413051087,3552.1666666666665,471.64891282573325,3532.576923076923,527.8865918416142,0.6631226582407952,-0.7485107481711012,0.49999999999999994,-0.8660254037844387,2,True,False,False,False,False
2023-05-22,2023,5,21,3827,3882,0,1819.72,1868.89,1884.22,68.3,329.0,0,-0.0045,3834.0,3577.0,3544.0,3847.0,3908.0,3288.0,3243.0,3939.0,3995.0,3833.75,208.60548890189895,3577.25,461.6090681715224,3503.6153846153848,504.4040504931015,0.5680647467311558,-0.8229838658936564,0.49999999999999994,-0.8660254037844387,2,True,False,False,False,False
2023-05-29,2023,5,22,4043,4259,216,1758.28,1744.63,1754.35,51.8,330.92,0,-0.0438,3814.0,3606.0,3827.0,3544.0,4036.0,3270.0,3480.0,3939.0,4135.0,3813.5,202.8472331583556,3606.1666666666665,465.81264929413834,3499.3076923076924,501.00385381597886,0.46472317204376906,-0.8854560256532096,0.49999999999999994,-0.8660254037844387,2,True,False,False,False,False
2023-06-05,2023,6,23,3485,3451,0,1844.03,1880.41,1791.51,77.2,321.01,0,-0.026,3815.0,3620.0,4043.0,3827.0,3847.0,4428.0,3879.0,4261.0,4209.0,3815.25,205.42050368289338,3619.8333333333335,476.82087990685903,3503.3076923076924,505.0535630390728,0.35460488704253584,-0.9350162426854147,1.2246467991473532e-16,-1.0,2,True,False,False,False,False
2023-06-12,2023,6,24,3550,3573,0,1962.92,1920.12,1885.54,95.2,307.76,0,0.0105,3725.0,3666.0,3485.0,4043.0,3544.0,3457.0,2930.0,4019.0,3909.0,3724.75,259.4152077269185,3666.0833333333335,428.2714641085688,3473.4615384615386,480.83487650287975,0.23931566428755768,-0.970941817426052,1.2246467991473532e-16,-1.0,2,True,False,False,False,False
2023-06-19,2023,6,25,4755,4655,190,1844.23,1786.58,1757.22,83.8,328.14,0,-0.0549,3726.0,3724.0,3550.0,3485.0,3827.0,3908.0,2860.0,3709.0,4105.0,3726.25,258.03536579314135,3723.5833333333335,349.23434651803575,3455.423076923077,468.1811763048094,0.12053668025532308,-0.992708874098054,1.2246467991473532e-16,-1.0,2,True,False,False,False,False
2023-06-26,2023,6,26,4339,4304,0,2009.66,1929.45,1919.53,74.6,313.22,0,0.057,3958.0,3846.0,4755.0,3550.0,4043.0,4036.0,3288.0,3331.0,4115.0,3958.25,586.6932048921881,3845.8333333333335,430.2597171969809,3495.653846153846,531.5019429735103,-3.216245299353273e-16,-1.0,1.2246467991473532e-16,-1.0,2,True,False,False,False,False
2023-07-03,2023,7,27,3861,4023,0,1870.71,1854.86,1768.52,73.5,309.08,0,0.0203,4032.0,3935.0,4339.0,4755.0,3485.0,3847.0,3270.0,3682.0,3510.0,4032.25,618.7381648699771,3934.9166666666665,410.4052228830665,3534.423076923077,555.244102936857,-0.12053668025532283,-0.992708874098054,-0.4999999999999997,-0.8660254037844388,3,True,False,False,False,False
2023-07-10,2023,7,28,4104,3694,0,1832.97,1840.28,1867.65,68.6,320.53,0,-0.0431,4126.0,3888.0,3861.0,4339.0,3550.0,3544.0,4428.0,2555.0,4820.0,4126.25,530.0977111187461,3887.6666666666665,379.9878785945546,3541.3076923076924,558.2487452188877,-0.23931566428755743,-0.9709418174260521,-0.4999999999999997,-0.8660254037844388,3,True,False,False,False,False
2023-07-17,2023,7,29,3966,4019,0,2003.01,1981.95,2005.61,75.1,317.16,0,0.0091,4265.0,3942.0,4104.0,3861.0,4755.0,3827.0,3457.0,3892.0,4167.0,4264.75,380.6629086212634,3941.5833333333335,358.6262826481951,3600.8846153846152,530.7570688684676,-0.3546048870425356,-0.9350162426854148,-0.4999999999999997,-0.8660254037844388,3,True,False,False,False,False
2023-07-24,2023,7,30,4683,4435,0,1996.79,2034.44,2035.71,87.7,317.2,0,0.0234,4068.0,3946.0,3966.0,4104.0,4339.0,4043.0,3908.0,2774.0,4187.0,4067.5,206.5502360201998,3946.4166666666665,358.5233499010141,3603.730769230769,532.5758956387209,-0.46472317204376806,-0.8854560256532101,-0.4999999999999997,-0.8660254037844388,3,True,False,False,False,False
2023-07-31,2023,7,31,4018,4185,401,1883.38,1891.92,1841.07,94.2,307.55,0,0.0502,4154.0,4000.0,4683.0,3966.0,3861.0,3485.0,4036.0,2977.0,4009.0,4153.5,366.75741301301633,4000.3333333333335,417.0867215979625,3677.153846153846,545.0552773660818,-0.5680647467311556,-0.8229838658936566,-0.4999999999999997,-0.8660254037844388,3,True,False,False,False,False
2023-08-07,2023,8,32,4538,4567,106,1790.65,1749.24,1851.54,58.6,304.4,0,0.0115,4193.0,4015.0,4018.0,4683.0,4104.0,3550.0,3847.0,3039.0,4781.0,4192.75,331.7502825921935,4014.5833333333335,414.2834906269662,3717.1923076923076,529.5814210661684,-0.663122658240795,-0.7485107481711013,-0.8660254037844385,-0.5000000000000004,3,True,False,False,False,False
2023-08-14,2023,8,33,3940,3620,0,1946.54,1862.07,1853.56,76.0,312.15,0,0.0352,4301.0,4097.0,4538.0,4018.0,3966.0,4755.0,3544.0,2807.0,4027.0,4301.25,362.586426478801,4097.416666666667,410.99866364156844,3774.846153846154,534.3695120276008,-0.7485107481711011,-0.6631226582407952,-0.8660254037844385,-0.5000000000000004,3,True,False,False,False,False
2023-08-21,2023,8,34,4043,4223,52,1925.74,1962.14,1964.32,83.4,319.74,0,0.043,4295.0,4107.0,3940.0,4538.0,4683.0,4339.0,3827.0,3243.0,4317.0,4294.75,370.74103720341907,4106.833333333333,405.4974124641922,3818.423076923077,497.18995750734393,-0.8229838658936564,-0.5680647467311559,-0.8660254037844385,-0.5000000000000004,3,True,False,False,False,False
2023-08-28,2023,8,35,4690,4344,0,1828.61,1857.57,1786.87,71.5,303.64,0,-0.0032,4135.0,4107.0,4043.0,3940.0,4018.0,3861.0,4043.0,3480.0,3911.0,4134.75,272.3886622701715,4106.833333333333,405.4974124641922,3849.1923076923076,484.75371224825307,-0.8854560256532096,-0.4647231720437691,-0.8660254037844385,-0.5000000000000004,3,True,False,False,False,False
2023-09-04,2023,9,36,4811,4748,124,1779.94,1825.91,1809.97,58.1,302.7,0,0.0368,4303.0,4207.0,4690.0,4043.0,4538.0,4104.0,3485.0,3879.0,4382.0,4302.75,367.1342851509969,4207.25,386.254067351347,3895.730769230769,505.5293113315836,-0.9350162426854147,-0.3546048870425359,-1.0,-1.8369701987210297e-16,3,True,False,False,False,False
2023-09-11,2023,9,37,4440,4663,87,1778.17,1723.23,1739.81,90.9,303.21,0,-0.0181,4371.0,4312.0,4811.0,4690.0,3940.0,3966.0,3550.0,2930.0,4081.0,4371.0,442.9845745997636,4312.333333333333,361.9568867680138,3931.576923076923,536.3963589046391,-0.970941817426052,-0.23931566428755774,-1.0,-1.8369701987210297e-16,3,True,False,False,False,False
2023-09-18,2023,9,38,4332,4165,166,1774.76,1758.03,1825.76,75.6,318.12,0,0.0249,4496.0,4286.0,4440.0,4811.0,4043.0,4683.0,4755.0,2860.0,3508.0,4496.0,339.21772752417706,4286.083333333333,337.5334214652905,3989.653846153846,504.40729116916606,-0.992708874098054,-0.12053668025532357,-1.0,-1.8369701987210297e-16,3,True,False,False,False,False
2023-09-25,2023,9,39,4387,4263,0,1653.59,1670.46,1737.76,50.7,299.95,0,-0.0318,4568.0,4286.0,4332.0,4440.0,4690.0,4018.0,4339.0,3288.0,4451.0,4568.25,220.61486048466188,4285.5,337.4396915813998,4046.269230769231,452.4782034699407,-1.0,-1.8369701987210297e-16,-1.0,-1.8369701987210297e-16,3,True,False,False,False,False
2023-10-02,2023,10,40,4078,3822,0,1764.18,1764.86,1680.28,65.1,309.74,0,0.0045,4492.0,4329.0,4387.0,4332.0,4811.0,4538.0,3861.0,3270.0,4274.0,4492.5,216.863244157849,4329.333333333333,310.3614705859079,4088.5384615384614,429.56184474594437,-0.992708874098054,0.1205366802553232,-0.8660254037844386,0.5000000000000001,4,True,False,False,False,False
2023-10-09,2023,10,41,3720,3775,0,1656.28,1678.54,1681.73,43.9,304.6,0,-0.0094,4309.0,4327.0,4078.0,4387.0,4440.0,3940.0,4104.0,4428.0,4166.0,4309.25,160.34831877301818,4327.166666666667,312.1630789808315,4119.615384615385,395.8828187151426,-0.9709418174260521,0.23931566428755738,-0.8660254037844386,0.5000000000000001,4,True,False,False,False,False
2023-10-16,2023,10,42,3340,2929,0,1638.61,1597.19,1670.48,61.0,304.29,0,-0.0122,4129.0,4307.0,3720.0,4078.0,4332.0,4043.0,3966.0,3457.0,4063.0,4129.25,304.2229171731372,4306.666666666667,344.4456239797404,4092.3846153846152,398.16540049814284,-0.9350162426854148,0.35460488704253557,-0.8660254037844386,0.5000000000000001,4,True,False,False,False,False
2023-10-23,2023,10,43,4460,4142,0,1725.53,1757.4,1653.01,45.8,307.16,0,0.0251,3881.0,4195.0,3340.0,3720.0,4387.0,4690.0,4683.0,3908.0,4019.0,3881.25,452.1971362138422,4194.75,420.77679788263987,4087.8846153846152,406.21347362420977,-0.8854560256532101,0.464723172043768,-0.8660254037844386,0.5000000000000001,4,True,False,False,False,False
2023-10-30,2023,10,44,3518,3501,0,1812.77,1782.82,1762.95,58.0,309.24,0,0.102,3900.0,4232.0,4460.0,3340.0,4078.0,4811.0,4018.0,4036.0,3606.0,3899.5,480.0288185793295,4231.583333333333,423.236546439965,4109.115384615385,410.8345970750839,-0.822983865893657,0.5680647467311548,-0.8660254037844386,0.5000000000000001,4,True,False,False,False,False
2023-11-06,2023,11,45,3149,2937,0,1597.31,1563.31,1596.68,27.9,305.31,0,0.0253,3760.0,4147.0,3518.0,4460.0,3720.0,4440.0,4538.0,3847.0,4076.0,3759.5,492.12566145921187,4146.583333333333,457.1682519664557,4089.1923076923076,426.77291565709965,-0.7485107481711011,0.6631226582407952,-0.5000000000000004,0.8660254037844384,4,True,False,False,False,False
2023-11-13,2023,11,46,3886,4141,0,1558.36,1565.8,1477.91,55.3,316.43,0,-0.015,3617.0,4081.0,3149.0,3518.0,3340.0,4332.0,3940.0,3544.0,4297.0,3616.75,582.0088057753079,4080.6666666666665,539.3081988374897,4062.346153846154,463.0310522898176,-0.6631226582407955,0.7485107481711007,-0.5000000000000004,0.8660254037844384,4,True,False,False,False,False
2023-11-20,2023,11,47,3830,3901,0,1647.17,1636.67,1579.32,53.8,314.82,0,0.0096,3753.0,4068.0,3886.0,3149.0,4460.0,4387.0,4043.0,3827.0,3939.0,3753.25,559.040472595679,4067.5833333333335,542.2016495621189,4075.5,452.45377664464286,-0.5680647467311559,0.8229838658936564,-0.5000000000000004,0.8660254037844384,4,True,False,False,False,False
2023-11-27,2023,11,48,3946,4114,790,1570.99,1588.8,1529.68,43.5,320.05,0,-0.0059,3596.0,3996.0,3830.0,3886.0,3518.0,4078.0,4690.0,4043.0,3939.0,3595.75,338.99299402790035,3995.9166666666665,508.22497851628924,4075.6153846153848,452.38824714380735,-0.4647231720437684,0.88545602565321,-0.5000000000000004,0.8660254037844384,4,True,False,False,False,False
2023-12-04,2023,12,49,4228,4231,0,1379.64,1351.17,1355.34,54.7,313.73,0,-0.0842,3703.0,3924.0,3946.0,3830.0,3149.0,3720.0,4811.0,3485.0,4261.0,3702.75,372.1929383173913,3923.8333333333335,438.6961742861876,4071.8846153846152,453.06744106572756,-0.35460488704253595,0.9350162426854147,-2.4492935982947064e-16,1.0,4,True,False,False,False,False
2023-12-11,2023,12,50,4053,3971,0,1534.03,1521.02,1515.3,35.0,315.86,0,-0.0075,3972.0,3906.0,4228.0,3946.0,3886.0,3340.0,4440.0,3550.0,4019.0,3972.5,176.796493177891,3906.1666666666665,419.8854461383385,4100.461538461538,437.7423197059416,-0.2393156642875578,0.970941817426052,-2.4492935982947064e-16,1.0,4,True,False,False,False,False
2023-12-18,2023,12,51,3646,3570,101,1477.11,1435.99,1577.8,8.0,320.09,0,0.0034,4014.0,3883.0,4053.0,4228.0,3830.0,4460.0,4332.0,4755.0,3709.0,4014.25,169.11214228040137,3882.9166666666665,401.4837160364389,4119.807692307692,423.31888870975496,-0.12053668025532363,0.992708874098054,-2.4492935982947064e-16,1.0,4,True,False,False,False,False
2023-12-25,2023,12,52,3536,3567,50,1649.49,1626.94,1631.43,49.1,313.6,0,0.0208,3968.0,3821.0,3646.0,4053.0,3946.0,3518.0,4387.0,4339.0,3331.0,3968.25,244.2626659970779,3821.1666666666665,372.8701536931525,4077.153846153846,412.48967912496397,6.432490598706546e-16,1.0,-2.4492935982947064e-16,1.0,4,True,False,False,False,False
2024-01-01,2024,1,1,3558,3115,0,1806.43,1799.78,1724.77,24.9,329.18,0,0.0299,3866.0,3776.0,3536.0,3646.0,4228.0,3149.0,4078.0,3861.0,3682.0,3865.75,328.2848102892771,3776.0,371.75627401932417,4046.269230769231,422.05104503529543,0.12053668025532305,0.992708874098054,0.49999999999999994,0.8660254037844387,1,True,False,False,False,False
2024-01-08,2024,1,2,3307,2940,0,1519.99,1518.73,1553.8,17.0,320.89,0,-0.0179,3698.0,3762.0,3558.0,3536.0,4053.0,3886.0,3720.0,4104.0,2555.0,3698.25,241.22793508768152,3762.5,376.8808589172251,4034.6153846153848,431.45002741203587,0.23931566428755774,0.970941817426052,0.49999999999999994,0.8660254037844387,1,True,False,False,False,False
2024-01-15,2024,1,3,3346,3429,203,1580.1,1672.87,1512.26,27.6,321.75,0,0.0144,3512.0,3760.0,3307.0,3558.0,3646.0,3830.0,3340.0,3966.0,3892.0,3511.75,144.53690416868173,3759.75,380.34843475185403,4003.9615384615386,454.0443573722052,0.3546048870425356,0.9350162426854148,0.49999999999999994,0.8660254037844387,1,True,False,False,False,False
2024-01-22,2024,1,4,4451,4785,178,1480.24,1458.37,1383.91,32.3,323.62,0,-0.0624,3437.0,3667.0,3346.0,3307.0,3536.0,3946.0,4460.0,4683.0,2774.0,3436.75,128.6114950798205,3666.9166666666665,325.95829580801274,3980.1153846153848,472.04214446789223,0.4647231720437685,0.8854560256532099,0.49999999999999994,0.8660254037844387,1,True,False,False,False,False
2024-01-29,2024,1,5,2928,2766,102,1610.89,1661.59,1640.32,29.9,327.78,0,-0.0256,3666.0,3745.0,4451.0,3346.0,3558.0,4228.0,3518.0,4018.0,2977.0,3665.5,535.1538719533539,3744.6666666666665,391.8263375372849,3971.1923076923076,460.26992247860585,0.5680647467311558,0.8229838658936564,0.49999999999999994,0.8660254037844387,1,True,False,False,False,False
2024-02-05,2024,2,6,3365,3260,0,1702.64,1709.8,1716.15,14.2,322.43,0,0.0075,3508.0,3726.0,2928.0,4451.0,3307.0,4053.0,3149.0,4538.0,3039.0,3508.0,656.3266463177209,3726.25,426.0668161429441,3929.269230769231,503.4510151100948,0.6631226582407952,0.7485107481711011,0.8660254037844386,0.5000000000000001,1,True,False,False,False,False
2024-02-12,2024,2,7,2594,2551,0,1634.88,1581.52,1575.7,0.0,314.74,0,-0.011,3522.0,3683.0,3365.0,2928.0,3346.0,3646.0,3886.0,3940.0,2807.0,3522.5,651.0250891222755,3682.8333333333335,434.764687311811,3884.153846153846,499.2594269361527,0.7485107481711011,0.6631226582407953,0.8660254037844386,0.5000000000000001,1,True,False,False,False,False
2024-02-19,2024,2,8,3548,3569,50,1523.91,1457.53,1481.28,15.2,322.54,0,-0.0223,3334.0,3580.0,2594.0,3365.0,4451.0,3536.0,3830.0,4043.0,3243.0,3334.5,808.514069141657,3579.8333333333335,532.2179719785615,3832.3846153846152,559.3995407165135,0.8229838658936564,0.5680647467311559,0.8660254037844386,0.5000000000000001,1,True,False,False,False,False
2024-02-26,2024,2,9,3390,3523,325,1555.46,1584.27,1549.79,37.2,322.88,0,-0.0306,3109.0,3547.0,3548.0,2594.0,2928.0,3558.0,3946.0,4690.0,3480.0,3108.75,430.59754992335957,3546.6666666666665,519.5759343110058,3813.346153846154,560.3673039932072,0.8854560256532099,0.4647231720437686,0.8660254037844386,0.5000000000000001,1,True,False,False,False,False
2024-03-04,2024,3,10,3735,3502,0,1739.59,1788.28,1695.85,14.8,335.95,1,-0.0089,3224.0,3477.0,3390.0,3548.0,3365.0,3307.0,4228.0,4811.0,3879.0,3224.25,427.906823969892,3476.8333333333335,473.99267990767896,3763.346153846154,536.5067710519742,0.9350162426854148,0.35460488704253557,1.0,6.123233995736766e-17,1,True,False,False,False,False
2024-03-11,2024,3,11,3681,3906,149,1757.05,1732.05,1730.03,51.5,337.45,1,-0.0193,3317.0,3450.0,3735.0,3390.0,2594.0,3346.0,4053.0,4440.0,2930.0,3316.75,502.04340781782355,3450.3333333333335,446.9710857708295,3721.9615384615386,492.1253076824422,0.970941817426052,0.23931566428755804,1.0,6.123233995736766e-17,1,True,False,False,False,False
2024-03-18,2024,3,12,3528,3346,0,1768.14,1744.75,1821.43,44.6,329.35,1,0.0291,3588.0,3453.0,3681.0,3735.0,3548.0,4451.0,3646.0,4332.0,2860.0,3588.5,153.90581535471682,3453.25,448.47562516109963,3692.769230769231,469.83506107503786,0.992708874098054,0.120536680255323,1.0,6.123233995736766e-17,1,True,False,False,False,False
2024-03-25,2024,3,13,3928,4175,241,1703.08,1700.91,1604.24,9.9,338.51,1,-0.0146,3584.0,3453.0,3528.0,3681.0,3390.0,2928.0,3536.0,4387.0,3288.0,3583.5,155.9711511786721,3452.5833333333335,448.3473609386017,3661.846153846154,452.20771265494284,1.0,-1.6081226496766366e-16,1.0,6.123233995736766e-17,1,True,False,False,False,False
2024-04-01,2024,4,14,4672,4516,0,1780.25,1682.72,1864.72,29.8,328.53,1,0.0077,3718.0,3483.0,3928.0,3528.0,3735.0,3365.0,3558.0,4078.0,3270.0,3718.0,165.18474505837452,3483.4166666666665,468.52465896749646,3644.1923076923076,431.2392393306313,0.992708874098054,-0.12053668025532288,0.8660254037844387,-0.4999999999999998,2,True,False,False,False,False
2024-04-08,2024,4,15,3586,3688,445,1921.65,1909.34,1784.87,76.5,333.62,1,0.0264,3952.0,3597.0,4672.0,3928.0,3681.0,2594.0,3307.0,3720.0,4428.0,3952.25,507.34365407811447,3597.1666666666665,575.3266002625813,3667.0384615384614,469.2040477889533,0.9709418174260521,-0.2393156642875575,0.8660254037844387,-0.4999999999999998,2,True,False,False,False,False
2024-04-15,2024,4,16,3522,3735,204,1945.64,1989.54,1877.48,61.4,319.54,1,0.0544,3928.0,3617.0,3586.0,4672.0,3528.0,3548.0,3346.0,3340.0,3457.0,3928.5,526.149218378209,3617.1666666666665,569.9479774239927,3661.8846153846152,469.334961572059,0.9350162426854148,-0.35460488704253545,0.8660254037844387,-0.4999999999999998,2,True,False,False,False,False
2024-04-22,2024,4,17,3491,3455,0,1805.6,1850.93,1769.66,70.2,329.75,1,0.0072,3927.0,3540.0,3522.0,3586.0,3928.0,3390.0,4451.0,4460.0,3908.0,3927.0,527.6779320759966,3539.75,505.8841270488756,3668.8846153846152,465.6851577555871,0.8854560256532099,-0.4647231720437685,0.8660254037844387,-0.4999999999999998,2,True,False,False,False,False
2024-04-29,2024,4,18,4572,4361,0,2002.3,1926.01,1967.55,51.3,322.32,1,0.0759,3818.0,3587.0,3491.0,3522.0,4672.0,3735.0,2928.0,3518.0,4036.0,3817.75,570.8720668124048,3586.6666666666665,468.73433711205945,3631.6153846153848,437.77766749098345,0.8229838658936565,-0.5680647467311557,0.8660254037844387,-0.4999999999999998,2,True,False,False,False,False
2024-05-06,2024,5,19,3889,3645,0,1811.92,1862.33,1713.64,43.0,318.08,0,0.0008,3793.0,3687.0,4572.0,3491.0,3586.0,3681.0,3365.0,3149.0,3847.0,3792.75,521.003758783626,3687.25,540.8051447106044,3672.153846153846,474.12738307823486,0.7485107481711013,-0.663122658240795,0.49999999999999994,-0.8660254037844387,2,True,False,False,False,False
2024-05-13,2024,5,20,4827,4320,0,1827.26,1848.86,1819.44,71.8,324.46,0,-0.0521,3868.0,3795.0,3889.0,4572.0,3522.0,3528.0,2594.0,3886.0,3544.0,3868.5,502.6267667630394,3795.1666666666665,418.1047788062335,3700.6153846153848,463.55971153007465,0.6631226582407952,-0.7485107481711012,0.49999999999999994,-0.8660254037844387,2,True,False,False,False,False
2024-05-20,2024,5,21,3906,3968,0,2108.77,2056.06,2086.4,61.5,330.95,0,0.1081,4195.0,3902.0,4827.0,3889.0,3491.0,3928.0,3548.0,3830.0,3827.0,4194.75,613.9502558568298,3901.75,503.6409480428078,3736.8076923076924,512.7380632822781,0.5680647467311558,-0.8229838658936564,0.49999999999999994,-0.8660254037844387,2,True,False,False,False,False
2024-05-27,2024,5,22,3537,3243,0,1803.43,1786.47,1847.6,42.6,313.91,0,-0.0479,4298.0,3945.0,3906.0,4827.0,4572.0,4672.0,3390.0,3946.0,4043.0,4298.5,474.6440771778367,3944.75,477.31619499028494,3739.730769230769,513.5066548890915,0.46472317204376906,-0.8854560256532096,0.49999999999999994,-0.8660254037844387,2,True,False,False,False,False
2024-06-03,2024,6,23,3914,3718,0,1937.27,1879.97,2066.86,61.3,315.46,0,0.0508,4040.0,3928.0,3537.0,3906.0,3889.0,3586.0,3735.0,4228.0,3485.0,4039.75,551.7048576911392,3928.25,488.51688814206176,3724.0,513.1996102882384,0.35460488704253584,-0.9350162426854147,1.2246467991473532e-16,-1.0,2,True,False,False,False,False
2024-06-10,2024,6,24,3846,4134,320,1832.82,1764.15,1880.17,100.0,317.99,0,-0.116,4046.0,3948.0,3914.0,3537.0,4827.0,3522.0,3681.0,4053.0,3550.0,4046.0,549.5652827462814,3947.6666666666665,482.3882505227796,3711.923076923077,504.4853950771555,0.23931566428755768,-0.970941817426052,1.2246467991473532e-16,-1.0,2,True,False,False,False,False
2024-06-17,2024,6,25,4053,4249,302,1800.89,1805.81,1802.72,87.6,321.4,0,-0.0528,3801.0,3974.0,3846.0,3914.0,3906.0,3491.0,3528.0,3646.0,4755.0,3800.75,178.43276044493652,3974.1666666666665,465.68343389696,3703.9615384615386,500.505063372528,0.12053668025532308,-0.992708874098054,1.2246467991473532e-16,-1.0,2,True,False,False,False,False
2024-06-24,2024,6,26,4012,3820,0,1918.15,1933.22,2040.18,82.7,317.06,0,-0.0861,3838.0,3985.0,4053.0,3846.0,3537.0,4572.0,3928.0,3536.0,4339.0,3837.5,218.071089326394,3984.5833333333335,465.9548277624724,3719.6153846153848,504.96455930475554,-3.216245299353273e-16,-1.0,1.2246467991473532e-16,-1.0,2,True,False,False,False,False
2024-07-01,2024,7,27,4553,4816,312,1830.8,1910.57,1845.03,56.2,324.8,0,-0.0128,3956.0,3930.0,4012.0,4053.0,3914.0,3889.0,4672.0,3558.0,3861.0,3956.25,93.82385979412061,3929.5833333333335,413.4294395845017,3737.923076923077,506.6671430497084,-0.12053668025532283,-0.992708874098054,-0.4999999999999997,-0.8660254037844388,3,True,False,False,False,False
2024-07-08,2024,7,28,4964,4855,61,1952.86,1919.23,2060.44,94.3,324.04,0,0.0327,4116.0,4010.0,4553.0,4012.0,3846.0,4827.0,3586.0,3307.0,4104.0,4116.0,304.76985852716274,4010.1666666666665,434.0965190816343,3776.1923076923076,529.5919198198376,-0.23931566428755743,-0.9709418174260521,-0.4999999999999997,-0.8660254037844388,3,True,False,False,False,False
2024-07-15,2024,7,29,4489,4399,0,1983.13,2031.57,1993.76,86.8,325.34,0,0.0074,4396.0,4130.0,4964.0,4553.0,4053.0,3906.0,3522.0,3346.0,3966.0,4395.5,451.80268554609853,4130.333333333333,483.4580612314796,3839.923076923077,569.0987206506034,-0.3546048870425356,-0.9350162426854148,-0.4999999999999997,-0.8660254037844388,3,True,False,False,False,False
2024-07-22,2024,7,30,4038,4171,64,2040.53,1998.45,2107.65,100.0,311.4,0,0.0425,4504.0,4214.0,4489.0,4964.0,4012.0,3537.0,3491.0,4451.0,4683.0,4504.5,389.99529911696806,4213.5,448.0201902917939,3883.8846153846152,573.5477889015402,-0.46472317204376806,-0.8854560256532101,-0.4999999999999997,-0.8660254037844388,3,True,False,False,False,False
2024-07-29,2024,7,31,5246,4967,0,1949.83,1892.21,1969.92,94.3,312.23,0,0.0018,4511.0,4169.0,4038.0,4489.0,4553.0,3914.0,4572.0,2928.0,4018.0,4511.0,379.1156375918392,4169.0,435.52037839807707,3868.0,562.8320531028769,-0.5680647467311556,-0.8229838658936566,-0.4999999999999997,-0.8660254037844388,3,True,False,False,False,False
2024-08-05,2024,8,32,5335,5315,0,1932.64,1920.83,1798.96,70.3,307.07,0,0.0053,4684.0,4282.0,5246.0,4038.0,4964.0,3846.0,3889.0,3365.0,4538.0,4684.25,532.1606117204342,4282.083333333333,523.4963676757476,3957.153846153846,590.8679508863338,-0.663122658240795,-0.7485107481711013,-0.8660254037844385,-0.5000000000000004,3,True,False,False,False,False
2024-08-12,2024,8,33,4647,4313,0,1773.03,1741.34,1656.62,99.7,310.77,0,-0.0465,4777.0,4324.0,5335.0,5246.0,4489.0,4053.0,4827.0,2594.0,3940.0,4777.0,621.929792393536,4324.416666666667,588.1192609934824,4032.923076923077,636.4486419548346,-0.7485107481711011,-0.6631226582407952,-0.8660254037844385,-0.5000000000000004,3,True,False,False,False,False
2024-08-19,2024,8,34,5015,4843,0,1894.46,1918.8,1766.07,64.6,313.77,0,0.0021,4816.0,4386.0,4647.0,5335.0,4038.0,4012.0,3906.0,3548.0,4043.0,4816.5,602.2471807046229,4386.166666666667,579.024074445859,4111.884615384615,575.1923036288345,-0.8229838658936564,-0.5680647467311559,-0.8660254037844385,-0.5000000000000004,3,True,False,False,False,False
2024-08-26,2024,8,35,4966,5269,184,1879.37,1883.63,1893.34,87.1,310.81,0,-0.0145,5061.0,4509.0,5015.0,4647.0,5246.0,4553.0,3537.0,3390.0,4690.0,5060.75,307.0356928219694,4509.333333333333,537.6941228030812,4168.307692307692,589.4415505700804,-0.8854560256532096,-0.4647231720437691,-0.8660254037844385,-0.5000000000000004,3,True,False,False,False,False
2024-09-02,2024,9,36,4901,5584,577,1754.69,1776.02,1831.99,35.8,315.59,0,0.0451,4991.0,4597.0,4966.0,5015.0,5335.0,4964.0,3914.0,3735.0,4811.0,4990.75,281.5864284134922,4597.0,517.1743156105861,4228.923076923077,587.2326232815686,-0.9350162426854147,-0.3546048870425359,-1.0,-1.8369701987210297e-16,3,True,False,False,False,False
2024-09-09,2024,9,37,4028,3853,380,1833.31,1817.46,1926.64,58.3,310.94,0,0.0276,4882.0,4685.0,4901.0,4966.0,4647.0,4489.0,3846.0,3681.0,4440.0,4882.25,163.63653829957033,4684.916666666667,464.9364488993707,4273.7692307692305,592.5028477698511,-0.970941817426052,-0.23931566428755774,-1.0,-1.8369701987210297e-16,3,True,False,False,False,False
2024-09-16,2024,9,38,3920,3798,0,1803.31,1805.92,1951.74,61.1,309.0,0,-0.0171,4728.0,4683.0,4028.0,4901.0,5015.0,4038.0,4053.0,3528.0,4332.0,4727.5,468.6651256494344,4682.833333333333,468.07086358086735,4287.115384615385,582.4392381646732,-0.992708874098054,-0.12053668025532357,-1.0,-1.8369701987210297e-16,3,True,False,False,False,False
2024-09-23,2024,9,39,4721,4528,0,1774.61,1710.59,1798.14,72.6,312.38,0,-0.0146,4454.0,4675.0,3920.0,4028.0,4966.0,5246.0,4012.0,3928.0,4387.0,4453.75,556.3526309814669,4675.166666666667,480.64215252918086,4302.192307692308,566.8683811419191,-1.0,-1.8369701987210297e-16,-1.0,-1.8369701987210297e-16,3,True,False,False,False,False
2024-09-30,2024,9,40,4344,3756,0,1775.15,1743.27,1720.76,44.8,308.34,0,-0.013,4392.0,4689.0,4721.0,3920.0,4901.0,5335.0,4553.0,4672.0,4078.0,4392.5,490.78202901084325,4689.166666666667,479.2048021715225,4332.692307692308,567.2631677964471,-0.992708874098054,0.1205366802553232,-1.0,-1.8369701987210297e-16,3,True,False,False,False,False
2024-10-07,2024,10,41,4657,4090,0,1666.85,1658.71,1686.5,40.0,310.06,0,0.0212,4253.0,4638.0,4344.0,4721.0,4028.0,4647.0,4964.0,3586.0,3720.0,4253.25,360.0086804509027,4637.5,480.30132587404864,4320.076923076923,563.0469907975288,-0.9709418174260521,0.23931566428755738,-0.8660254037844386,0.5000000000000001,4,True,False,False,False,False
2024-10-14,2024,10,42,4165,4201,0,1703.48,1733.54,1651.59,56.6,303.29,0,-0.0484,4410.0,4652.0,4657.0,4344.0,3920.0,5015.0,4489.0,3522.0,3340.0,4410.5,366.14432491391545,4651.5,478.022346377624,4361.2692307692305,546.1164386972645,-0.9350162426854148,0.35460488704253557,-0.8660254037844386,0.5000000000000001,4,True,False,False,False,False
2024-10-21,2024,10,43,3678,3497,0,1659.06,1661.8,1634.55,62.3,305.8,0,-0.0274,4472.0,4662.0,4165.0,4657.0,4721.0,4966.0,4038.0,3491.0,4460.0,4471.75,262.5888738440129,4662.083333333333,464.4170262193557,4386.0,520.550708384878,-0.8854560256532101,0.464723172043768,-0.8660254037844386,0.5000000000000001,4,True,False,False,False,False
2024-10-28,2024,10,44,3681,3617,0,1655.06,1621.7,1671.86,53.3,317.54,0,-0.0077,4211.0,4531.0,3678.0,4165.0,4344.0,4901.0,5246.0,4572.0,3518.0,4211.0,409.3938608886724,4531.416666666667,504.0825073759548,4393.192307692308,508.8504707067292,-0.822983865893657,0.5680647467311548,-0.8660254037844386,0.5000000000000001,4,True,False,False,False,False
2024-11-04,2024,11,45,3639,4118,632,1538.22,1559.19,1597.44,35.9,316.33,0,-0.0516,4045.0,4394.0,3681.0,3678.0,4657.0,4028.0,5335.0,3889.0,3149.0,4045.25,467.66396411668677,4393.583333333333,490.32242793221127,4358.923076923077,526.0392322309738,-0.7485107481711011,0.6631226582407952,-0.5000000000000004,0.8660254037844384,4,True,False,False,False,False
2024-11-11,2024,11,46,4890,5052,0,1497.77,1477.72,1439.16,23.6,310.6,0,-0.0305,3791.0,4310.0,3639.0,3681.0,4165.0,3920.0,4647.0,4827.0,3886.0,3790.75,250.23239198792865,4309.583333333333,527.8671420887786,4349.307692307692,537.1401879755973,-0.6631226582407955,0.7485107481711007,-0.5000000000000004,0.8660254037844384,4,True,False,False,False,False
2024-11-18,2024,11,47,3859,3731,0,1563.9,1564.85,1507.77,31.8,315.4,0,-0.0501,3972.0,4299.0,4890.0,3639.0,3678.0,4721.0,5015.0,3906.0,3830.0,3972.0,612.2989465939006,4299.166666666667,513.7252242790995,4351.7307692307695,539.5181226014406,-0.5680647467311559,0.8229838658936564,-0.5000000000000004,0.8660254037844384,4,True,False,False,False,False
2024-11-25,2024,11,48,4658,5058,456,1667.8,1658.11,1739.35,52.9,313.74,0,-0.033,4017.0,4207.0,3859.0,4890.0,3681.0,4344.0,4966.0,3537.0,3946.0,4017.25,589.5966841833496,4206.916666666667,481.4758482252743,4349.923076923077,541.1475897074221,-0.4647231720437684,0.88545602565321,-0.5000000000000004,0.8660254037844384,4,True,False,False,False,False
2024-12-02,2024,12,49,3404,3215,0,1550.22,1501.61,1457.67,13.8,318.63,0,0.0059,4262.0,4187.0,4658.0,3859.0,3639.0,4657.0,4901.0,3914.0,4228.0,4261.5,606.0079757450945,4186.666666666667,453.95360862965254,4393.038461538462,517.9479881817641,-0.35460488704253595,0.9350162426854147,-2.4492935982947064e-16,1.0,4,True,False,False,False,False
2024-12-09,2024,12,50,3924,4118,161,1606.33,1632.74,1662.37,56.1,318.11,0,0.0165,4203.0,4135.0,3404.0,4658.0,4890.0,4165.0,4028.0,3846.0,4053.0,4202.75,691.7925387474681,4134.666666666667,506.4813257498623,4373.423076923077,545.7277103521061,-0.2393156642875578,0.970941817426052,-2.4492935982947064e-16,1.0,4,True,False,False,False,False
2024-12-16,2024,12,51,3923,3585,0,1628.16,1615.93,1543.18,42.5,313.16,0,-0.0113,3961.0,4135.0,3924.0,3404.0,3859.0,3678.0,3920.0,4053.0,3646.0,3961.25,518.9189885393163,4135.0,506.3284955980162,4376.423076923077,542.9195279653811,-0.12053668025532363,0.992708874098054,-2.4492935982947064e-16,1.0,4,True,False,False,False,False
2024-12-23,2024,12,52,3533,4050,604,1461.42,1444.9,1570.8,6.7,319.69,0,-0.03,3977.0,4068.0,3923.0,3924.0,4658.0,3681.0,4721.0,4012.0,3536.0,3977.25,515.6920107971428,4068.5,473.72172498976386,4371.423076923077,546.6033423298401,6.432490598706546e-16,1.0,-2.4492935982947064e-16,1.0,4,True,False,False,False,False
2022-01-03,2022,1,1,3937,4082,0,1722.17,1739.84,1704.29,22.9,316.15,0,0.0133,3334.0,3800.0,3493.0,3602.0,2955.0,4462.0,4465.0,4722.0,4067.0,3333.5,284.7484269783876,3800.1666666666665,745.7424407117949,4356.692307692308,827.038609460563,0.12053668025532305,0.992708874098054,0.49999999999999994,0.8660254037844387,1,False,True,False,False,False
2022-01-10,2022,1,2,4282,4246,154,1717.12,1654.25,1752.23,0.0,317.24,0,0.04,3579.0,3824.0,3937.0,3493.0,3284.0,5049.0,3645.0,4938.0,3432.0,3579.0,272.7110803273913,3824.5,744.9826721596811,4326.5,827.4977341358706,0.23931566428755774,0.970941817426052,0.49999999999999994,0.8660254037844387,1,False,True,False,False,False
2022-01-17,2022,1,3,3861,4171,0,1540.03,1530.51,1493.7,31.4,315.51,0,-0.0602,3828.0,3837.0,4282.0,3937.0,3602.0,3656.0,4137.0,4564.0,3369.0,3828.5,356.5094669149748,3836.5833333333335,751.6581014764283,4301.2692307692305,818.0540108179804,0.3546048870425356,0.9350162426854148,0.49999999999999994,0.8660254037844387,1,False,True,False,False,False
2022-01-24,2022,1,4,3666,3616,0,1598.21,1566.66,1589.82,0.0,312.7,0,-0.0356,3893.0,3733.0,3861.0,4282.0,3493.0,3410.0,5105.0,5221.0,3617.0,3893.25,323.6668812220359,3732.9166666666665,638.0113219761022,4274.2307692307695,820.6365971703822,0.4647231720437685,0.8854560256532099,0.49999999999999994,0.8660254037844387,1,False,True,False,False,False
2022-01-31,2022,1,5,3917,3759,120,1903.91,1858.46,1973.91,26.4,314.22,0,0.0388,3936.0,3805.0,3666.0,3861.0,3937.0,2955.0,2804.0,5789.0,3813.0,3936.5,257.0609525644314,3804.75,568.6758343251904,4214.423076923077,805.3988414730636,0.5680647467311558,0.8229838658936564,0.49999999999999994,0.8660254037844387,1,False,True,False,False,False
2022-02-07,2022,2,6,3788,3680,0,1866.12,1876.58,1805.69,5.5,315.57,0,0.0646,3932.0,3759.0,3917.0,3666.0,4282.0,3284.0,4462.0,4163.0,3105.0,3931.5,257.24242781210523,3759.3333333333335,531.9932216474047,4142.423076923077,740.0288196051237,0.6631226582407952,0.7485107481711011,0.8660254037844386,0.5000000000000001,1,False,True,False,False,False
2022-02-14,2022,2,7,2760,2883,0,1591.5,1586.15,1561.45,15.9,315.59,0,-0.072,3808.0,3654.0,3788.0,3917.0,3861.0,3602.0,5049.0,5411.0,2796.0,3808.0,108.40356697698104,3654.25,346.1812780505663,4128.0,743.2590396355761,0.7485107481711011,0.6631226582407953,0.8660254037844386,0.5000000000000001,1,False,True,False,False,False
2022-02-21,2022,2,8,3397,3275,152,1708.37,1751.49,1646.48,40.9,320.18,0,-0.0012,3533.0,3580.0,2760.0,3788.0,3666.0,3493.0,3656.0,4750.0,3445.0,3532.75,525.2614428390236,3579.5833333333335,431.80750305774626,4026.0384615384614,742.0481106111226,0.8229838658936564,0.5680647467311559,0.8660254037844386,0.5000000000000001,1,False,True,False,False,False
2022-02-28,2022,2,9,4090,4216,0,1715.58,1748.28,1750.79,3.3,318.1,0,-0.0389,3466.0,3578.0,3397.0,2760.0,3917.0,3937.0,3410.0,4881.0,4995.0,3465.5,519.7053652471429,3578.5,432.28767778370946,3974.0,736.66942382591,0.8854560256532099,0.4647231720437686,0.8660254037844386,0.5000000000000001,1,False,True,False,False,False
2022-03-07,2022,3,10,3712,3725,68,1813.87,1741.18,1859.97,47.4,320.94,1,-0.0376,3509.0,3673.0,4090.0,3397.0,3788.0,4282.0,2955.0,5702.0,4436.0,3508.75,574.1506045165033,3673.0833333333335,406.8869528803286,3943.576923076923,713.6886813213112,0.9350162426854148,0.35460488704253557,1.0,6.123233995736766e-17,1,False,True,False,False,False
2022-03-14,2022,3,11,3957,3884,0,1885.54,1916.66,1820.14,34.9,320.81,1,0.0,3490.0,3709.0,3712.0,4090.0,2760.0,3861.0,3284.0,3787.0,3744.0,3489.75,562.9780191090941,3708.75,388.00073219236924,3867.0384615384614,617.836643831957,0.970941817426052,0.23931566428755804,1.0,6.123233995736766e-17,1,False,True,False,False,False
2022-03-21,2022,3,12,3810,3693,0,1760.08,1679.25,1721.32,35.0,325.87,1,-0.018,3789.0,3738.0,3957.0,3712.0,3397.0,3666.0,3602.0,4455.0,3656.0,3789.0,304.6407720578445,3738.3333333333335,392.6275897621317,3873.576923076923,617.8552693359115,0.992708874098054,0.120536680255323,1.0,6.123233995736766e-17,1,False,True,False,False,False
2022-03-28,2022,3,13,3074,3038,446,1822.05,1813.72,1749.58,20.0,326.83,1,0.0016,3892.0,3765.0,3810.0,3957.0,4090.0,3917.0,3493.0,4824.0,4129.0,3892.25,165.88424679074538,3764.75,385.2147276047906,3848.769230769231,606.4195450473068,1.0,-1.6081226496766366e-16,1.0,6.123233995736766e-17,1,False,True,False,False,False
2022-04-04,2022,4,14,5501,5507,52,2043.62,1976.46,2029.24,26.0,319.11,1,0.0596,3638.0,3693.0,3074.0,3810.0,3712.0,3788.0,3937.0,4465.0,4592.0,3638.25,389.4084188441055,3692.8333333333335,428.28364291422014,3781.4615384615386,590.7629122258235,0.992708874098054,-0.12053668025532288,0.8660254037844387,-0.4999999999999998,2,False,True,False,False,False
2022-04-11,2022,4,15,3462,3780,33,2115.72,2108.09,2231.9,50.1,322.28,1,0.0809,4086.0,3794.0,5501.0,3074.0,3957.0,2760.0,4282.0,3645.0,4274.0,4085.5,1019.6706984773726,3794.4166666666665,661.6930706127777,3821.3076923076924,668.5305539303789,0.9709418174260521,-0.2393156642875575,0.8660254037844387,-0.4999999999999998,2,False,True,False,False,False
2022-04-18,2022,4,16,4635,5218,533,2026.15,2036.92,1990.76,63.2,320.8,1,0.0242,3962.0,3761.0,3462.0,5501.0,3810.0,3397.0,3861.0,4137.0,5484.0,3961.75,1069.2939648821239,3761.1666666666665,668.0375375045538,3814.269230769231,671.4181146017602,0.9350162426854148,-0.35460488704253545,0.8660254037844387,-0.4999999999999998,2,False,True,False,False,False
2022-04-25,2022,4,17,4578,4993,124,2031.92,2024.23,2106.83,51.6,318.26,1,0.0647,4168.0,3842.0,4635.0,3462.0,3074.0,4090.0,3666.0,5105.0,4274.0,4168.0,1109.0912195727333,3841.9166666666665,712.5687792427564,3833.423076923077,687.8942461208349,0.8854560256532099,-0.4647231720437685,0.8660254037844387,-0.4999999999999998,2,False,True,False,False,False
2022-05-02,2022,5,18,4427,4303,0,1898.93,1873.2,1989.63,75.0,324.62,0,-0.046,4544.0,3897.0,4578.0,4635.0,5501.0,3712.0,3917.0,2804.0,3841.0,4544.0,835.8648216069386,3897.0,743.7660922628814,3813.153846153846,655.9502232522016,0.8229838658936565,-0.5680647467311557,0.49999999999999994,-0.8660254037844387,2,False,True,False,False,False
2022-05-09,2022,5,19,5181,4989,0,2121.42,2149.67,2157.19,91.9,322.88,0,-0.0128,4276.0,3950.0,4427.0,4578.0,3462.0,3957.0,3788.0,4462.0,4917.0,4275.5,549.3878411468525,3950.25,757.9913797782789,3875.576923076923,632.8939989019898,0.7485107481711013,-0.663122658240795,0.49999999999999994,-0.8660254037844387,2,False,True,False,False,False
2022-05-16,2022,5,20,4721,5021,423,1937.08,1903.65,1990.81,32.7,326.52,0,-0.021,4705.0,4152.0,5181.0,4427.0,4635.0,3810.0,2760.0,5049.0,4460.0,4705.25,329.08395585321244,4152.0,734.2079219998041,3903.230769230769,673.920607056486,0.6631226582407952,-0.7485107481711012,0.49999999999999994,-0.8660254037844387,2,False,True,False,False,False
2022-05-23,2022,5,21,4970,4955,0,2015.66,1976.81,1938.49,45.1,318.16,0,-0.0144,4727.0,4262.0,4721.0,5181.0,4578.0,3074.0,3397.0,3656.0,4483.0,4726.75,325.7569390409549,4262.333333333333,709.5023010191813,3890.6153846153848,654.4018995646668,0.5680647467311558,-0.8229838658936564,0.49999999999999994,-0.8660254037844387,2,False,True,False,False,False
2022-05-30,2022,5,22,5072,5239,235,1937.81,1902.25,2016.69,77.3,327.02,0,-0.0459,4825.0,4336.0,4970.0,4721.0,4427.0,5501.0,4090.0,3410.0,4367.0,4824.75,325.05422624540523,4335.666666666667,735.0874200743153,3941.153846153846,685.5556982365574,0.46472317204376906,-0.8854560256532096,0.49999999999999994,-0.8660254037844387,2,False,True,False,False,False
2022-06-06,2022,6,23,4693,4498,0,2043.73,2055.76,2024.57,86.3,315.83,0,-0.0517,4986.0,4449.0,5072.0,4970.0,5181.0,3462.0,3712.0,2955.0,5045.0,4986.0,196.55533571999294,4449.0,735.03135369118,4005.076923076923,711.0587555512923,0.35460488704253584,-0.9350162426854147,1.2246467991473532e-16,-1.0,2,False,True,False,False,False
2022-06-13,2022,6,24,6041,6763,568,2079.32,2108.14,2028.93,72.5,324.56,0,0.0289,4864.0,4510.0,4693.0,5072.0,4721.0,4635.0,3957.0,3284.0,4338.0,4864.0,186.35986692418282,4510.333333333333,720.8147326379201,4071.923076923077,689.7684204471474,0.23931566428755768,-0.970941817426052,1.2246467991473532e-16,-1.0,2,False,True,False,False,False
2022-06-20,2022,6,25,5098,5198,117,1997.95,2019.88,1977.57,56.1,318.6,0,-0.054,5194.0,4696.0,6041.0,4693.0,4970.0,4578.0,3810.0,3602.0,4755.0,5194.0,586.9327048308,4696.25,806.3952476636643,4177.961538461538,770.937220830294,0.12053668025532308,-0.992708874098054,1.2246467991473532e-16,-1.0,2,False,True,False,False,False
2022-06-27,2022,6,26,4711,4999,705,2144.04,2162.61,2025.89,72.7,313.51,0,-0.0503,5226.0,4865.0,5098.0,6041.0,5072.0,4427.0,3074.0,3493.0,4225.0,5226.0,573.9959349449545,4864.916666666667,628.2249826199811,4235.5,781.9786825738917,-3.216245299353273e-16,-1.0,1.2246467991473532e-16,-1.0,2,False,True,False,False,False
2022-07-04,2022,7,27,5253,5375,111,2319.64,2332.66,2482.81,63.3,321.22,0,0.1048,5136.0,4799.0,4711.0,5098.0,4693.0,5181.0,5501.0,3937.0,4722.0,5135.75,631.754897092218,4799.083333333333,596.0790762570954,4282.346153846154,772.139932515224,-0.12053668025532283,-0.992708874098054,-0.4999999999999997,-0.8660254037844388,3,False,True,False,False,False
2022-07-11,2022,7,28,5302,5492,323,1989.46,1944.19,1973.43,93.5,319.12,0,-0.0882,5276.0,4948.0,5253.0,4711.0,6041.0,4721.0,3462.0,4282.0,4938.0,5275.75,558.7673188963951,4948.333333333333,432.6824015442009,4332.961538461538,791.4871309513111,-0.23931566428755743,-0.9709418174260521,-0.4999999999999997,-0.8660254037844388,3,False,True,False,False,False
2022-07-18,2022,7,29,4854,4444,0,2189.08,2141.37,2120.36,76.7,307.37,0,0.0724,5091.0,5004.0,5302.0,5253.0,5098.0,4970.0,4635.0,3861.0,4564.0,5091.0,267.8395041811403,5003.916666666667,431.6125068398764,4372.192307692308,813.8235690482679,-0.3546048870425356,-0.9350162426854148,-0.4999999999999997,-0.8660254037844388,3,False,True,False,False,False
2022-07-25,2022,7,30,4968,5170,141,2044.77,1980.78,2052.57,64.9,300.69,0,-0.0216,5030.0,5027.0,4854.0,5302.0,4711.0,5072.0,4578.0,3666.0,5221.0,5030.0,292.3753295566034,5026.916666666667,413.8406496869653,4410.384615384615,812.172793285915,-0.46472317204376806,-0.8854560256532101,-0.4999999999999997,-0.8660254037844388,3,False,True,False,False,False
2022-08-01,2022,8,31,5229,4789,0,2132.33,2097.43,2263.03,76.3,307.7,0,0.0058,5094.0,5072.0,4968.0,4854.0,5253.0,4693.0,4427.0,3917.0,5789.0,5094.25,217.57814688060725,5072.0,369.6541381050371,4460.461538461538,804.5431613416014,-0.5680647467311556,-0.8229838658936566,-0.8660254037844385,-0.5000000000000004,3,False,True,False,False,False
2022-08-08,2022,8,32,4861,4931,0,2110.66,2134.22,1897.1,82.2,310.79,0,0.0342,5088.0,5076.0,5229.0,4968.0,5302.0,6041.0,5181.0,3788.0,4163.0,5088.25,212.00058962181947,5076.0,371.19732561731973,4510.923076923077,810.2181890368504,-0.663122658240795,-0.7485107481711013,-0.8660254037844385,-0.5000000000000004,3,False,True,False,False,False
2022-08-15,2022,8,33,5057,5202,319,1957.2,1947.17,1938.29,52.8,305.11,0,-0.0071,4978.0,5088.0,4861.0,5229.0,4854.0,5098.0,4721.0,2760.0,5411.0,4978.0,175.27692375209895,5087.666666666667,361.08783452564575,4552.192307692308,799.1743749260615,-0.7485107481711011,-0.6631226582407952,-0.8660254037844385,-0.5000000000000004,3,False,True,False,False,False
2022-08-22,2022,8,34,4747,5242,430,1945.87,1924.48,1936.78,74.8,302.6,0,-0.071,5029.0,5095.0,5057.0,4861.0,4968.0,4711.0,4970.0,3397.0,4750.0,5028.75,155.70137015025202,5094.916666666667,359.3798846835301,4640.538461538462,715.7356624212168,-0.8229838658936564,-0.5680647467311559,-0.8660254037844385,-0.5000000000000004,3,False,True,False,False,False
2022-08-29,2022,8,35,5104,4767,0,2109.1,2171.4,2010.58,73.6,307.55,0,0.0888,4974.0,5068.0,4747.0,5057.0,5229.0,5253.0,5072.0,4090.0,4881.0,4973.5,213.08136161256758,5067.833333333333,373.2427514569405,4692.461538461538,669.3814596039675,-0.8854560256532096,-0.4647231720437691,-0.8660254037844385,-0.5000000000000004,3,False,True,False,False,False
2022-09-05,2022,9,36,4415,4492,39,1907.59,1872.88,1836.13,33.7,302.57,0,0.0183,4942.0,5102.0,5104.0,4747.0,4861.0,5302.0,4693.0,3712.0,5702.0,4942.25,167.38652872916362,5102.083333333333,354.0856235261108,4731.461538461538,662.3789387212867,-0.9350162426854147,-0.3546048870425359,-1.0,-1.8369701987210297e-16,3,False,True,False,False,False
2022-09-12,2022,9,37,4594,4692,0,1775.3,1759.32,1864.57,76.3,302.97,0,-0.0607,4831.0,4967.0,4415.0,5104.0,5057.0,4854.0,6041.0,3957.0,3787.0,4830.75,319.22653920583167,4966.583333333333,261.00137872617773,4758.5,632.7869941773452,-0.970941817426052,-0.23931566428755774,-1.0,-1.8369701987210297e-16,3,False,True,False,False,False
2022-09-19,2022,9,38,4652,4742,0,1926.69,1908.71,1976.05,40.4,302.78,0,-0.0092,4715.0,4925.0,4594.0,4415.0,4747.0,4968.0,5098.0,3810.0,4455.0,4715.0,292.68071340626295,4924.583333333333,277.93375873114127,4783.0,612.5205629201353,-0.992708874098054,-0.12053668025532357,-1.0,-1.8369701987210297e-16,3,False,True,False,False,False
2022-09-26,2022,9,39,5386,5112,0,1899.97,1934.6,1908.01,64.0,297.73,0,-0.0765,4691.0,4920.0,4652.0,4594.0,5104.0,5229.0,4711.0,3074.0,4824.0,4691.25,293.07265879527614,4919.666666666667,282.53924372097464,4815.384615384615,580.4377711295548,-1.0,-1.8369701987210297e-16,-1.0,-1.8369701987210297e-16,3,False,True,False,False,False
2022-10-03,2022,10,40,3919,3896,242,2016.85,1954.44,2104.2,58.3,297.87,0,0.0755,4762.0,4931.0,5386.0,4652.0,4415.0,4861.0,5253.0,5501.0,4465.0,4761.75,428.2167480766397,4930.75,298.936638163273,4904.307692307692,469.4802035639636,-0.992708874098054,0.1205366802553232,-0.8660254037844386,0.5000000000000001,4,False,True,False,False,False
2022-10-10,2022,10,41,4053,4107,196,1796.23,1818.15,1807.51,52.6,299.86,0,-0.0137,4638.0,4816.0,3919.0,5386.0,4594.0,5057.0,5302.0,3462.0,3645.0,4637.75,599.6100816363905,4815.5,394.20979647436474,4843.461538461538,491.0732108978638,-0.9709418174260521,0.23931566428755738,-0.8660254037844386,0.5000000000000001,4,False,True,False,False,False
2022-10-17,2022,10,42,5372,5621,359,1857.36,1917.98,1802.9,31.0,313.45,0,0.0277,4502.0,4749.0,4053.0,3919.0,4652.0,4747.0,4854.0,4635.0,4137.0,4502.5,669.6877381785227,4748.75,450.84488866611355,4866.192307692308,435.05319391823895,-0.9350162426854148,0.35460488704253557,-0.8660254037844386,0.5000000000000001,4,False,True,False,False,False
2022-10-24,2022,10,43,4443,3944,0,2006.26,1954.37,2052.19,66.1,301.7,0,0.066,4682.0,4782.0,5372.0,4053.0,5386.0,5104.0,4968.0,4578.0,5105.0,4682.5,806.1275746844699,4782.416666666667,482.6669204126202,4894.538461538462,443.3185067888974,-0.8854560256532101,0.464723172043768,-0.8660254037844386,0.5000000000000001,4,False,True,False,False,False
2022-10-31,2022,10,44,3169,3150,0,1917.31,1907.05,1982.25,64.3,300.79,0,0.0177,4447.0,4717.0,4443.0,5372.0,3919.0,4415.0,5229.0,4427.0,2804.0,4446.75,655.6576215271699,4716.916666666667,469.7121862149041,4889.346153846154,447.9407052106502,-0.822983865893657,0.5680647467311548,-0.8660254037844386,0.5000000000000001,4,False,True,False,False,False
2022-11-07,2022,11,45,3412,3257,0,1760.42,1714.05,1815.07,28.8,301.84,0,-0.0039,4259.0,4576.0,3169.0,4443.0,4053.0,4594.0,4861.0,5181.0,4462.0,4259.25,913.4478182505368,4575.916666666667,644.1088923089889,4840.961538461538,555.0218360222756,-0.7485107481711011,0.6631226582407952,-0.5000000000000004,0.8660254037844384,4,False,True,False,False,False
2022-11-14,2022,11,46,4493,4735,332,1729.24,1705.83,1675.8,38.3,313.76,0,0.017,4099.0,4439.0,3412.0,3169.0,5372.0,4652.0,5057.0,4721.0,5049.0,4099.0,1012.5436616100393,4438.833333333333,704.6209597859655,4772.923076923077,616.6741715413036,-0.6631226582407955,0.7485107481711007,-0.5000000000000004,0.8660254037844384,4,False,True,False,False,False
2022-11-21,2022,11,47,4183,4902,385,1580.98,1586.82,1640.29,37.8,313.31,0,-0.0512,3879.0,4418.0,4493.0,3412.0,4443.0,5386.0,4747.0,4970.0,3656.0,3879.25,687.3331918848862,4417.666666666667,698.3089096763206,4764.153846153846,619.0585556993899,-0.5680647467311559,0.8229838658936564,-0.5000000000000004,0.8660254037844384,4,False,True,False,False,False
2022-11-28,2022,11,48,4443,4198,26,1710.38,1680.52,1770.68,38.5,312.5,0,-0.0151,3814.0,4341.0,4183.0,4493.0,3169.0,3919.0,5104.0,5072.0,3410.0,3814.25,625.7877036184069,4340.916666666667,665.8772011187166,4733.884615384615,627.7701061326873,-0.4647231720437684,0.88545602565321,-0.5000000000000004,0.8660254037844384,4,False,True,False,False,False
2022-12-05,2022,12,49,4041,4128,439,1643.91,1680.1,1713.7,10.0,311.44,0,0.0135,4133.0,4343.0,4443.0,4183.0,3412.0,4053.0,4415.0,4693.0,2955.0,4132.75,499.34648959081073,4343.25,666.2093753604648,4709.692307692308,626.3372107247507,-0.35460488704253595,0.9350162426854147,-2.4492935982947064e-16,1.0,4,False,True,False,False,False
2022-12-12,2022,12,50,4589,4783,145,1709.24,1704.15,1743.62,45.0,304.79,0,0.023,4290.0,4297.0,4041.0,4443.0,4493.0,5372.0,4594.0,6041.0,3284.0,4290.0,214.5289413264925,4297.166666666667,666.4137171639264,4684.615384615385,639.9368141885926,-0.2393156642875578,0.970941817426052,-2.4492935982947064e-16,1.0,4,False,True,False,False,False
2022-12-19,2022,12,51,4523,5013,153,1676.04,1673.44,1595.91,26.7,314.71,0,-0.021,4314.0,4292.0,4589.0,4041.0,4183.0,4443.0,4652.0,5098.0,3602.0,4314.0,247.6260621717061,4291.916666666667,663.6064631080586,4628.7692307692305,577.1049337992041,-0.12053668025532363,0.992708874098054,-2.4492935982947064e-16,1.0,4,False,True,False,False,False
2022-12-26,2022,12,52,2458,2558,125,1697.95,1694.59,1727.56,31.4,316.79,0,-0.0162,4399.0,4220.0,4523.0,4589.0,4443.0,3169.0,5386.0,4711.0,3493.0,4399.0,246.01896945831697,4220.0,575.1225956263586,4606.653846153846,569.3696825302648,6.432490598706546e-16,1.0,-2.4492935982947064e-16,1.0,4,False,True,False,False,False
2023-01-02,2023,1,1,3064,3117,82,1856.7,1878.01,1761.91,18.5,326.56,0,0.0209,3903.0,4098.0,2458.0,4523.0,4041.0,3412.0,3919.0,5253.0,3937.0,3902.75,993.6573436887917,4098.25,767.2022519874055,4520.0,707.534875465513,0.12053668025532305,0.992708874098054,0.49999999999999994,0.8660254037844387,1,False,True,False,False,False
2023-01-09,2023,1,2,3812,3823,0,1622.6,1615.5,1616.67,13.8,317.12,0,-0.0535,3658.0,4016.0,3064.0,2458.0,4589.0,4493.0,4053.0,5302.0,4282.0,3658.5,1065.8050165641612,4015.8333333333335,823.5570116969154,4435.807692307692,746.0158185577974,0.23931566428755774,0.970941817426052,0.49999999999999994,0.8660254037844387,1,False,True,False,False,False
2023-01-16,2023,1,3,3581,3286,0,1704.55,1706.09,1708.04,14.6,323.6,0,-0.0073,3464.0,3886.0,3812.0,3064.0,4523.0,4183.0,5372.0,4854.0,3861.0,3464.25,897.1474702262344,3885.8333333333335,704.5480606012428,4378.5,733.9468236868383,0.3546048870425356,0.9350162426854148,0.49999999999999994,0.8660254037844387,1,False,True,False,False,False
2023-01-23,2023,1,4,3059,3050,0,2032.28,2097.09,2087.47,18.4,312.7,0,0.0743,3229.0,3814.0,3581.0,3812.0,2458.0,4443.0,4443.0,4968.0,3666.0,3228.75,601.5144082508184,3814.0,686.2835353620939,4329.538461538462,743.3579611879712,0.4647231720437685,0.8854560256532099,0.49999999999999994,0.8660254037844387,1,False,True,False,False,False
2023-01-30,2023,1,5,3512,3788,340,1906.21,1914.76,1975.14,20.8,321.19,0,0.0383,3379.0,3805.0,3059.0,3581.0,3064.0,4041.0,3169.0,5229.0,3917.0,3379.0,378.55778951171897,3804.8333333333335,696.3428927205531,4256.115384615385,771.5178974941832,0.5680647467311558,0.8229838658936564,0.49999999999999994,0.8660254037844387,1,False,True,False,False,False
2023-02-06,2023,2,6,3820,3999,20,1872.03,1845.11,2025.52,29.1,319.99,0,0.0403,3491.0,3813.0,3512.0,3059.0,3812.0,4589.0,3412.0,4861.0,3788.0,3491.0,315.28082720013106,3813.1666666666665,691.7978991969669,4190.076923076923,758.2825817900293,0.6631226582407952,0.7485107481711011,0.8660254037844386,0.5000000000000001,1,False,True,False,False,False
2023-02-13,2023,2,7,3623,3703,55,1903.52,1919.57,1923.84,14.5,320.95,0,0.0239,3493.0,3757.0,3820.0,3512.0,3581.0,4523.0,4493.0,5057.0,2760.0,3493.0,318.00943382233004,3757.0833333333335,658.1348933758123,4150.038461538462,748.8644993999496,0.7485107481711011,0.6631226582407953,0.8660254037844386,0.5000000000000001,1,False,True,False,False,False
2023-02-20,2023,2,8,3925,4167,416,1934.23,1957.07,1923.23,41.9,316.75,0,0.0125,3504.0,3710.0,3623.0,3820.0,3059.0,2458.0,4183.0,4747.0,3397.0,3503.5,322.54457056350975,3710.4166666666665,644.9099244127548,4094.8846153846152,732.012312843059,0.8229838658936564,0.5680647467311559,0.8660254037844386,0.5000000000000001,1,False,True,False,False,False
2023-02-27,2023,2,9,3480,3305,0,1783.44,1821.43,1887.07,29.0,328.5,0,-0.0229,3720.0,3667.0,3925.0,3623.0,3512.0,3064.0,4443.0,5104.0,4090.0,3720.0,186.81363262174494,3667.25,607.6784623765832,4063.269230769231,720.3795975840674,0.8854560256532099,0.4647231720437686,0.8660254037844386,0.5000000000000001,1,False,True,False,False,False
2023-03-06,2023,3,10,4649,4521,0,1656.4,1661.21,1708.95,47.9,320.36,1,-0.0926,3712.0,3620.0,3480.0,3925.0,3820.0,3812.0,4041.0,4415.0,3712.0,3712.0,198.97906087492126,3620.5,597.8104746793659,4000.8076923076924,696.5432948054697,0.9350162426854148,0.35460488704253557,1.0,6.123233995736766e-17,1,False,True,False,False,False
2023-03-13,2023,3,11,4934,4770,36,1893.07,1856.14,1991.78,47.3,326.18,1,-0.0325,3919.0,3626.0,4649.0,3480.0,3623.0,3581.0,4589.0,4594.0,3957.0,3919.25,520.6639191135349,3625.5,606.8301394804179,4009.8076923076924,703.5852766640726,0.970941817426052,0.23931566428755804,1.0,6.123233995736766e-17,1,False,True,False,False,False
2023-03-20,2023,3,12,3769,3493,0,1842.77,1805.33,1740.42,32.5,326.52,1,-0.013,4247.0,3660.0,4934.0,4649.0,3925.0,3059.0,4523.0,4652.0,3810.0,4247.0,664.7169823817243,3659.75,670.3635546884618,4022.8846153846152,717.8916534922552,0.992708874098054,0.120536680255323,1.0,6.123233995736766e-17,1,False,True,False,False,False
2023-03-27,2023,3,13,3960,3865,152,2007.36,2048.96,1893.1,42.2,324.71,1,0.0473,4208.0,3769.0,3769.0,4934.0,3480.0,3512.0,2458.0,5386.0,3074.0,4208.0,693.8448433667758,3769.0,553.3177617378185,3988.923076923077,707.7540207205833,1.0,-1.6081226496766366e-16,1.0,6.123233995736766e-17,1,False,True,False,False,False
2023-04-03,2023,4,14,5894,5943,248,1955.44,1926.95,1980.43,49.9,324.77,1,-0.0316,4328.0,3844.0,3960.0,3769.0,4649.0,3820.0,3064.0,3919.0,5501.0,4328.0,553.2274999190347,3843.6666666666665,508.14463462381735,3934.076923076923,647.8794902187842,0.992708874098054,-0.12053668025532288,0.8660254037844387,-0.4999999999999998,2,False,True,False,False,False
2023-04-10,2023,4,15,4688,4651,296,2079.87,2097.73,2111.45,65.0,332.79,1,-0.0157,4639.0,4017.0,5894.0,3960.0,4934.0,3623.0,3812.0,4053.0,3462.0,4639.25,979.7943236550544,4017.1666666666665,779.3912348555754,4010.0384615384614,753.2527586816635,0.9709418174260521,-0.2393156642875575,0.8660254037844387,-0.4999999999999998,2,False,True,False,False,False
2023-04-17,2023,4,16,5336,5355,96,2080.53,2144.11,2154.39,32.3,326.52,1,0.0185,4578.0,4109.0,4688.0,5894.0,3769.0,3925.0,3581.0,5372.0,4635.0,4577.75,962.697728607825,4109.416666666667,788.5321758966106,4034.4615384615386,764.9057578954001,0.9350162426854148,-0.35460488704253545,0.8660254037844387,-0.4999999999999998,2,False,True,False,False,False
2023-04-24,2023,4,17,5087,4510,0,2082.89,2057.55,2113.14,78.4,325.6,1,-0.0293,4970.0,4299.0,5336.0,4688.0,3960.0,3480.0,3059.0,4443.0,4578.0,4969.5,834.1372788696109,4299.166666666667,786.7472544751851,4033.076923076923,762.4162602188858,0.8854560256532099,-0.4647231720437685,0.8660254037844387,-0.4999999999999998,2,False,True,False,False,False
2023-05-01,2023,5,18,5308,5032,0,2002.21,1989.38,2133.83,34.0,325.05,0,0.03,5251.0,4430.0,5087.0,5336.0,5894.0,4649.0,3512.0,3169.0,4427.0,5251.25,504.8229887792343,4430.416666666667,774.7735690724945,4057.846153846154,786.35181400224,0.8229838658936565,-0.5680647467311557,0.49999999999999994,-0.8660254037844387,2,False,True,False,False,False
2023-05-08,2023,5,19,4485,3721,0,2104.55,2140.84,1985.33,61.1,332.32,0,-0.0312,5105.0,4554.0,5308.0,5087.0,4688.0,4934.0,3820.0,3412.0,5181.0,5104.75,299.32298608693407,4554.416666666667,787.1725533756089,4140.115384615385,801.3886111954951,0.7485107481711013,-0.663122658240795,0.49999999999999994,-0.8660254037844387,2,False,True,False,False,False
2023-05-15,2023,5,20,4723,4776,112,2073.8,2087.01,1991.54,76.2,325.03,0,-0.0095,5054.0,4626.0,4485.0,5308.0,5336.0,3769.0,3623.0,4493.0,4721.0,5054.0,395.3437322971816,4626.25,731.8350689751172,4181.384615384615,789.9393433383633,0.6631226582407952,-0.7485107481711012,0.49999999999999994,-0.8660254037844387,2,False,True,False,False,False
2023-05-22,2023,5,21,5035,5056,0,2063.18,2087.75,2014.5,68.3,329.0,0,-0.0045,4901.0,4693.0,4723.0,4485.0,5087.0,3960.0,3925.0,4183.0,4970.0,4900.75,367.4165438118779,4692.75,697.7854743270414,4190.2307692307695,794.8411820076908,0.5680647467311558,-0.8229838658936564,0.49999999999999994,-0.8660254037844387,2,False,True,False,False,False
2023-05-29,2023,5,22,5199,5532,587,1971.19,2036.48,1952.03,51.8,330.92,0,-0.0438,4888.0,4822.0,5035.0,4723.0,5308.0,5894.0,3480.0,4443.0,5072.0,4887.75,359.4638368459322,4822.333333333333,587.817277319361,4223.0,811.9107340095944,0.46472317204376906,-0.8854560256532096,0.49999999999999994,-0.8660254037844387,2,False,True,False,False,False
2023-06-05,2023,6,23,5097,5339,182,2148.56,2137.02,1990.74,77.2,321.01,0,-0.026,4860.0,4868.0,5199.0,5035.0,4485.0,4688.0,4649.0,4041.0,4693.0,4860.5,318.8202210232787,4868.166666666667,594.4780496495613,4252.076923076923,833.3587425869799,0.35460488704253584,-0.9350162426854147,1.2246467991473532e-16,-1.0,2,False,True,False,False,False
2023-06-12,2023,6,24,4424,3625,0,2086.85,2066.15,2178.45,95.2,307.76,0,0.0105,5014.0,4882.0,5097.0,5199.0,4723.0,5336.0,4934.0,4589.0,6041.0,5013.5,205.13004005589292,4881.75,597.970982117477,4292.692307692308,848.259902116362,0.23931566428755768,-0.970941817426052,1.2246467991473532e-16,-1.0,2,False,True,False,False,False
2023-06-19,2023,6,25,4593,4966,250,2101.08,2112.7,2101.8,83.8,328.14,0,-0.0549,4939.0,4936.0,4424.0,5097.0,5035.0,5087.0,3769.0,4523.0,5098.0,4938.75,349.7640871597105,4936.333333333333,510.68872094159644,4286.346153846154,846.5699707552908,0.12053668025532308,-0.992708874098054,1.2246467991473532e-16,-1.0,2,False,True,False,False,False
2023-06-26,2023,6,26,4957,4939,80,2336.56,2323.16,2407.55,74.6,313.22,0,0.057,4828.0,4989.0,4593.0,4424.0,5199.0,5308.0,3960.0,2458.0,4711.0,4828.25,377.90772683288566,4989.083333333333,426.4113375461217,4289.038461538462,847.4635322310554,-3.216245299353273e-16,-1.0,1.2246467991473532e-16,-1.0,2,False,True,False,False,False
2023-07-03,2023,7,27,4777,4813,0,2170.67,2223.05,2038.07,73.5,309.08,0,0.0203,4768.0,4911.0,4957.0,4593.0,5097.0,4485.0,5894.0,3064.0,5253.0,4767.75,312.47546570357423,4911.0,317.53081453901837,4385.153846153846,769.6269066142463,-0.12053668025532283,-0.992708874098054,-0.4999999999999997,-0.8660254037844388,3,False,True,False,False,False
2023-07-10,2023,7,28,5354,5572,0,2013.77,2050.04,2150.66,68.6,320.53,0,-0.0431,4688.0,4918.0,4777.0,4957.0,4424.0,4723.0,4688.0,3812.0,5302.0,4687.75,230.21927952859554,4918.416666666667,312.8535696785324,4451.038461538462,723.971683466651,-0.23931566428755743,-0.9709418174260521,-0.4999999999999997,-0.8660254037844388,3,False,True,False,False,False
2023-07-17,2023,7,29,5537,5934,277,2203.99,2217.54,2131.29,75.1,317.16,0,0.0091,4920.0,4920.0,5354.0,4777.0,4593.0,5035.0,5336.0,3581.0,4854.0,4920.25,325.11677389311296,4919.916666666667,315.0729953903328,4510.346153846154,732.6361138959869,-0.3546048870425356,-0.9350162426854148,-0.4999999999999997,-0.8660254037844388,3,False,True,False,False,False
2023-07-24,2023,7,30,4640,4389,0,2235.83,2212.01,2310.92,87.7,317.2,0,0.0234,5156.0,4957.0,5537.0,5354.0,4957.0,5199.0,5087.0,3059.0,4968.0,5156.25,350.0508296423996,4957.416666666667,360.30049537808145,4585.576923076923,733.8139913126158,-0.46472317204376806,-0.8854560256532101,-0.4999999999999997,-0.8660254037844388,3,False,True,False,False,False
2023-07-31,2023,7,31,5352,5196,0,2215.35,2230.87,2140.53,94.2,307.55,0,0.0502,5077.0,4902.0,4640.0,5537.0,4777.0,5097.0,5308.0,3512.0,5229.0,5077.0,435.6213952505076,4901.75,352.73480252037126,4646.384615384615,664.4836236912419,-0.5680647467311556,-0.8229838658936566,-0.4999999999999997,-0.8660254037844388,3,False,True,False,False,False
2023-08-07,2023,8,32,6308,6627,551,1987.72,2014.04,2082.22,58.6,304.4,0,0.0115,5221.0,4974.0,5352.0,4640.0,5354.0,4424.0,4485.0,3820.0,4861.0,5220.75,396.76472877512555,4974.0,348.3785819530675,4717.153846153846,636.2173020160747,-0.663122658240795,-0.7485107481711013,-0.8660254037844385,-0.5000000000000004,3,False,True,False,False,False
2023-08-14,2023,8,33,5756,6335,417,2103.21,2078.42,2064.63,76.0,312.15,0,0.0352,5459.0,5106.0,6308.0,5352.0,5537.0,4593.0,4723.0,3623.0,5057.0,5459.25,685.3453508998213,5106.083333333333,508.3169123030692,4812.846153846154,681.3849245357669,-0.7485107481711011,-0.6631226582407952,-0.8660254037844385,-0.5000000000000004,3,False,True,False,False,False
2023-08-21,2023,8,34,5652,5633,0,2258.69,2310.38,2133.3,83.4,319.74,0,0.043,5514.0,5166.0,5756.0,6308.0,4640.0,4957.0,5035.0,3925.0,4747.0,5514.0,702.1680710485198,5166.166666666667,540.7289412254353,4894.884615384615,660.4832368454505,-0.8229838658936564,-0.5680647467311559,-0.8660254037844385,-0.5000000000000004,3,False,True,False,False,False
2023-08-28,2023,8,35,4659,5139,300,2096.51,2073.97,2151.47,71.5,303.64,0,-0.0032,5767.0,5204.0,5652.0,5756.0,5352.0,4777.0,5199.0,3480.0,5104.0,5767.0,399.27100236973456,5203.916666666667,558.7421682726771,4961.307692307692,645.7178188175222,-0.8854560256532096,-0.4647231720437691,-0.8660254037844385,-0.5000000000000004,3,False,True,False,False,False
2023-09-04,2023,9,36,3771,3769,29,2012.88,2020.78,2056.82,58.1,302.7,0,0.0368,5594.0,5167.0,4659.0,5652.0,6308.0,5354.0,5097.0,4649.0,4415.0,5593.75,686.4470724923609,5167.416666666667,580.2536214031821,5006.653846153846,575.0631925141897,-0.9350162426854147,-0.3546048870425359,-1.0,-1.8369701987210297e-16,3,False,True,False,False,False
2023-09-11,2023,9,37,4551,4350,18,2051.01,2065.62,2154.51,90.9,303.21,0,-0.0181,4960.0,5113.0,3771.0,4659.0,5756.0,5537.0,4424.0,4934.0,4594.0,4959.5,933.9523542451185,5113.0,678.5957425582441,4972.884615384615,620.8612293853137,-0.970941817426052,-0.23931566428755774,-1.0,-1.8369701987210297e-16,3,False,True,False,False,False
2023-09-18,2023,9,38,4620,5030,353,2041.46,2003.04,2061.55,75.6,318.12,0,0.0249,4658.0,5110.0,4551.0,3771.0,5652.0,4640.0,4593.0,3769.0,4652.0,4658.25,771.6334946073812,5109.5,681.6231296758376,4958.153846153846,626.3401435199665,-0.992708874098054,-0.12053668025532357,-1.0,-1.8369701987210297e-16,3,False,True,False,False,False
2023-09-25,2023,9,39,5532,5706,135,1871.61,1868.51,1889.81,50.7,299.95,0,-0.0318,4400.0,5081.0,4620.0,4551.0,4659.0,5352.0,4957.0,3960.0,5386.0,4400.25,421.86994441415163,5081.416666666667,695.2828670055867,4990.884615384615,582.4073026275022,-1.0,-1.8369701987210297e-16,-1.0,-1.8369701987210297e-16,3,False,True,False,False,False
2023-10-02,2023,10,40,2888,2924,0,1922.5,1910.83,1916.28,65.1,309.74,0,0.0045,4618.0,5144.0,5532.0,4620.0,3771.0,6308.0,4777.0,5894.0,3919.0,4618.5,720.4852531454057,5144.333333333333,699.3798984988308,5051.346153846154,551.9055674520887,-0.992708874098054,0.1205366802553232,-0.8660254037844386,0.5000000000000001,4,False,True,False,False,False
2023-10-09,2023,10,41,4224,4406,0,1869.44,1813.46,1965.23,43.9,304.6,0,-0.0094,4398.0,4939.0,2888.0,5532.0,4551.0,5756.0,5354.0,4688.0,4053.0,4397.75,1101.3247704469375,4938.833333333333,949.6780156102004,4935.7307692307695,670.4462727283832,-0.9709418174260521,0.23931566428755738,-0.8660254037844386,0.5000000000000001,4,False,True,False,False,False
2023-10-16,2023,10,42,4454,4423,21,1757.12,1751.14,1738.45,61.0,304.29,0,-0.0122,4316.0,4829.0,4224.0,2888.0,4620.0,5652.0,5537.0,5336.0,5372.0,4316.0,1098.2895793004682,4829.416666666667,950.1335272986454,4917.884615384615,683.3553878867446,-0.9350162426854148,0.35460488704253557,-0.8660254037844386,0.5000000000000001,4,False,True,False,False,False
2023-10-23,2023,10,43,4537,4602,81,1912.75,1880.4,1911.67,45.8,307.16,0,0.0251,4274.0,4814.0,4454.0,4224.0,5532.0,4659.0,4640.0,5087.0,4443.0,4274.5,1086.041589136131,4813.916666666667,955.0091344954211,4883.961538461538,683.6611137555913,-0.8854560256532101,0.464723172043768,-0.8660254037844386,0.5000000000000001,4,False,True,False,False,False
2023-10-30,2023,10,44,4895,4933,9,2167.64,2269.24,2243.14,58.0,309.24,0,0.102,4026.0,4746.0,4537.0,4454.0,2888.0,3771.0,5352.0,5308.0,3169.0,4025.75,769.9681270459618,4746.0,942.1572924073563,4862.807692307692,685.6336058992869,-0.822983865893657,0.5680647467311548,-0.8660254037844386,0.5000000000000001,4,False,True,False,False,False
2023-11-06,2023,11,45,3617,3352,0,1926.07,1934.83,1975.07,27.9,305.31,0,0.0253,4528.0,4628.0,4895.0,4537.0,4224.0,4551.0,6308.0,4485.0,3412.0,4527.5,278.4845896394741,4628.25,807.928903825307,4846.923076923077,679.6650894713888,-0.7485107481711011,0.6631226582407952,-0.5000000000000004,0.8660254037844384,4,False,True,False,False,False
2023-11-13,2023,11,46,4930,5062,31,1903.88,1915.5,1948.61,55.3,316.43,0,-0.015,4376.0,4450.0,3617.0,4895.0,4454.0,4620.0,5756.0,4723.0,4493.0,4375.75,540.8162811898322,4450.0,771.6434645376302,4813.538461538462,718.3692772255337,-0.6631226582407955,0.7485107481711007,-0.5000000000000004,0.8660254037844384,4,False,True,False,False,False
2023-11-20,2023,11,47,4053,4310,246,1908.47,1920.95,1802.41,53.8,314.82,0,0.0096,4495.0,4390.0,4930.0,3617.0,4537.0,5532.0,5652.0,5035.0,4183.0,4494.75,611.5207137402077,4389.833333333333,693.6023006847315,4821.5,718.4727830614024,-0.5680647467311559,0.8229838658936564,-0.5000000000000004,0.8660254037844384,4,False,True,False,False,False
2023-11-27,2023,11,48,5579,4876,0,1787.79,1790.27,1801.56,43.5,320.05,0,-0.0059,4374.0,4339.0,4053.0,4930.0,4895.0,2888.0,4659.0,5199.0,4443.0,4373.75,647.2162827576778,4339.333333333333,694.2837163493615,4783.7307692307695,732.4752314006132,-0.4647231720437684,0.88545602565321,-0.5000000000000004,0.8660254037844384,4,False,True,False,False,False
2023-12-04,2023,12,49,3881,3508,82,1671.57,1669.63,1622.42,54.7,313.73,0,-0.0842,4545.0,4490.0,5579.0,4053.0,3617.0,4224.0,3771.0,5097.0,4041.0,4544.75,879.5128860151319,4490.0,753.3979993698853,4798.346153846154,744.780501479874,-0.35460488704253595,0.9350162426854147,-2.4492935982947064e-16,1.0,4,False,True,False,False,False
2023-12-11,2023,12,50,3315,3456,144,1780.07,1770.41,1693.45,35.0,315.86,0,-0.0075,4611.0,4434.0,3881.0,5579.0,4930.0,4454.0,4551.0,4424.0,4589.0,4610.75,792.2644234513288,4434.166666666667,773.0368488610168,4751.576923076923,763.2275767070731,-0.2393156642875578,0.970941817426052,-2.4492935982947064e-16,1.0,4,False,True,False,False,False
2023-12-18,2023,12,51,3931,3762,0,1865.11,1864.48,1902.79,8.0,320.09,0,0.0034,4207.0,4325.0,3315.0,3881.0,4053.0,4537.0,4620.0,4593.0,4523.0,4207.0,967.4778205898742,4325.416666666667,833.9133875162277,4708.923076923077,811.7155128776036,-0.12053668025532363,0.992708874098054,-2.4492935982947064e-16,1.0,4,False,True,False,False,False
2023-12-25,2023,12,52,3688,3630,0,1750.04,1778.63,1653.4,49.1,313.6,0,0.0208,4176.0,4192.0,3931.0,3315.0,5579.0,4895.0,5532.0,4957.0,2458.0,4176.5,975.8379305328657,4192.0,746.8508430859443,4683.461538461538,825.7583777725392,6.432490598706546e-16,1.0,-2.4492935982947064e-16,1.0,4,False,True,False,False,False
2024-01-01,2024,1,1,3535,3532,24,1834.81,1853.82,1795.97,24.9,329.18,0,0.0299,3704.0,4259.0,3688.0,3931.0,3881.0,3617.0,2888.0,4777.0,3064.0,3703.75,279.54412293351123,4258.666666666667,649.1893313038893,4634.653846153846,846.193970307407,0.12053668025532305,0.992708874098054,0.49999999999999994,0.8660254037844387,1,False,True,False,False,False
2024-01-08,2024,1,2,4054,3830,122,1837.17,1765.33,1810.06,17.0,320.89,0,-0.0179,3617.0,4201.0,3535.0,3688.0,3315.0,4930.0,4224.0,5354.0,3812.0,3617.25,259.2069636410244,4201.25,682.1654191549972,4586.884615384615,872.4850177245702,0.23931566428755774,0.970941817426052,0.49999999999999994,0.8660254037844387,1,False,True,False,False,False
2024-01-15,2024,1,3,4932,4935,0,1829.95,1811.14,1742.19,27.6,321.75,0,0.0144,3802.0,4168.0,4054.0,3535.0,3931.0,4053.0,4454.0,5537.0,3581.0,3802.0,234.11535618151868,4167.916666666667,678.4549905796467,4536.884615384615,863.9734406530351,0.3546048870425356,0.9350162426854148,0.49999999999999994,0.8660254037844387,1,False,True,False,False,False
2024-01-22,2024,1,4,3293,3131,0,1656.92,1639.07,1625.98,32.3,323.62,0,-0.0624,4052.0,4201.0,4932.0,4054.0,3688.0,5579.0,4537.0,4640.0,3059.0,4052.25,625.6166957490819,4200.833333333333,706.9725252901667,4513.615384615385,843.8734538743613,0.4647231720437685,0.8854560256532099,0.49999999999999994,0.8660254037844387,1,False,True,False,False,False
2024-01-29,2024,1,5,3348,3621,151,1820.79,1879.74,1851.08,29.9,327.78,0,-0.0256,3954.0,4067.0,3293.0,4932.0,3535.0,3881.0,4895.0,5352.0,3512.0,3953.5,725.4803006744332,4067.3333333333335,715.1820281112629,4461.807692307692,876.5204855212793,0.5680647467311558,0.8229838658936564,0.49999999999999994,0.8660254037844387,1,False,True,False,False,False
2024-02-05,2024,2,6,4427,4486,0,1787.44,1779.56,1773.59,14.2,322.43,0,0.0075,3907.0,4045.0,3348.0,3293.0,4054.0,3315.0,3617.0,6308.0,3820.0,3906.75,766.3138499770613,4044.9166666666665,734.5344175776019,4384.7307692307695,883.1957227112133,0.6631226582407952,0.7485107481711011,0.8660254037844386,0.5000000000000001,1,False,True,False,False,False
2024-02-12,2024,2,7,4132,4420,180,1814.91,1837.19,1842.17,0.0,314.74,0,-0.011,4000.0,4003.0,4427.0,3348.0,4932.0,3931.0,4930.0,5756.0,3623.0,4000.0,811.5635115832481,4003.0,692.5893444170267,4312.384615384615,791.6465411746861,0.7485107481711011,0.6631226582407953,0.8660254037844386,0.5000000000000001,1,False,True,False,False,False
2024-02-19,2024,2,8,4164,4501,34,1765.8,1825.29,1825.29,15.2,322.54,0,-0.0223,3800.0,4010.0,4132.0,4427.0,3293.0,3688.0,4053.0,5652.0,3925.0,3800.0,567.0702484407608,4009.5833333333335,693.4827071755444,4249.923076923077,735.2464034907969,0.8229838658936564,0.5680647467311559,0.8660254037844386,0.5000000000000001,1,False,True,False,False,False
2024-02-26,2024,2,9,3746,3480,0,1887.31,1872.87,1738.14,37.2,322.88,0,-0.0306,4018.0,3892.0,4164.0,4132.0,3348.0,3535.0,5579.0,4659.0,3480.0,4017.75,465.6510675029814,3891.6666666666665,493.9658312315246,4192.692307692308,677.3798207346151,0.8854560256532099,0.4647231720437686,0.8660254037844386,0.5000000000000001,1,False,True,False,False,False
2024-03-04,2024,3,10,4929,5433,282,1946.88,1892.1,1912.47,14.8,335.95,1,-0.0089,4117.0,3880.0,3746.0,4164.0,4427.0,4054.0,3881.0,3771.0,4649.0,4117.25,280.5796084298824,3880.4166666666665,495.76487431651447,4157.576923076923,675.9028434961282,0.9350162426854148,0.35460488704253557,1.0,6.123233995736766e-17,1,False,True,False,False,False
2024-03-11,2024,3,11,3525,3682,183,2007.85,2011.17,2010.8,51.5,337.45,1,-0.0193,4243.0,4015.0,4929.0,3746.0,4132.0,4932.0,3315.0,4551.0,4934.0,4242.75,495.3674562046503,4014.9166666666665,544.9235906959583,4202.115384615385,687.464694478083,0.970941817426052,0.23931566428755804,1.0,6.123233995736766e-17,1,False,True,False,False,False
2024-03-18,2024,3,12,5004,4631,0,2136.62,2071.71,2179.74,44.6,329.35,1,0.0291,4091.0,3981.0,3525.0,4929.0,4164.0,3293.0,3931.0,4620.0,3769.0,4091.0,618.3186880565713,3981.0833333333335,562.9144062714029,4162.653846153846,696.0307431318053,0.992708874098054,0.120536680255323,1.0,6.123233995736766e-17,1,False,True,False,False,False
2024-03-25,2024,3,13,4371,4477,71,1934.61,1915.58,2037.38,9.9,338.51,1,-0.0146,4301.0,4091.0,5004.0,3525.0,3746.0,3348.0,3688.0,5532.0,3960.0,4301.0,774.3371358781649,4090.75,625.3535908878825,4177.423076923077,710.056232876067,1.0,-1.6081226496766366e-16,1.0,6.123233995736766e-17,1,False,True,False,False,False
2024-04-01,2024,4,14,5333,5706,228,2186.94,2231.69,2330.71,29.8,328.53,1,0.0077,4457.0,4160.0,4371.0,5004.0,4929.0,4427.0,3535.0,2888.0,5894.0,4457.25,682.645039533724,4160.416666666667,604.0152704772468,4132.7692307692305,655.9038531792462,0.992708874098054,-0.12053668025532288,0.8660254037844387,-0.4999999999999998,2,False,True,False,False,False
2024-04-08,2024,4,15,5056,4957,0,2209.43,2186.85,1983.75,76.5,333.62,1,0.0264,4558.0,4267.0,5333.0,4371.0,3525.0,4132.0,4054.0,4224.0,4688.0,4558.25,796.157176693145,4267.0,690.2230206113247,4226.807692307692,645.4897687325954,0.9709418174260521,-0.2393156642875575,0.8660254037844387,-0.4999999999999998,2,False,True,False,False,False
2024-04-15,2024,4,16,5550,5491,0,2193.04,2261.82,2320.04,61.4,319.54,1,0.0544,4941.0,4277.0,5056.0,5333.0,5004.0,4164.0,4932.0,4454.0,5336.0,4941.0,406.51281242620894,4277.333333333333,701.9130136903588,4258.807692307692,665.6531841270345,0.9350162426854148,-0.35460488704253545,0.8660254037844387,-0.4999999999999998,2,False,True,False,False,False
2024-04-22,2024,4,17,4632,4645,0,2122.17,2081.8,2093.15,70.2,329.75,1,0.0072,5078.0,4465.0,5550.0,5056.0,4371.0,3746.0,3293.0,4537.0,5087.0,5077.5,512.5560131992074,4465.416666666667,716.4156308042186,4300.961538461538,711.6243661241068,0.8854560256532099,-0.4647231720437685,0.8660254037844387,-0.4999999999999998,2,False,True,False,False,False
2024-04-29,2024,4,18,4740,4868,75,2304.77,2323.12,2341.15,51.3,322.32,1,0.0759,5143.0,4572.0,4632.0,5550.0,5333.0,4929.0,3348.0,4895.0,5308.0,5142.75,395.9961068832194,4572.416666666667,624.3183130908504,4304.615384615385,713.127089762999,0.8229838658936565,-0.5680647467311557,0.8660254037844387,-0.4999999999999998,2,False,True,False,False,False
2024-05-06,2024,5,19,5174,4870,0,2165.95,2149.32,2183.48,43.0,318.08,0,0.0008,4994.0,4598.0,4740.0,4632.0,5056.0,3525.0,4427.0,3617.0,4485.0,4994.5,411.7195647525138,4598.5,624.2290517838046,4298.653846153846,708.6279103906462,0.7485107481711013,-0.663122658240795,0.49999999999999994,-0.8660254037844387,2,False,True,False,False,False
2024-05-13,2024,5,20,4922,5057,554,2096.81,2126.08,1993.43,71.8,324.46,0,-0.0521,5024.0,4685.0,5174.0,4740.0,5550.0,5004.0,4132.0,4930.0,4723.0,5024.0,421.7013160994395,4685.333333333333,625.9086969915776,4358.538461538462,714.4837706075186,0.6631226582407952,-0.7485107481711012,0.49999999999999994,-0.8660254037844387,2,False,True,False,False,False
2024-05-20,2024,5,21,3713,3865,0,2484.73,2495.61,2401.06,61.5,330.95,0,0.1081,4867.0,4748.0,4922.0,5174.0,4632.0,4371.0,4164.0,4053.0,5035.0,4867.0,237.08507615059364,4748.5,606.4592469258051,4358.2307692307695,714.2295041619209,0.5680647467311558,-0.8229838658936564,0.49999999999999994,-0.8660254037844387,2,False,True,False,False,False
2024-05-27,2024,5,22,4665,4407,0,2088.38,2065.61,2332.91,42.6,313.91,0,-0.0479,4637.0,4746.0,3713.0,4922.0,4740.0,5333.0,3746.0,5579.0,5199.0,4637.25,641.3472148532333,4745.75,611.47245905422,4345.153846153846,723.0990356684304,0.46472317204376906,-0.8854560256532096,0.49999999999999994,-0.8660254037844387,2,False,True,False,False,False
2024-06-03,2024,6,23,4086,4427,475,2326.13,2288.1,2356.02,61.3,315.46,0,0.0508,4618.0,4724.0,4665.0,3713.0,5174.0,5056.0,4929.0,3881.0,5097.0,4618.5,638.4316721466748,4723.75,609.0242755275156,4310.0,681.7506875684089,0.35460488704253584,-0.9350162426854147,1.2246467991473532e-16,-1.0,2,False,True,False,False,False
2024-06-10,2024,6,24,5853,5770,0,2075.36,2071.76,2179.76,100.0,317.99,0,-0.116,4346.0,4770.0,4086.0,4665.0,4922.0,5550.0,3525.0,3315.0,4424.0,4346.5,548.2776060841193,4770.5,524.2755174350738,4317.884615384615,677.7645211678201,0.23931566428755768,-0.970941817426052,1.2246467991473532e-16,-1.0,2,False,True,False,False,False
2024-06-17,2024,6,25,5350,5724,40,2053.57,2073.81,2122.04,87.6,321.4,0,-0.0528,4579.0,4841.0,5853.0,4086.0,3713.0,4632.0,5004.0,3931.0,4593.0,4579.25,935.1429035179592,4841.25,609.0775626081808,4415.5,709.5681080770182,0.12053668025532308,-0.992708874098054,1.2246467991473532e-16,-1.0,2,False,True,False,False,False
2024-06-24,2024,6,26,5817,5468,0,2170.03,2197.07,2190.85,82.7,317.06,0,-0.0861,4988.0,4923.0,5350.0,5853.0,4665.0,4740.0,4371.0,3688.0,4957.0,4988.5,773.994186024675,4922.833333333333,605.9216621033237,4470.076923076923,725.2110822692614,-3.216245299353273e-16,-1.0,1.2246467991473532e-16,-1.0,2,False,True,False,False,False
2024-07-01,2024,7,27,5928,6317,484,2092.2,2089.74,2129.57,56.2,324.8,0,-0.0128,5276.0,4963.0,5817.0,5350.0,4086.0,5174.0,5333.0,3535.0,4777.0,5276.5,826.0720307576086,4963.166666666667,650.1977088594311,4551.961538461538,753.0339424365534,-0.12053668025532283,-0.992708874098054,-0.4999999999999997,-0.8660254037844388,3,False,True,False,False,False
2024-07-08,2024,7,28,5304,5304,306,2444.7,2427.29,2455.41,94.3,324.04,0,0.0327,5737.0,5036.0,5928.0,5817.0,5853.0,4922.0,5056.0,4054.0,5354.0,5737.0,262.11066365182364,5035.833333333333,707.7009940431684,4644.0,769.818835830873,-0.23931566428755743,-0.9709418174260521,-0.4999999999999997,-0.8660254037844388,3,False,True,False,False,False
2024-07-15,2024,7,29,5007,5408,710,2198.69,2142.48,2119.94,86.8,325.34,0,0.0074,5600.0,5015.0,5304.0,5928.0,5350.0,3713.0,5550.0,4932.0,5537.0,5599.75,318.74166655773035,5015.333333333333,694.9002980589491,4692.076923076923,770.5304626334737,-0.3546048870425356,-0.9350162426854148,-0.4999999999999997,-0.8660254037844388,3,False,True,False,False,False
2024-07-22,2024,7,30,4780,4917,0,2375.08,2340.56,2473.97,100.0,311.4,0,0.0425,5514.0,5047.0,5007.0,5304.0,5817.0,4665.0,4632.0,3293.0,4640.0,5514.0,433.72571978152206,5046.583333333333,684.4478143774382,4694.961538461538,771.6042239785495,-0.46472317204376806,-0.8854560256532101,-0.4999999999999997,-0.8660254037844388,3,False,True,False,False,False
2024-07-29,2024,7,31,5911,5832,0,2246.37,2245.63,2307.77,94.3,312.23,0,0.0018,5255.0,5050.0,4780.0,5007.0,5928.0,4086.0,4740.0,3348.0,5352.0,5254.75,497.4798990914099,5049.916666666667,682.9146703430001,4752.153846153846,716.6873065602718,-0.5680647467311556,-0.8229838658936566,-0.4999999999999997,-0.8660254037844388,3,False,True,False,False,False
2024-08-05,2024,8,32,4802,5260,633,2169.11,2157.69,2155.49,70.3,307.07,0,0.0053,5250.0,5111.0,5911.0,4780.0,5304.0,5853.0,5174.0,4427.0,6308.0,5250.5,489.82479861000576,5111.333333333333,726.8175128391496,4850.7307692307695,691.6542811371784,-0.663122658240795,-0.7485107481711013,-0.8660254037844385,-0.5000000000000004,3,False,True,False,False,False
2024-08-12,2024,8,33,6088,6133,0,2111.49,2108.82,2055.77,99.7,310.77,0,-0.0465,5125.0,5101.0,4802.0,5911.0,5007.0,5350.0,4922.0,4132.0,5756.0,5125.0,533.877014551728,5101.333333333333,730.4756026456987,4865.153846153846,686.3544094595866,-0.7485107481711011,-0.6631226582407952,-0.8660254037844385,-0.5000000000000004,3,False,True,False,False,False
2024-08-19,2024,8,34,6082,5861,0,2117.82,2078.04,2230.7,64.6,313.77,0,0.0021,5395.0,5299.0,6088.0,4802.0,4780.0,5817.0,3713.0,4164.0,5652.0,5395.25,701.5171059924337,5299.25,635.7193670452008,4940.384615384615,709.5842769917109,-0.8229838658936564,-0.5680647467311559,-0.8660254037844385,-0.5000000000000004,3,False,True,False,False,False
2024-08-26,2024,8,35,6078,6011,0,2077.31,2060.55,2084.33,87.1,310.81,0,-0.0145,5721.0,5417.0,6082.0,6088.0,5911.0,5928.0,4665.0,3746.0,4659.0,5720.75,617.9726935714874,5417.333333333333,638.7936547378334,5014.153846153846,725.1694804558579,-0.8854560256532096,-0.4647231720437691,-0.8660254037844385,-0.5000000000000004,3,False,True,False,False,False
2024-09-02,2024,9,36,5308,5249,183,2029.77,2064.56,2024.21,35.8,315.59,0,0.0451,5762.0,5583.0,6078.0,6082.0,4802.0,5304.0,4086.0,4929.0,3771.0,5762.5,640.346520773453,5583.333333333333,506.5023258195246,5103.846153846154,706.0074046244979,-0.9350162426854147,-0.3546048870425359,-1.0,-1.8369701987210297e-16,3,False,True,False,False,False
2024-09-09,2024,9,37,5127,5076,0,2086.29,2047.66,2076.8,58.3,310.94,0,0.0276,5889.0,5538.0,5308.0,6078.0,6088.0,5007.0,5853.0,3525.0,4551.0,5889.0,387.35513421148744,5537.916666666667,504.5544313970563,5118.423076923077,706.165542805763,-0.970941817426052,-0.23931566428755774,-1.0,-1.8369701987210297e-16,3,False,True,False,False,False
2024-09-16,2024,9,38,5805,5929,136,2072.18,2125.0,2057.95,61.1,309.0,0,-0.0171,5649.0,5519.0,5127.0,5308.0,6082.0,4780.0,5350.0,5004.0,4620.0,5648.75,503.4198877014424,5519.333333333333,516.0798622717293,5180.038461538462,627.028323492283,-0.992708874098054,-0.12053668025532357,-1.0,-1.8369701987210297e-16,3,False,True,False,False,False
2024-09-23,2024,9,39,4960,5014,141,2113.38,2109.9,2139.29,72.6,312.38,0,-0.0146,5580.0,5518.0,5805.0,5127.0,6078.0,5911.0,5817.0,4371.0,5532.0,5579.5,438.87014024651927,5518.333333333333,515.4618993649798,5210.846153846154,637.621310328176,-1.0,-1.8369701987210297e-16,-1.0,-1.8369701987210297e-16,3,False,True,False,False,False
2024-09-30,2024,9,40,5177,4747,0,2010.31,2031.53,1857.55,44.8,308.34,0,-0.013,5300.0,5438.0,4960.0,5805.0,5308.0,4802.0,5928.0,5333.0,2888.0,5300.0,365.4303399190231,5437.666666666667,521.2340833991519,5233.5,616.7094129328698,-0.992708874098054,0.1205366802553232,-1.0,-1.8369701987210297e-16,3,False,True,False,False,False
2024-10-07,2024,10,41,3812,3952,347,1939.54,1944.56,1754.84,40.0,310.06,0,0.0212,5267.0,5427.0,5177.0,4960.0,5127.0,6088.0,5304.0,5056.0,4224.0,5267.25,370.3119180726784,5427.083333333333,525.4669712539243,5227.5,616.4614667600928,-0.9709418174260521,0.23931566428755738,-0.8660254037844386,0.5000000000000001,4,False,True,False,False,False
2024-10-14,2024,10,42,5045,4674,0,1915.94,1906.05,2013.16,56.6,303.29,0,-0.0484,4938.0,5328.0,3812.0,5177.0,5805.0,6082.0,5007.0,5550.0,4454.0,4938.5,832.0995533388214,5327.5,697.4168572147215,5179.653846153846,675.731481717864,-0.9350162426854148,0.35460488704253557,-0.8660254037844386,0.5000000000000001,4,False,True,False,False,False
2024-10-21,2024,10,43,4928,4137,0,1947.45,1927.33,1867.74,62.3,305.8,0,-0.0274,4748.0,5350.0,5045.0,3812.0,4960.0,6078.0,4780.0,4632.0,4537.0,4748.5,630.6845487246374,5349.583333333333,682.5414350836488,5160.2307692307695,671.9075119504091,-0.8854560256532101,0.464723172043768,-0.8660254037844386,0.5000000000000001,4,False,True,False,False,False
2024-10-28,2024,10,44,4648,4692,275,1918.8,1868.11,2083.28,53.3,317.54,0,-0.0077,4740.0,5268.0,4928.0,5045.0,5177.0,5308.0,5911.0,4740.0,4895.0,4740.5,627.3013629827369,5267.666666666667,667.8670707876022,5171.615384615385,665.072211232623,-0.822983865893657,0.5680647467311548,-0.8660254037844386,0.5000000000000001,4,False,True,False,False,False
2024-11-04,2024,11,45,4066,4111,0,1769.82,1767.71,1649.35,35.9,316.33,0,-0.0516,4608.0,5255.0,4648.0,4928.0,3812.0,5127.0,4802.0,5174.0,3617.0,4608.25,556.3526309814662,5254.833333333333,679.0150397763014,5168.076923076923,667.6999879033684,-0.7485107481711011,0.6631226582407952,-0.5000000000000004,0.8660254037844384,4,False,True,False,False,False
2024-11-11,2024,11,46,4425,4133,67,1785.18,1738.33,1756.82,23.6,310.6,0,-0.0305,4672.0,5086.0,4066.0,4648.0,5045.0,5805.0,6088.0,4922.0,4930.0,4671.75,436.83587688436575,5086.333333333333,703.8935008977221,5125.461538461538,701.7949119661262,-0.6631226582407955,0.7485107481711007,-0.5000000000000004,0.8660254037844384,4,False,True,False,False,False
2024-11-18,2024,11,47,4699,4734,222,1781.44,1790.02,1734.0,31.8,315.4,0,-0.0501,4517.0,4948.0,4425.0,4066.0,4928.0,4960.0,6082.0,3713.0,4053.0,4516.75,364.2099897952636,4948.25,651.3853942315371,5106.346153846154,714.2171066171823,-0.5680647467311559,0.8229838658936564,-0.5000000000000004,0.8660254037844384,4,False,True,False,False,False
2024-11-25,2024,11,48,3922,3824,0,1681.84,1634.76,1665.06,52.9,313.74,0,-0.033,4460.0,4833.0,4699.0,4425.0,4648.0,5177.0,6078.0,4665.0,5579.0,4459.5,288.05381441668044,4833.333333333333,547.2786116667395,5144.2692307692305,661.5066776801192,-0.4647231720437684,0.88545602565321,-0.5000000000000004,0.8660254037844384,4,False,True,False,False,False
2024-12-02,2024,12,49,5738,5384,0,1824.92,1854.55,1849.15,13.8,318.63,0,0.0059,4278.0,4718.0,3922.0,4699.0,4066.0,3812.0,5308.0,4086.0,3881.0,4278.0,351.4398952879417,4717.833333333333,583.0787929498686,5115.692307692308,698.0770025852919,-0.35460488704253595,0.9350162426854147,-2.4492935982947064e-16,1.0,4,False,True,False,False,False
2024-12-09,2024,12,50,4001,3468,0,2000.6,1975.42,1998.04,56.1,318.11,0,0.0165,4696.0,4769.0,5738.0,3922.0,4425.0,5045.0,5127.0,5853.0,3315.0,4696.0,765.5695047914761,4768.75,645.4034854964026,5179.2307692307695,675.4205390831621,-0.2393156642875578,0.970941817426052,-2.4492935982947064e-16,1.0,4,False,True,False,False,False
2024-12-16,2024,12,51,3653,3625,0,1762.4,1679.55,1880.33,42.5,313.16,0,-0.0113,4590.0,4618.0,4001.0,5738.0,4699.0,4928.0,5805.0,5350.0,3931.0,4590.0,841.2153905708885,4618.416666666667,589.7940254226392,5108.0,698.7750997280914,-0.12053668025532363,0.992708874098054,-2.4492935982947064e-16,1.0,4,False,True,False,False,False
2024-12-23,2024,12,52,3241,3128,0,1730.74,1690.01,1794.99,6.7,319.69,0,-0.03,4328.0,4510.0,3653.0,4001.0,3922.0,4648.0,4960.0,5817.0,3688.0,4328.5,951.4005465628024,4509.5,639.5611421478437,5042.7307692307695,752.4590384967066,6.432490598706546e-16,1.0,-2.4492935982947064e-16,1.0,4,False,True,False,False,False
2022-01-03,2022,1,1,6243,6179,0,1093.64,1114.43,1168.47,22.9,316.15,0,0.0133,7839.0,7689.0,8381.0,8052.0,7018.0,6972.0,7657.0,5039.0,5509.0,7839.0,582.3887590490274,7688.583333333333,764.0716837305267,6829.538461538462,1154.9093204496799,0.12053668025532305,0.992708874098054,0.49999999999999994,0.8660254037844387,1,False,False,True,False,False
2022-01-10,2022,1,2,6408,6122,0,1139.68,1178.32,1111.3,0.0,317.24,0,0.04,7645.0,7546.0,6243.0,8381.0,7905.0,8178.0,7956.0,5653.0,5635.0,7645.25,955.7804402685795,7545.833333333333,863.1617180547137,6875.846153846154,1103.2249704319688,0.23931566428755774,0.970941817426052,0.49999999999999994,0.8660254037844387,1,False,False,True,False,False
2022-01-17,2022,1,3,6760,6966,0,996.86,960.91,933.69,31.4,315.51,0,-0.0602,7271.0,7435.0,6408.0,6243.0,8052.0,8868.0,7743.0,5411.0,6017.0,7271.0,1102.0607968710253,7434.583333333333,919.6244745777688,6904.884615384615,1079.4301580713081,0.3546048870425356,0.9350162426854148,0.49999999999999994,0.8660254037844387,1,False,False,True,False,False
2022-01-24,2022,1,4,6320,6271,0,1002.1,1004.28,1000.77,0.0,312.7,0,-0.0356,6948.0,7332.0,6760.0,6408.0,8381.0,7158.0,7993.0,5876.0,4843.0,6948.0,979.3633986762352,7331.833333333333,920.4417746962994,6956.7692307692305,1036.3116252437717,0.4647231720437685,0.8854560256532099,0.49999999999999994,0.8660254037844387,1,False,False,True,False,False
2022-01-31,2022,1,5,5926,6203,539,1153.9,1128.38,1143.98,26.4,314.22,0,0.0388,6433.0,7355.0,6320.0,6760.0,6243.0,7018.0,6039.0,7690.0,6730.0,6432.75,228.34385620521113,7355.25,887.547809211637,6973.846153846154,1021.3398138644252,0.5680647467311558,0.8229838658936564,0.49999999999999994,0.8660254037844387,1,False,False,True,False,False
2022-02-07,2022,2,6,5609,5080,0,1254.94,1264.22,1249.55,5.5,315.57,0,0.0646,6354.0,7268.0,5926.0,6320.0,6408.0,7905.0,6972.0,4715.0,3976.0,6353.5,342.5838096972274,7268.083333333333,975.6047502897322,6906.0,1030.4135092282143,0.6631226582407952,0.7485107481711011,0.8660254037844386,0.5000000000000001,1,False,False,True,False,False
2022-02-14,2022,2,7,6700,6739,100,999.61,1004.68,1018.31,15.9,315.59,0,-0.072,6154.0,7054.0,5609.0,5926.0,6760.0,8052.0,8178.0,5972.0,5832.0,6153.75,497.9292955162738,7054.0,1037.6757244394419,6940.384615384615,967.363182136807,0.7485107481711011,0.6631226582407953,0.8660254037844386,0.5000000000000001,1,False,False,True,False,False
2022-02-21,2022,2,8,3026,3145,157,1166.65,1193.1,1194.35,40.9,320.18,0,-0.0012,6139.0,6873.0,6700.0,5609.0,6320.0,8381.0,8868.0,6665.0,4612.0,6138.75,473.9025040378376,6873.333333333333,867.9921798279261,6968.384615384615,948.5656572709395,0.8229838658936564,0.5680647467311559,0.8660254037844386,0.5000000000000001,1,False,False,True,False,False
2022-02-28,2022,2,9,4077,4129,52,1075.47,1058.43,1062.22,3.3,318.1,0,-0.0389,5315.0,6529.0,3026.0,6700.0,5926.0,6243.0,7158.0,5393.0,5596.0,5315.25,1593.476571316106,6529.0,1400.8331287292801,6828.423076923077,1223.6903913352253,0.8854560256532099,0.4647231720437686,0.8660254037844386,0.5000000000000001,1,False,False,True,False,False
2022-03-07,2022,3,10,4875,4867,0,1225.68,1293.33,1244.92,47.4,320.94,1,-0.0376,4853.0,6284.0,4077.0,3026.0,5609.0,6408.0,7018.0,6167.0,5485.0,4853.0,1625.1205083521243,6283.916666666667,1556.162556263053,6777.807692307692,1309.637110629683,0.9350162426854148,0.35460488704253557,1.0,6.123233995736766e-17,1,False,False,True,False,False
2022-03-14,2022,3,11,6138,6593,472,1212.32,1246.82,1257.23,34.9,320.81,1,0.0,4670.0,6031.0,4875.0,4077.0,6700.0,6760.0,7905.0,6141.0,4972.0,4669.5,1551.0543725694038,6031.416666666667,1514.4792359291732,6728.115384615385,1357.381636148747,0.970941817426052,0.23931566428755804,1.0,6.123233995736766e-17,1,False,False,True,False,False
2022-03-21,2022,3,12,6341,5888,0,1209.17,1187.36,1167.11,35.0,325.87,1,-0.018,4529.0,5872.0,6138.0,4875.0,3026.0,6320.0,8052.0,5892.0,6560.0,4529.0,1313.000380807256,5871.916666666667,1376.8686778558845,6728.0,1357.4336668876322,0.992708874098054,0.120536680255323,1.0,6.123233995736766e-17,1,False,False,True,False,False
2022-03-28,2022,3,13,5468,5976,260,1222.85,1214.19,1194.79,20.0,326.83,1,0.0016,5358.0,5702.0,6341.0,6138.0,4077.0,5926.0,8381.0,7034.0,6857.0,5357.75,1072.2155800024543,5701.916666666667,1145.3931804750684,6745.2692307692305,1349.2038113700198,1.0,-1.6081226496766366e-16,1.0,6.123233995736766e-17,1,False,False,True,False,False
2022-04-04,2022,4,14,5316,5630,298,1299.35,1266.67,1287.19,26.0,319.11,1,0.0596,5706.0,5637.0,5468.0,6341.0,4875.0,5609.0,6243.0,7657.0,5265.0,5705.5,667.5959356776616,5637.333333333333,1133.9021389017946,6685.038461538462,1370.583860426476,0.992708874098054,-0.12053668025532288,0.8660254037844387,-0.4999999999999998,2,False,False,True,False,False
2022-04-11,2022,4,15,5341,4926,0,1403.7,1454.36,1392.98,50.1,322.28,1,0.0809,5816.0,5546.0,5316.0,5468.0,6138.0,6700.0,6408.0,7956.0,4258.0,5815.75,500.13756440936584,5546.333333333333,1109.9971607935315,6595.0,1381.0326571084418,0.9709418174260521,-0.2393156642875575,0.8660254037844387,-0.4999999999999998,2,False,False,True,False,False
2022-04-18,2022,4,16,5650,5654,0,1258.63,1281.1,1197.65,63.2,320.8,1,0.0242,5616.0,5428.0,5341.0,5316.0,6341.0,3026.0,6760.0,7743.0,5285.0,5616.5,487.5629873838516,5428.083333333333,1042.4799503921888,6494.423076923077,1373.149173923269,0.9350162426854148,-0.35460488704253545,0.8660254037844387,-0.4999999999999998,2,False,False,True,False,False
2022-04-25,2022,4,17,4255,4234,48,1411.55,1361.34,1429.6,51.6,318.26,1,0.0647,5444.0,5372.0,5650.0,5341.0,5468.0,4077.0,6320.0,7993.0,5780.0,5443.75,152.7577057521676,5372.25,1007.7306751490532,6413.923076923077,1358.2943104666808,0.8854560256532099,-0.4647231720437685,0.8660254037844387,-0.4999999999999998,2,False,False,True,False,False
2022-05-02,2022,5,18,3842,3753,0,1319.85,1280.17,1375.39,75.0,324.62,0,-0.046,5140.0,5233.0,4255.0,5650.0,5316.0,4875.0,5926.0,6039.0,4232.0,5140.5,609.5629581921783,5233.0,1039.2153508558984,6270.153846153846,1382.0874268238667,0.8229838658936565,-0.5680647467311557,0.49999999999999994,-0.8660254037844387,2,False,False,True,False,False
2022-05-09,2022,5,19,5326,5509,283,1354.95,1313.82,1335.6,91.9,322.88,0,-0.0128,4772.0,5086.0,3842.0,4255.0,5341.0,6138.0,5609.0,6972.0,4621.0,4772.0,861.5555698850767,5085.75,1104.2466889241741,6185.653846153846,1461.6565107386266,0.7485107481711013,-0.663122658240795,0.49999999999999994,-0.8660254037844387,2,False,False,True,False,False
2022-05-16,2022,5,20,3425,3195,17,1250.91,1289.28,1224.1,32.7,326.52,0,-0.021,4768.0,4971.0,5326.0,3842.0,5650.0,6341.0,6700.0,8178.0,5346.0,4768.25,858.2798203383319,4971.25,986.6178338140868,6122.346153846154,1461.8817173029481,0.6631226582407952,-0.7485107481711012,0.49999999999999994,-0.8660254037844387,2,False,False,True,False,False
2022-05-23,2022,5,21,4130,4173,0,1260.57,1265.8,1264.07,45.1,318.16,0,-0.0144,4212.0,5004.0,3425.0,5326.0,4255.0,5468.0,3026.0,8868.0,3507.0,4212.0,816.3157069010325,5004.5,919.5446995907571,5939.538461538462,1491.4225754163501,0.5680647467311558,-0.8229838658936564,0.49999999999999994,-0.8660254037844387,2,False,False,True,False,False
2022-05-30,2022,5,22,4567,4628,0,1319.52,1292.61,1318.28,77.3,327.02,0,-0.0459,4181.0,5009.0,4130.0,3425.0,3842.0,5316.0,4077.0,7158.0,4342.0,4180.75,816.5134720260279,5008.916666666667,914.7998746207073,5757.307692307692,1406.3237968328847,0.46472317204376906,-0.8854560256532096,0.49999999999999994,-0.8660254037844387,2,False,False,True,False,False
2022-06-06,2022,6,23,4597,4607,146,1270.0,1292.08,1315.07,86.3,315.83,0,-0.0517,4362.0,4983.0,4567.0,4130.0,5326.0,5341.0,4875.0,7018.0,4049.0,4362.0,796.4743142960307,4983.25,923.1811725077199,5657.653846153846,1394.8527647693193,0.35460488704253584,-0.9350162426854147,1.2246467991473532e-16,-1.0,2,False,False,True,False,False
2022-06-13,2022,6,24,5369,5552,376,1388.04,1380.27,1431.92,72.5,324.56,0,0.0289,4180.0,4855.0,4597.0,4567.0,3425.0,5650.0,6138.0,7905.0,5215.0,4179.75,546.5597710528394,4854.833333333333,852.4163337598633,5564.538461538462,1381.149788568038,0.23931566428755768,-0.970941817426052,1.2246467991473532e-16,-1.0,2,False,False,True,False,False
2022-06-20,2022,6,25,5816,5495,0,1233.74,1245.43,1188.02,56.1,318.6,0,-0.054,4666.0,4774.0,5369.0,4597.0,4130.0,4255.0,6341.0,8052.0,4926.0,4665.75,515.1267643341126,4773.833333333333,736.6813586907328,5467.0,1296.1864989267544,0.12053668025532308,-0.992708874098054,1.2246467991473532e-16,-1.0,2,False,False,True,False,False
2022-06-27,2022,6,26,4880,4588,0,1266.43,1272.9,1221.07,72.7,313.51,0,-0.0503,5087.0,4803.0,5816.0,5369.0,4567.0,3842.0,5468.0,8381.0,4056.0,5087.25,611.4095054325968,4802.833333333333,772.47216287983,5381.0,1187.4302674262588,-3.216245299353273e-16,-1.0,1.2246467991473532e-16,-1.0,2,False,False,True,False,False
2022-07-04,2022,7,27,6809,6608,0,1384.35,1367.55,1396.05,63.3,321.22,0,0.1048,5166.0,4766.0,4880.0,5816.0,4597.0,5326.0,5316.0,6243.0,5039.0,5165.5,538.2889558592107,4766.5,756.2238124692018,5246.346153846154,1020.3792213606721,-0.12053668025532283,-0.992708874098054,-0.4999999999999997,-0.8660254037844388,3,False,False,True,False,False
2022-07-11,2022,7,28,6462,6538,138,1249.87,1237.88,1264.7,93.5,319.12,0,-0.0882,5718.0,4889.0,6809.0,4880.0,5369.0,3425.0,5341.0,6408.0,5653.0,5718.5,821.366544241972,4888.833333333333,951.2092622583431,5268.115384615385,1048.152482301045,-0.23931566428755743,-0.9709418174260521,-0.4999999999999997,-0.8660254037844388,3,False,False,True,False,False
2022-07-18,2022,7,29,5973,5483,0,1410.93,1427.78,1357.41,76.7,307.37,0,0.0724,5992.0,4956.0,6462.0,6809.0,5816.0,4130.0,5650.0,6760.0,5411.0,5991.75,847.7241591461218,4956.5,1035.4324085749267,5270.192307692308,1050.5522745387102,-0.3546048870425356,-0.9350162426854148,-0.4999999999999997,-0.8660254037844388,3,False,False,True,False,False
2022-07-25,2022,7,30,4595,4766,436,1325.75,1363.7,1383.12,64.9,300.69,0,-0.0216,6031.0,5100.0,5973.0,6462.0,4880.0,4567.0,4255.0,6320.0,5876.0,6031.0,840.4780385788391,5099.666666666667,1048.311745212996,5239.923076923077,1016.7023526313639,-0.46472317204376806,-0.8854560256532101,-0.4999999999999997,-0.8660254037844388,3,False,False,True,False,False
2022-08-01,2022,8,31,7448,8200,864,1374.9,1354.48,1348.21,76.3,307.7,0,0.0058,5960.0,5162.0,4595.0,5973.0,6809.0,4597.0,3842.0,5926.0,7690.0,5959.75,972.3166065296492,5162.416666666667,986.9256634374838,5173.576923076923,999.5399811143873,-0.5680647467311556,-0.8229838658936566,-0.8660254037844385,-0.5000000000000004,3,False,False,True,False,False
2022-08-08,2022,8,32,5894,5983,253,1390.81,1368.44,1440.62,82.2,310.79,0,0.0342,6120.0,5339.0,7448.0,4595.0,6462.0,5369.0,5326.0,5609.0,4715.0,6119.5,1187.1227119945659,5339.25,1188.4342736252922,5232.115384615385,1086.1817279598486,-0.663122658240795,-0.7485107481711013,-0.8660254037844385,-0.5000000000000004,3,False,False,True,False,False
2022-08-15,2022,8,33,7151,6384,0,1245.74,1244.96,1203.46,52.8,305.11,0,-0.0071,5978.0,5545.0,5894.0,7448.0,5973.0,5816.0,3425.0,6700.0,5972.0,5977.5,1166.2859855112722,5545.0,1030.0721069199715,5243.076923076923,1091.562070542097,-0.7485107481711011,-0.6631226582407952,-0.8660254037844385,-0.5000000000000004,3,False,False,True,False,False
2022-08-22,2022,8,34,6274,5632,0,1274.48,1272.9,1322.98,74.8,302.6,0,-0.071,6272.0,5797.0,7151.0,5894.0,4595.0,4880.0,4130.0,3026.0,6665.0,6272.0,1305.2241186861356,5796.75,1021.9414789329385,5260.423076923077,1118.8818766278011,-0.8229838658936564,-0.5680647467311559,-0.8660254037844385,-0.5000000000000004,3,False,False,True,False,False
2022-08-29,2022,8,35,5378,5597,300,1431.5,1416.29,1459.21,73.6,307.55,0,0.0888,6692.0,5939.0,6274.0,7151.0,7448.0,6809.0,4567.0,4077.0,5393.0,6691.75,728.8677863645776,5939.0,951.5857578513143,5385.346153846154,1037.8122736721766,-0.8854560256532096,-0.4647231720437691,-0.8660254037844385,-0.5000000000000004,3,False,False,True,False,False
2022-09-05,2022,9,36,10431,9126,0,1266.99,1272.45,1292.75,33.7,302.57,0,0.0183,6174.0,6004.0,5378.0,6274.0,5894.0,6462.0,4597.0,4875.0,6167.0,6174.25,747.5615359286481,6004.083333333333,875.089445644726,5435.384615384615,1002.9863838327238,-0.9350162426854147,-0.3546048870425359,-1.0,-1.8369701987210297e-16,3,False,False,True,False,False
2022-09-12,2022,9,37,8613,9122,682,1202.8,1200.0,1213.13,76.3,302.97,0,-0.0607,7308.0,6426.0,10431.0,5378.0,7151.0,5973.0,5369.0,6138.0,6141.0,7308.5,2203.923244277501,6425.916666666667,1522.036223337514,5649.076923076923,1394.3372597209589,-0.970941817426052,-0.23931566428755774,-1.0,-1.8369701987210297e-16,3,False,False,True,False,False
2022-09-19,2022,9,38,6671,6459,0,1254.9,1227.13,1213.51,40.4,302.78,0,-0.0092,7674.0,6659.0,8613.0,10431.0,6274.0,4595.0,5816.0,6341.0,5892.0,7674.0,2288.6958440707376,6659.0,1630.4471779238993,5744.2692307692305,1508.8353537133812,-0.992708874098054,-0.12053668025532357,-1.0,-1.8369701987210297e-16,3,False,False,True,False,False
2022-09-26,2022,9,39,6486,6516,81,1181.05,1182.75,1171.02,64.0,297.73,0,-0.0765,7773.0,6808.0,6671.0,8613.0,5378.0,7448.0,4880.0,5468.0,7034.0,7773.25,2215.1743911785666,6808.25,1531.7825103750586,5756.961538461538,1515.4294039847377,-1.0,-1.8369701987210297e-16,-1.0,-1.8369701987210297e-16,3,False,False,True,False,False
2022-10-03,2022,10,40,7774,7536,0,1220.88,1211.39,1230.18,58.3,297.87,0,0.0755,8050.0,6781.0,6486.0,6671.0,10431.0,5894.0,6809.0,5316.0,7657.0,8050.25,1855.9693558892611,6781.333333333333,1534.603433128476,5796.115384615385,1520.806321052699,-0.992708874098054,0.1205366802553232,-0.8660254037844386,0.5000000000000001,4,False,False,True,False,False
2022-10-10,2022,10,41,7778,7622,0,1180.36,1151.98,1161.68,52.6,299.86,0,-0.0137,7386.0,6891.0,7774.0,6486.0,8613.0,7151.0,6462.0,5341.0,7956.0,7386.0,996.2091480540948,6890.666666666667,1556.366767555618,5890.653846153846,1565.5087081791066,-0.9709418174260521,0.23931566428755738,-0.8660254037844386,0.5000000000000001,4,False,False,True,False,False
2022-10-17,2022,10,42,8137,7715,0,1129.86,1147.03,1125.59,31.0,313.45,0,0.0277,7177.0,7041.0,7778.0,7774.0,6671.0,6274.0,5973.0,5650.0,7743.0,7177.25,695.4918523366506,7041.083333333333,1546.8090002755162,5984.384615384615,1603.770209897243,-0.9350162426854148,0.35460488704253557,-0.8660254037844386,0.5000000000000001,4,False,False,True,False,False
2022-10-24,2022,10,43,5736,6189,467,1274.68,1271.13,1312.39,66.1,301.7,0,0.066,7544.0,7336.0,8137.0,7778.0,6486.0,5378.0,4595.0,4255.0,7993.0,7543.75,725.4122391210844,7336.25,1364.8519150442694,6080.038461538462,1656.3335528997593,-0.8854560256532101,0.464723172043768,-0.8660254037844386,0.5000000000000001,4,False,False,True,False,False
2022-10-31,2022,10,44,7791,7507,0,1180.22,1182.8,1242.94,64.3,300.79,0,0.0177,7356.0,7194.0,5736.0,8137.0,7774.0,10431.0,7448.0,3842.0,6039.0,7356.25,1093.4911598484302,7193.583333333333,1439.5420647069036,6137.0,1616.0353709000312,-0.822983865893657,0.5680647467311548,-0.8660254037844386,0.5000000000000001,4,False,False,True,False,False
2022-11-07,2022,11,45,9236,8893,0,1187.18,1177.45,1221.01,28.8,301.84,0,-0.0039,7360.0,7352.0,7791.0,5736.0,7778.0,8613.0,5894.0,5326.0,6972.0,7360.5,1095.6868469898986,7351.666666666667,1387.0570764511976,6288.884615384615,1576.8088870100426,-0.7485107481711011,0.6631226582407952,-0.5000000000000004,0.8660254037844384,4,False,False,True,False,False
2022-11-14,2022,11,46,6601,6265,0,1207.8,1224.59,1221.51,38.3,313.76,0,0.017,7725.0,7525.0,9236.0,7791.0,8137.0,6671.0,7151.0,3425.0,8178.0,7725.0,1462.1151345453836,7525.416666666667,1486.6489747894204,6439.2692307692305,1665.2746934411118,-0.6631226582407955,0.7485107481711007,-0.5000000000000004,0.8660254037844384,4,False,False,True,False,False
2022-11-21,2022,11,47,8700,9449,701,1077.53,1058.54,1046.83,37.8,313.31,0,-0.0512,7341.0,7553.0,6601.0,9236.0,5736.0,6486.0,6274.0,4130.0,8868.0,7341.0,1518.4586483229189,7552.666666666667,1464.4567303787185,6561.423076923077,1547.654642950474,-0.5680647467311559,0.8229838658936564,-0.5000000000000004,0.8660254037844384,4,False,False,True,False,False
2022-11-28,2022,11,48,5583,6010,494,1094.15,1087.85,1156.23,38.5,312.5,0,-0.0151,8082.0,7830.0,8700.0,6601.0,7791.0,7774.0,5378.0,4567.0,7158.0,8082.0,1153.4993136827893,7829.5,1323.1686142809594,6737.192307692308,1519.7276076779249,-0.4647231720437684,0.88545602565321,-0.5000000000000004,0.8660254037844384,4,False,False,True,False,False
2022-12-05,2022,12,49,8080,8310,229,1070.83,1037.66,1081.88,10.0,311.44,0,0.0135,7530.0,7426.0,5583.0,8700.0,9236.0,7778.0,10431.0,4597.0,7018.0,7530.0,1725.6096507225107,7425.5,1190.0685618140628,6776.2692307692305,1474.0695114598198,-0.35460488704253595,0.9350162426854147,-2.4492935982947064e-16,1.0,4,False,False,True,False,False
2022-12-12,2022,12,50,5154,5295,0,1137.32,1133.55,1140.89,45.0,304.79,0,0.023,7241.0,7381.0,8080.0,5583.0,6601.0,8137.0,8613.0,5369.0,7905.0,7241.0,1413.1720819961495,7381.083333333333,1151.0246390486086,6910.2307692307695,1425.5656367264864,-0.2393156642875578,0.970941817426052,-2.4492935982947064e-16,1.0,4,False,False,True,False,False
2022-12-19,2022,12,51,5849,5567,0,1085.2,1103.9,1091.24,26.7,314.71,0,-0.021,6879.0,7255.0,5154.0,8080.0,8700.0,5736.0,6671.0,5816.0,8052.0,6879.25,1771.4102432807592,7254.666666666667,1308.619767911866,6901.961538461538,1435.4526946094554,-0.12053668025532363,0.992708874098054,-2.4492935982947064e-16,1.0,4,False,False,True,False,False
2022-12-26,2022,12,52,7574,6766,0,1071.6,1069.94,1089.85,31.4,316.79,0,-0.0162,6166.0,7202.0,5849.0,5154.0,5583.0,7791.0,6486.0,4880.0,8381.0,6166.5,1307.404171121794,7201.583333333333,1354.7418042049985,6903.2307692307695,1434.4683282022622,6.432490598706546e-16,1.0,-2.4492935982947064e-16,1.0,4,False,False,True,False,False
2023-01-02,2023,1,1,7625,7452,0,1149.02,1081.7,1243.38,18.5,326.56,0,0.0209,6664.0,7185.0,7574.0,5849.0,8080.0,9236.0,7774.0,6809.0,6243.0,6664.25,1387.7416606366853,7184.916666666667,1348.2742813978157,7006.846153846154,1378.692328035746,0.12053668025532305,0.992708874098054,0.49999999999999994,0.8660254037844387,1,False,False,True,False,False
2023-01-09,2023,1,2,5243,5140,0,1128.24,1143.24,1086.51,13.8,317.12,0,-0.0535,6550.0,7172.0,7625.0,7574.0,5154.0,6601.0,7778.0,6462.0,6408.0,6550.5,1244.2423397393284,7172.166666666667,1342.8684923993103,7038.2307692307695,1383.2884676073154,0.23931566428755774,0.970941817426052,0.49999999999999994,0.8660254037844387,1,False,False,True,False,False
2023-01-16,2023,1,3,6050,6641,474,1045.0,1055.51,940.78,14.6,323.6,0,-0.0073,6573.0,6931.0,5243.0,7625.0,5849.0,8700.0,8137.0,5973.0,6760.0,6572.75,1211.3051845014115,6931.0,1411.9328467162914,6991.346153846154,1423.6689767585108,0.3546048870425356,0.9350162426854148,0.49999999999999994,0.8660254037844387,1,False,False,True,False,False
2023-01-23,2023,1,4,6272,6513,265,1251.49,1314.35,1159.38,18.4,312.7,0,0.0743,6623.0,6957.0,6050.0,5243.0,7574.0,5583.0,5736.0,4595.0,6320.0,6623.0,1174.8948889155993,6957.166666666667,1390.5204279715085,6994.307692307692,1421.5443649561105,0.4647231720437685,0.8854560256532099,0.49999999999999994,0.8660254037844387,1,False,False,True,False,False
2023-01-30,2023,1,5,7702,7518,29,1146.1,1130.15,1104.01,20.8,321.19,0,0.0383,6298.0,6831.0,6272.0,6050.0,7625.0,8080.0,7791.0,7448.0,5926.0,6297.5,989.2982361249809,6830.583333333333,1376.785218499528,7058.807692307692,1344.2707173551287,0.5680647467311558,0.8229838658936564,0.49999999999999994,0.8660254037844387,1,False,False,True,False,False
2023-02-06,2023,2,6,5840,5146,0,1291.32,1314.43,1220.41,29.1,319.99,0,0.0403,6317.0,6703.0,7702.0,6272.0,5243.0,5154.0,9236.0,5894.0,5609.0,6316.75,1023.8839045516823,6702.75,1191.9485288612714,7068.576923076923,1348.1296428185847,0.6631226582407952,0.7485107481711011,0.8660254037844386,0.5000000000000001,1,False,False,True,False,False
2023-02-13,2023,2,7,5819,5946,128,1227.34,1238.26,1186.81,14.5,320.95,0,0.0239,6466.0,6639.0,5840.0,7702.0,6050.0,5849.0,6601.0,7151.0,6700.0,6466.0,842.667194092661,6639.333333333333,1217.81767058451,7066.5,1350.0517990062497,0.7485107481711011,0.6631226582407953,0.8660254037844386,0.5000000000000001,1,False,False,True,False,False
2023-02-20,2023,2,8,5820,6265,414,1249.74,1228.48,1373.97,41.9,316.75,0,0.0125,6408.0,6399.0,5819.0,5840.0,6272.0,7574.0,8700.0,6274.0,3026.0,6408.25,887.4076008238821,6399.25,1046.587452368194,7015.2692307692305,1371.814464355656,0.8229838658936564,0.5680647467311559,0.8660254037844386,0.5000000000000001,1,False,False,True,False,False
2023-02-27,2023,2,9,6587,7260,345,1253.4,1248.85,1248.07,29.0,328.5,0,-0.0229,6295.0,6419.0,5820.0,5819.0,7702.0,7625.0,5583.0,5378.0,4077.0,6295.25,937.8832105687068,6419.0,1031.9171918856146,6997.807692307692,1384.4585084207008,0.8854560256532099,0.4647231720437686,0.8660254037844386,0.5000000000000001,1,False,False,True,False,False
2023-03-06,2023,3,10,5446,5219,0,1129.09,1136.52,1185.67,47.9,320.36,1,-0.0926,6016.0,6295.0,6587.0,5820.0,5840.0,5243.0,8080.0,10431.0,4875.0,6016.5,380.45630498126627,6294.583333333333,894.271309079311,7044.307692307692,1347.6928661748093,0.9350162426854148,0.35460488704253557,1.0,6.123233995736766e-17,1,False,False,True,False,False
2023-03-13,2023,3,11,6061,5739,0,1182.53,1193.51,1156.49,47.3,326.18,1,-0.0325,5918.0,6319.0,5446.0,6587.0,5819.0,6050.0,5154.0,8613.0,6138.0,5918.0,479.49626345433074,6318.916666666667,863.8703036423651,6852.576923076923,1192.2420282166547,0.970941817426052,0.23931566428755804,1.0,6.123233995736766e-17,1,False,False,True,False,False
2023-03-20,2023,3,12,4698,4585,0,1218.61,1215.59,1199.23,32.5,326.52,1,-0.013,5978.0,6337.0,6061.0,5446.0,5820.0,6272.0,5849.0,6671.0,6341.0,5978.5,478.10633405829816,6336.583333333333,855.5139293625405,6754.423076923077,1145.653391670518,0.992708874098054,0.120536680255323,1.0,6.123233995736766e-17,1,False,False,True,False,False
2023-03-27,2023,3,13,6705,6259,0,1267.54,1254.24,1292.57,42.2,324.71,1,0.0473,5698.0,6097.0,4698.0,6061.0,6587.0,7702.0,7574.0,6486.0,5468.0,5698.0,813.5506540263273,6096.916666666667,879.8460049487304,6678.538461538462,1214.664372763746,1.0,-1.6081226496766366e-16,1.0,6.123233995736766e-17,1,False,False,True,False,False
2023-04-03,2023,4,14,5968,5181,0,1212.22,1190.63,1209.11,49.9,324.77,1,-0.0316,5728.0,6020.0,6705.0,4698.0,5446.0,5840.0,7625.0,7774.0,5316.0,5727.5,857.4848881078497,6020.25,767.49961504284,6686.961538461538,1214.034974150887,0.992708874098054,-0.12053668025532288,0.8660254037844387,-0.4999999999999998,2,False,False,True,False,False
2023-04-10,2023,4,15,6194,6171,348,1318.49,1316.18,1347.41,65.0,332.79,1,-0.0157,5858.0,6081.0,5968.0,6705.0,6061.0,5819.0,5243.0,7778.0,5341.0,5858.0,839.9043596346739,6080.666666666667,728.287072936256,6617.5,1200.946768179175,0.9709418174260521,-0.2393156642875575,0.8660254037844387,-0.4999999999999998,2,False,False,True,False,False
2023-04-17,2023,4,16,4594,5196,716,1313.22,1279.63,1340.29,32.3,326.52,1,0.0185,5891.0,6093.0,6194.0,5968.0,4698.0,5820.0,6050.0,8137.0,5650.0,5891.25,853.1476523244174,6092.666666666667,728.921910437017,6556.576923076923,1179.7104449169544,0.9350162426854148,-0.35460488704253545,0.8660254037844387,-0.4999999999999998,2,False,False,True,False,False
2023-04-24,2023,4,17,5357,4687,0,1384.33,1471.6,1322.12,78.4,325.6,1,-0.0293,5865.0,5953.0,4594.0,6194.0,6705.0,6587.0,6272.0,5736.0,4255.0,5865.25,901.8297603576104,5952.833333333333,843.3590665615168,6420.307692307692,1194.388337827553,0.8854560256532099,-0.4647231720437685,0.8660254037844387,-0.4999999999999998,2,False,False,True,False,False
2023-05-01,2023,5,18,5477,5306,0,1375.0,1359.07,1348.55,34.0,325.05,0,0.03,5528.0,5757.0,5357.0,4594.0,5968.0,5446.0,7702.0,7791.0,3842.0,5528.25,716.1826466295672,5757.416666666667,650.9420388012929,6405.7307692307695,1205.3366187979968,0.8229838658936565,-0.5680647467311557,0.49999999999999994,-0.8660254037844387,2,False,False,True,False,False
2023-05-08,2023,5,19,4188,4233,137,1441.91,1438.9,1464.59,61.1,332.32,0,-0.0312,5406.0,5727.0,5477.0,5357.0,6194.0,6061.0,5840.0,9236.0,5326.0,5405.5,655.1663910793945,5727.166666666667,655.1761502670741,6316.7307692307695,1184.204933537851,0.7485107481711013,-0.663122658240795,0.49999999999999994,-0.8660254037844387,2,False,False,True,False,False
2023-05-15,2023,5,20,3169,3418,204,1405.64,1386.01,1500.02,76.2,325.03,0,-0.0095,4904.0,5591.0,4188.0,5477.0,4594.0,4698.0,5819.0,6601.0,3425.0,4904.0,617.0613151597377,5591.25,789.7487661505767,6122.576923076923,1097.0470609076685,0.6631226582407952,-0.7485107481711012,0.49999999999999994,-0.8660254037844387,2,False,False,True,False,False
2023-05-22,2023,5,21,4844,4294,0,1319.26,1362.26,1299.59,68.3,329.0,0,-0.0045,4548.0,5370.0,3169.0,4188.0,5357.0,6705.0,5820.0,8700.0,4130.0,4547.75,1087.6216790164974,5370.333333333333,1048.3776499762334,5990.576923076923,1234.9819487936463,0.5680647467311558,-0.8229838658936564,0.49999999999999994,-0.8660254037844387,2,False,False,True,False,False
2023-05-29,2023,5,22,5283,5263,205,1321.48,1318.97,1294.27,51.8,330.92,0,-0.0438,4420.0,5225.0,4844.0,3169.0,5477.0,5968.0,6587.0,5583.0,4567.0,4419.5,985.8750766028447,5225.083333333333,983.2058379082995,5842.2692307692305,1123.054782553096,0.46472317204376906,-0.8854560256532096,0.49999999999999994,-0.8660254037844387,2,False,False,True,False,False
2023-06-05,2023,6,23,4699,4534,0,1362.27,1369.85,1334.52,77.2,321.01,0,-0.026,4371.0,5212.0,5283.0,4844.0,4188.0,6194.0,5446.0,8080.0,4597.0,4371.0,919.0150524701241,5211.5,980.9998146603432,5830.7307692307695,1127.3579931039571,0.35460488704253584,-0.9350162426854147,1.2246467991473532e-16,-1.0,2,False,False,True,False,False
2023-06-12,2023,6,24,5501,6113,515,1475.16,1420.3,1477.84,95.2,307.76,0,0.0105,4499.0,5098.0,4699.0,5283.0,3169.0,4594.0,6061.0,5154.0,5369.0,4498.75,920.6122509866274,5098.0,952.1452333832984,5700.692307692308,1049.8636775974571,0.23931566428755768,-0.970941817426052,1.2246467991473532e-16,-1.0,2,False,False,True,False,False
2023-06-19,2023,6,25,6105,6083,193,1287.96,1292.19,1401.11,83.8,328.14,0,-0.0549,5082.0,5165.0,5501.0,4699.0,4844.0,5357.0,4698.0,5849.0,5816.0,5081.75,373.8514633737107,5164.916666666667,949.6918599145039,5714.038461538462,1044.8294973159661,0.12053668025532308,-0.992708874098054,1.2246467991473532e-16,-1.0,2,False,False,True,False,False
2023-06-26,2023,6,26,3791,4054,457,1474.94,1485.68,1598.43,74.6,313.22,0,0.057,5397.0,5115.0,6105.0,5501.0,5283.0,5477.0,6705.0,7574.0,4880.0,5397.0,580.8843832180935,5114.916666666667,874.016897936635,5723.884615384615,1047.3553867498092,-3.216245299353273e-16,-1.0,1.2246467991473532e-16,-1.0,2,False,False,True,False,False
2023-07-03,2023,7,27,5732,6077,119,1349.34,1362.69,1370.04,73.5,309.08,0,0.0203,5024.0,4934.0,3791.0,6105.0,4699.0,4188.0,5968.0,7625.0,6809.0,5024.0,1003.660633215563,4933.5,906.1918821489828,5578.384615384615,1042.8139269082671,-0.12053668025532283,-0.992708874098054,-0.4999999999999997,-0.8660254037844388,3,False,False,True,False,False
2023-07-10,2023,7,28,4964,4683,0,1304.0,1304.71,1301.53,68.6,320.53,0,-0.0431,5282.0,4895.0,5732.0,3791.0,5501.0,3169.0,6194.0,5243.0,6462.0,5282.25,1024.8366943079266,4895.0,856.2060074962775,5505.576923076923,956.7373797684231,-0.23931566428755743,-0.9709418174260521,-0.4999999999999997,-0.8660254037844388,3,False,False,True,False,False
2023-07-17,2023,7,29,6035,6098,0,1481.58,1490.33,1435.56,75.1,317.16,0,0.0091,5148.0,4926.0,4964.0,5732.0,6105.0,4844.0,4594.0,6050.0,5973.0,5148.0,1021.797435894218,4925.833333333333,851.0275963192723,5494.846153846154,961.3537410259603,-0.3546048870425356,-0.9350162426854148,-0.4999999999999997,-0.8660254037844388,3,False,False,True,False,False
2023-07-24,2023,7,30,3903,3949,167,1412.39,1410.66,1352.59,87.7,317.2,0,0.0234,5130.0,4982.0,6035.0,4964.0,3791.0,5283.0,5357.0,6272.0,4595.0,5130.5,1000.3174496128709,4982.333333333333,903.1644704072729,5494.2692307692305,961.0116984799813,-0.46472317204376806,-0.8854560256532101,-0.4999999999999997,-0.8660254037844388,3,False,False,True,False,False
2023-07-31,2023,7,31,4976,5005,125,1506.17,1447.83,1460.3,94.2,307.55,0,0.0502,5158.0,4851.0,3903.0,6035.0,5732.0,4699.0,5477.0,7702.0,7448.0,5158.5,950.6602968463543,4851.166666666667,938.4017198826822,5403.153846153846,995.9921161257295,-0.5680647467311556,-0.8229838658936566,-0.4999999999999997,-0.8660254037844388,3,False,False,True,False,False
2023-08-07,2023,8,32,7752,7196,0,1330.94,1351.08,1256.7,58.6,304.4,0,0.0115,4970.0,4917.0,4976.0,3903.0,4964.0,5501.0,4188.0,5840.0,5894.0,4969.5,870.39933363945,4916.833333333333,915.057060648358,5298.307692307692,881.1801981084539,-0.663122658240795,-0.7485107481711013,-0.8660254037844385,-0.5000000000000004,3,False,False,True,False,False
2023-08-14,2023,8,33,6289,5935,0,1398.13,1364.94,1457.29,76.0,312.15,0,0.0352,5666.0,5299.0,7752.0,4976.0,6035.0,6105.0,3169.0,5819.0,7151.0,5666.5,1640.3073898917032,5298.75,1063.593747203744,5371.846153846154,999.9706672620994,-0.7485107481711011,-0.6631226582407952,-0.8660254037844385,-0.5000000000000004,3,False,False,True,False,False
2023-08-21,2023,8,34,7498,7452,0,1350.57,1334.43,1370.57,83.4,319.74,0,0.043,5730.0,5419.0,6289.0,7752.0,3903.0,3791.0,4844.0,5820.0,6274.0,5730.0,1664.0723141338135,5419.166666666667,1088.9253946673796,5389.923076923077,1012.546529225273,-0.8229838658936564,-0.5680647467311559,-0.8660254037844385,-0.5000000000000004,3,False,False,True,False,False
2023-08-28,2023,8,35,6339,6655,357,1337.7,1306.21,1435.11,71.5,303.64,0,-0.0032,6629.0,5604.0,7498.0,6289.0,4976.0,5732.0,5283.0,6587.0,5378.0,6628.75,1273.3549845454195,5603.75,1240.8757263246846,5454.461538461538,1091.4575293897292,-0.8854560256532096,-0.4647231720437691,-0.8660254037844385,-0.5000000000000004,3,False,False,True,False,False
2023-09-04,2023,9,36,5603,6087,381,1355.26,1332.52,1358.94,58.1,302.7,0,0.0368,6970.0,5740.0,6339.0,7498.0,7752.0,4964.0,4699.0,5446.0,10431.0,6969.5,764.2488687157685,5740.416666666667,1222.3444283487156,5444.923076923077,1082.2086276897571,-0.9350162426854147,-0.3546048870425359,-1.0,-1.8369701987210297e-16,3,False,False,True,False,False
2023-09-11,2023,9,37,8005,8781,497,1305.84,1299.95,1378.39,90.9,303.21,0,-0.0181,6432.0,5749.0,5603.0,6339.0,6289.0,6035.0,5501.0,6061.0,8613.0,6432.25,785.8529866754121,5748.916666666667,1220.88198062141,5450.961538461538,1082.652796819706,-0.970941817426052,-0.23931566428755774,-1.0,-1.8369701987210297e-16,3,False,False,True,False,False
2023-09-18,2023,9,38,8459,8896,487,1367.62,1341.29,1405.52,75.6,318.12,0,0.0249,6861.0,5907.0,8005.0,5603.0,7498.0,3903.0,6105.0,4698.0,6671.0,6861.25,1090.80287708947,5907.25,1383.6172700570048,5525.7307692307695,1188.4282244272804,-0.992708874098054,-0.12053668025532357,-1.0,-1.8369701987210297e-16,3,False,False,True,False,False
2023-09-25,2023,9,39,7097,7349,333,1213.97,1237.16,1212.09,50.7,299.95,0,-0.0318,7102.0,6296.0,8459.0,8005.0,6339.0,4976.0,3791.0,6705.0,6486.0,7101.5,1352.2853495718518,6296.25,1390.7299015592175,5670.384615384615,1306.658764235652,-1.0,-1.8369701987210297e-16,-1.0,-1.8369701987210297e-16,3,False,False,True,False,False
2023-10-02,2023,10,40,8193,8981,730,1265.83,1278.38,1265.91,65.1,309.74,0,0.0045,7291.0,6410.0,7097.0,8459.0,5603.0,7752.0,5732.0,5968.0,7774.0,7291.0,1259.7618822618815,6410.0,1396.19547993174,5685.461538461538,1321.2542595812258,-0.992708874098054,0.1205366802553232,-0.8660254037844386,0.5000000000000001,4,False,False,True,False,False
2023-10-09,2023,10,41,7892,8461,349,1202.09,1146.31,1239.72,43.9,304.6,0,-0.0094,7938.0,6679.0,8193.0,7097.0,8005.0,6289.0,4964.0,6194.0,7778.0,7938.5,591.1105367582825,6679.083333333333,1403.316944588678,5771.038461538462,1409.4017590671347,-0.9709418174260521,0.23931566428755738,-0.8660254037844386,0.5000000000000001,4,False,False,True,False,False
2023-10-16,2023,10,42,7573,7916,0,1191.32,1206.86,1259.34,61.0,304.29,0,-0.0122,7910.0,6834.0,7892.0,8193.0,8459.0,7498.0,6035.0,4594.0,8137.0,7910.25,589.571242514421,6833.833333333333,1428.0067375276108,5836.346153846154,1467.9103771636098,-0.9350162426854148,0.35460488704253557,-0.8660254037844386,0.5000000000000001,4,False,False,True,False,False
2023-10-23,2023,10,43,8493,8420,160,1222.78,1203.06,1226.48,45.8,307.16,0,0.0251,7689.0,7140.0,7573.0,7892.0,7097.0,6339.0,3903.0,5357.0,5736.0,7688.75,468.7375776131724,7139.666666666667,1098.155919823062,5950.923076923077,1483.2429315004842,-0.8854560256532101,0.464723172043768,-0.8660254037844386,0.5000000000000001,4,False,False,True,False,False
2023-10-30,2023,10,44,6860,6308,0,1313.45,1319.57,1281.51,58.0,309.24,0,0.102,8038.0,7433.0,8493.0,7573.0,8193.0,5603.0,4976.0,5477.0,7791.0,8037.75,395.2175561215175,7432.75,923.6633708918457,6071.538461538462,1558.6070763542475,-0.822983865893657,0.5680647467311548,-0.8660254037844386,0.5000000000000001,4,False,False,True,False,False
2023-11-06,2023,11,45,7907,7516,0,1223.35,1211.2,1166.91,27.9,305.31,0,0.0253,7704.0,7358.0,6860.0,8493.0,7892.0,8005.0,7752.0,4188.0,9236.0,7704.5,680.039459639413,7358.416666666667,931.49493321546,6124.7307692307695,1561.102573380552,-0.7485107481711011,0.6631226582407952,-0.5000000000000004,0.8660254037844384,4,False,False,True,False,False
2023-11-13,2023,11,46,7670,7708,0,1208.96,1175.11,1237.36,55.3,316.43,0,-0.015,7708.0,7493.0,7907.0,6860.0,7573.0,8459.0,6289.0,3169.0,6601.0,7708.25,681.4579346274169,7493.25,878.2028265414943,6267.7692307692305,1546.8630012432848,-0.6631226582407955,0.7485107481711007,-0.5000000000000004,0.8660254037844384,4,False,False,True,False,False
2023-11-20,2023,11,47,6586,6043,0,1197.83,1173.67,1097.89,53.8,314.82,0,0.0096,7732.0,7508.0,7670.0,7907.0,8493.0,7097.0,7498.0,4844.0,8700.0,7732.5,676.7503232359761,7507.583333333333,879.6897653908162,6440.884615384615,1433.936074639956,-0.5680647467311559,0.8229838658936564,-0.5000000000000004,0.8660254037844384,4,False,False,True,False,False
2023-11-27,2023,11,48,8343,7975,0,1196.05,1165.57,1246.21,43.5,320.05,0,-0.0059,7256.0,7528.0,6586.0,7670.0,6860.0,8193.0,6339.0,5283.0,5583.0,7255.75,632.6960170571632,7528.166666666667,852.3251442467057,6507.884615384615,1396.5474664879264,-0.4647231720437684,0.88545602565321,-0.5000000000000004,0.8660254037844384,4,False,False,True,False,False
2023-12-04,2023,12,49,8047,7229,0,1042.86,1076.73,1058.84,54.7,313.73,0,-0.0842,7626.0,7756.0,8343.0,6586.0,7907.0,7892.0,5603.0,4699.0,8080.0,7626.5,747.570509495034,7756.5,626.9038638782455,6625.576923076923,1417.9673951985476,-0.35460488704253595,0.9350162426854147,-2.4492935982947064e-16,1.0,4,False,False,True,False,False
2023-12-11,2023,12,50,6190,6264,94,1096.62,1091.8,1123.36,35.0,315.86,0,-0.0075,7662.0,7760.0,8047.0,8343.0,7670.0,7573.0,8005.0,5501.0,5154.0,7661.5,768.0766020825428,7760.0,628.5324899391519,6754.346153846154,1387.7091033010545,-0.2393156642875578,0.970941817426052,-2.4492935982947064e-16,1.0,4,False,False,True,False,False
2023-12-18,2023,12,51,6636,6654,0,1124.07,1133.07,1133.14,8.0,320.09,0,0.0034,7292.0,7571.0,6190.0,8047.0,6586.0,8493.0,8459.0,6105.0,5849.0,7291.5,1062.6170523758774,7570.916666666667,731.9247922533901,6780.846153846154,1369.2737547271608,-0.12053668025532363,0.992708874098054,-2.4492935982947064e-16,1.0,4,False,False,True,False,False
2023-12-25,2023,12,52,6682,6451,0,1213.84,1231.54,1180.22,49.1,313.6,0,0.0208,7304.0,7532.0,6636.0,6190.0,8343.0,6860.0,7097.0,3791.0,7574.0,7304.0,1051.790536814879,7532.5,770.1602548702668,6801.2692307692305,1362.7345026142789,6.432490598706546e-16,1.0,-2.4492935982947064e-16,1.0,4,False,False,True,False,False
2024-01-01,2024,1,1,6646,6249,0,1179.32,1186.63,1119.24,24.9,329.18,0,0.0299,6889.0,7407.0,6682.0,6636.0,8047.0,7907.0,8193.0,5732.0,7625.0,6888.75,803.4141211106501,7406.583333333333,775.8540699634194,6912.461538461538,1217.49218414803,0.12053668025532305,0.992708874098054,0.49999999999999994,0.8660254037844387,1,False,False,True,False,False
2024-01-08,2024,1,2,7692,8227,433,1156.72,1174.55,1266.92,17.0,320.89,0,-0.0179,6538.0,7303.0,6646.0,6682.0,6190.0,7670.0,7892.0,4964.0,5243.0,6538.5,233.17161062187307,7302.75,788.2619690294562,6947.615384615385,1195.0324205450866,0.23931566428755774,0.970941817426052,0.49999999999999994,0.8660254037844387,1,False,False,True,False,False
2024-01-15,2024,1,3,6846,7190,323,1288.05,1252.04,1350.01,27.6,321.75,0,0.0144,6914.0,7313.0,7692.0,6646.0,6636.0,6586.0,7573.0,6035.0,6050.0,6914.0,519.0427085831489,7312.666666666667,792.7069082733265,7052.538461538462,1132.0019516156065,0.3546048870425356,0.9350162426854148,0.49999999999999994,0.8660254037844387,1,False,False,True,False,False
2024-01-22,2024,1,4,9498,8814,0,1060.24,1075.6,1114.98,32.3,323.62,0,-0.0624,6966.0,7175.0,6846.0,7692.0,6682.0,8343.0,8493.0,3903.0,6272.0,6966.5,491.4370085100751,7175.416666666667,707.7985664057767,7083.7307692307695,1113.8704972371736,0.4647231720437685,0.8854560256532099,0.49999999999999994,0.8660254037844387,1,False,False,True,False,False
2024-01-29,2024,1,5,6850,7294,418,1145.26,1164.91,1170.62,29.9,327.78,0,-0.0256,7670.0,7395.0,9498.0,6846.0,6646.0,8047.0,6860.0,4976.0,7702.0,7670.5,1299.9511529284468,7395.25,964.1648411496374,7298.923076923077,1010.4520542045323,0.5680647467311558,0.8229838658936564,0.49999999999999994,0.8660254037844387,1,False,False,True,False,False
2024-02-05,2024,2,6,5418,5305,41,1188.39,1176.55,1164.03,14.2,322.43,0,0.0075,7722.0,7307.0,6850.0,9498.0,7692.0,6190.0,7907.0,7752.0,5840.0,7721.5,1249.377845169346,7307.166666666667,961.4410428039216,7371.0,898.7952380826267,0.6631226582407952,0.7485107481711011,0.8660254037844386,0.5000000000000001,1,False,False,True,False,False
2024-02-12,2024,2,7,4986,4649,0,1163.99,1152.61,1237.97,0.0,314.74,0,-0.011,7153.0,7120.0,5418.0,6850.0,6846.0,6636.0,7670.0,6289.0,5819.0,7153.0,1702.479368450613,7119.5,1094.7284843948592,7281.2307692307695,972.7352901048619,0.7485107481711011,0.6631226582407953,0.8660254037844386,0.5000000000000001,1,False,False,True,False,False
2024-02-19,2024,2,8,6331,6007,0,1134.43,1125.42,1158.68,15.2,322.54,0,-0.0223,6688.0,6986.0,4986.0,5418.0,9498.0,6682.0,6586.0,7498.0,5820.0,6688.0,2035.6856338835814,6986.166666666667,1251.7842417440781,7231.115384615385,1055.9092887904012,0.8229838658936564,0.5680647467311559,0.8660254037844386,0.5000000000000001,1,False,False,True,False,False
2024-02-26,2024,2,9,6095,6527,500,1185.36,1201.67,1156.3,37.2,322.88,0,-0.0306,5896.0,6818.0,6331.0,4986.0,6850.0,6646.0,8343.0,6339.0,6587.0,5896.25,847.7273048176118,6818.5,1186.5727192978206,7186.2307692307695,1068.8350783050626,0.8854560256532099,0.4647231720437686,0.8660254037844386,0.5000000000000001,1,False,False,True,False,False
2024-03-04,2024,3,10,6184,6746,638,1261.81,1268.1,1245.32,14.8,335.95,1,-0.0089,5708.0,6656.0,6095.0,6331.0,5418.0,7692.0,8047.0,5603.0,5446.0,5707.5,617.3278437480891,6655.833333333333,1135.5502337339979,7176.846153846154,1077.6067071917378,0.9350162426854148,0.35460488704253557,1.0,6.123233995736766e-17,1,False,False,True,False,False
2024-03-11,2024,3,11,6055,5552,0,1347.47,1366.42,1376.21,51.5,337.45,1,-0.0193,5899.0,6655.0,6184.0,6095.0,4986.0,6846.0,6190.0,8005.0,6061.0,5899.0,616.3965174030959,6655.333333333333,1135.775292543168,7199.192307692308,1049.3173788413428,0.970941817426052,0.23931566428755804,1.0,6.123233995736766e-17,1,False,False,True,False,False
2024-03-18,2024,3,12,7927,7424,0,1390.63,1396.48,1381.71,44.6,329.35,1,0.0291,6166.0,6607.0,6055.0,6184.0,6331.0,9498.0,6636.0,8459.0,4698.0,6166.25,122.35297299207166,6606.916666666667,1148.9812450667566,7124.192307692308,1059.0613587221778,0.992708874098054,0.120536680255323,1.0,6.123233995736766e-17,1,False,False,True,False,False
2024-03-25,2024,3,13,6350,5969,0,1263.56,1291.05,1298.52,9.9,338.51,1,-0.0146,6565.0,6711.0,7927.0,6055.0,6095.0,6850.0,6682.0,7097.0,6705.0,6565.25,909.4329277082498,6710.666666666667,1210.9181590342068,7103.7307692307695,1037.1533563631697,1.0,-1.6081226496766366e-16,1.0,6.123233995736766e-17,1,False,False,True,False,False
2024-04-01,2024,4,14,5495,5424,123,1348.44,1360.82,1338.29,29.8,328.53,1,0.0077,6629.0,6686.0,6350.0,7927.0,6184.0,5418.0,6646.0,8193.0,5968.0,6629.0,873.7173455986774,6686.0,1215.3618241644617,7075.0,1047.6407781296045,0.992708874098054,-0.12053668025532288,0.8660254037844387,-0.4999999999999998,2,False,False,True,False,False
2024-04-08,2024,4,15,4711,4910,615,1463.42,1467.85,1480.89,76.5,333.62,1,0.0264,6457.0,6503.0,5495.0,6350.0,6055.0,4986.0,7692.0,7892.0,6194.0,6456.75,1042.3365979055577,6502.916666666667,1215.519302291175,6971.2307692307695,1065.9322045118004,0.9709418174260521,-0.2393156642875575,0.8660254037844387,-0.4999999999999998,2,False,False,True,False,False
2024-04-15,2024,4,16,5940,5323,0,1427.22,1386.22,1466.84,61.4,319.54,1,0.0544,6121.0,6325.0,4711.0,5495.0,7927.0,6331.0,6846.0,7573.0,4594.0,6120.75,1377.6855894337184,6325.0,1313.0729398835936,6848.884615384615,1136.2557925721862,0.9350162426854148,-0.35460488704253545,0.8660254037844387,-0.4999999999999998,2,False,False,True,False,False
2024-04-22,2024,4,17,5546,5473,0,1366.87,1364.0,1400.37,70.2,329.75,1,0.0072,5624.0,6028.0,5940.0,4711.0,6350.0,6095.0,9498.0,8493.0,5357.0,5624.0,701.6984157504315,6028.5,852.3291617679126,6786.076923076923,1139.7560062777272,0.8854560256532099,-0.4647231720437685,0.8660254037844387,-0.4999999999999998,2,False,False,True,False,False
2024-04-29,2024,4,18,5114,4937,0,1455.68,1456.93,1515.24,51.3,322.32,1,0.0759,5423.0,5920.0,5546.0,5940.0,5495.0,6184.0,6850.0,6860.0,5477.0,5423.0,514.6344981311158,5919.833333333333,820.6071846597142,6672.7307692307695,1109.3469631343407,0.8229838658936565,-0.5680647467311557,0.8660254037844387,-0.4999999999999998,2,False,False,True,False,False
2024-05-06,2024,5,19,5753,5725,13,1335.43,1338.29,1318.4,43.0,318.08,0,0.0008,5328.0,5894.0,5114.0,5546.0,4711.0,6055.0,5418.0,7907.0,4188.0,5327.75,531.8373028160638,5894.5,841.9235011675182,6605.576923076923,1149.6710546265626,0.7485107481711013,-0.663122658240795,0.49999999999999994,-0.8660254037844387,2,False,False,True,False,False
2024-05-13,2024,5,20,4391,4468,29,1480.52,1472.88,1510.73,71.8,324.46,0,-0.0521,5588.0,5958.0,5753.0,5114.0,5940.0,7927.0,4986.0,7670.0,3169.0,5588.25,354.76224432709705,5958.416666666667,794.4588161799528,6522.7307692307695,1129.5720094865057,0.6631226582407952,-0.7485107481711012,0.49999999999999994,-0.8660254037844387,2,False,False,True,False,False
2024-05-20,2024,5,21,3795,3981,222,1608.59,1600.98,1600.89,61.5,330.95,0,0.1081,5201.0,5797.0,4391.0,5753.0,5546.0,6350.0,6331.0,6586.0,4844.0,5201.0,602.0514928143596,5796.75,901.8746259370417,6396.615384615385,1178.3520722406538,0.5680647467311558,-0.8229838658936564,0.49999999999999994,-0.8660254037844387,2,False,False,True,False,False
2024-05-27,2024,5,22,4669,4484,0,1313.2,1266.08,1283.43,42.6,313.91,0,-0.0479,4763.0,5605.0,3795.0,4391.0,5114.0,5495.0,6095.0,8343.0,5283.0,4763.25,852.1949600883585,5605.083333333333,1062.7739397302144,6289.2692307692305,1282.8994210831104,0.46472317204376906,-0.8854560256532096,0.49999999999999994,-0.8660254037844387,2,False,False,True,False,False
2024-06-03,2024,6,23,5354,5704,335,1533.4,1485.22,1599.74,61.3,315.46,0,0.0508,4652.0,5479.0,4669.0,3795.0,5753.0,4711.0,6184.0,8047.0,4699.0,4652.0,819.56492522964,5478.833333333333,1077.632576390001,6147.961538461538,1249.5450525937558,0.35460488704253584,-0.9350162426854147,1.2246467991473532e-16,-1.0,2,False,False,True,False,False
2024-06-10,2024,6,24,5000,5030,0,1372.68,1383.75,1319.6,100.0,317.99,0,-0.116,4552.0,5420.0,5354.0,4669.0,4391.0,5940.0,6055.0,6190.0,5501.0,4552.25,647.0092091049906,5420.416666666667,1062.453289525814,6044.384615384615,1196.3137741219227,0.23931566428755768,-0.970941817426052,1.2246467991473532e-16,-1.0,2,False,False,True,False,False
2024-06-17,2024,6,25,6737,6787,220,1475.26,1476.29,1394.09,87.6,321.4,0,-0.0528,4704.0,5176.0,5000.0,5354.0,3795.0,5546.0,7927.0,6636.0,6105.0,4704.5,667.7377229621414,5176.5,713.297273231838,5998.615384615385,1213.1650531373868,0.12053668025532308,-0.992708874098054,1.2246467991473532e-16,-1.0,2,False,False,True,False,False
2024-06-24,2024,6,26,4611,4740,0,1376.59,1381.31,1440.06,82.7,317.06,0,-0.0861,5440.0,5209.0,6737.0,5000.0,4669.0,5114.0,6350.0,6682.0,3791.0,5440.0,908.7805015513915,5208.75,777.0749495851112,6002.5,1215.447185195635,-3.216245299353273e-16,-1.0,1.2246467991473532e-16,-1.0,2,False,False,True,False,False
2024-07-01,2024,7,27,5232,5098,0,1330.83,1278.51,1299.58,56.2,324.8,0,-0.0128,5426.0,5135.0,4611.0,6737.0,5354.0,5753.0,5495.0,6646.0,5732.0,5425.5,925.4917611734847,5135.083333333333,789.2772825742885,5922.846153846154,1236.8085605236595,-0.12053668025532283,-0.992708874098054,-0.4999999999999997,-0.8660254037844388,3,False,False,True,False,False
2024-07-08,2024,7,28,8413,8503,35,1501.28,1522.97,1479.34,94.3,324.04,0,0.0327,5395.0,5178.0,5232.0,4611.0,5000.0,4391.0,4711.0,7692.0,4964.0,5395.0,930.629536031031,5178.5,778.0786943140326,5868.461538461538,1234.824723781286,-0.23931566428755743,-0.9709418174260521,-0.4999999999999997,-0.8660254037844388,3,False,False,True,False,False
2024-07-15,2024,7,29,5478,5506,74,1422.24,1424.29,1464.24,86.8,325.34,0,0.0074,6248.0,5385.0,8413.0,5232.0,6737.0,3795.0,5940.0,6846.0,6035.0,6248.25,1696.8962598422643,5384.583333333333,1207.2483707952804,5896.192307692308,1284.5106778608158,-0.3546048870425356,-0.9350162426854148,-0.4999999999999997,-0.8660254037844388,3,False,False,True,False,False
2024-07-22,2024,7,30,4715,4800,0,1565.61,1612.52,1514.5,100.0,311.4,0,0.0425,5934.0,5379.0,5478.0,8413.0,4611.0,4669.0,5546.0,9498.0,3903.0,5933.5,1692.7796667020782,5378.916666666667,1206.5812302333793,5843.576923076923,1272.0057287002069,-0.46472317204376806,-0.8854560256532101,-0.4999999999999997,-0.8660254037844388,3,False,False,True,False,False
2024-07-29,2024,7,31,5274,4789,0,1397.51,1401.52,1446.23,94.3,312.23,0,0.0018,5960.0,5346.0,4715.0,5478.0,5232.0,5354.0,5114.0,6850.0,4976.0,5959.5,1666.2873901781365,5345.666666666667,1219.9686533479023,5659.615384615385,1048.5981909930201,-0.5680647467311556,-0.8229838658936566,-0.4999999999999997,-0.8660254037844388,3,False,False,True,False,False
2024-08-05,2024,8,32,7042,6437,0,1367.31,1393.5,1218.95,70.3,307.07,0,0.0053,5970.0,5306.0,5274.0,4715.0,8413.0,5000.0,5753.0,5418.0,7752.0,5970.0,1660.2965598550957,5305.75,1213.247117524619,5599.0,1022.2545279919221,-0.663122658240795,-0.7485107481711013,-0.8660254037844385,-0.5000000000000004,3,False,False,True,False,False
2024-08-12,2024,8,33,7991,7688,0,1351.68,1313.13,1372.98,99.7,310.77,0,-0.0465,5627.0,5527.0,7042.0,5274.0,5478.0,6737.0,4391.0,4986.0,6289.0,5627.25,996.7913104891442,5526.666666666667,1271.4987815625836,5661.461538461538,1059.682187479589,-0.7485107481711011,-0.6631226582407952,-0.8660254037844385,-0.5000000000000004,3,False,False,True,False,False
2024-08-19,2024,8,34,8000,7924,0,1342.84,1333.94,1418.92,64.6,313.77,0,0.0021,6256.0,5876.0,7991.0,7042.0,4715.0,4611.0,3795.0,6331.0,7498.0,6255.5,1523.9231170458258,5876.333333333333,1327.7071372950563,5777.038461538462,1143.6144623348937,-0.8229838658936564,-0.5680647467311559,-0.8660254037844385,-0.5000000000000004,3,False,False,True,False,False
2024-08-26,2024,8,35,5999,6243,58,1447.46,1462.1,1472.72,87.1,310.81,0,-0.0145,7077.0,6154.0,8000.0,7991.0,5274.0,5232.0,4669.0,6095.0,6339.0,7076.75,1283.1418147136603,6153.916666666667,1398.6534081253308,5841.2307692307695,1220.2278248816388,-0.8854560256532096,-0.4647231720437691,-0.8660254037844385,-0.5000000000000004,3,False,False,True,False,False
2024-09-02,2024,9,36,8499,9208,731,1329.12,1291.57,1301.64,35.8,315.59,0,0.0451,7258.0,6208.0,5999.0,8000.0,7042.0,8413.0,5354.0,6184.0,5603.0,7258.0,952.1186900801804,6207.666666666667,1377.349518811291,5837.538461538462,1219.574293949134,-0.9350162426854147,-0.3546048870425359,-1.0,-1.8369701987210297e-16,3,False,False,True,False,False
2024-09-09,2024,9,37,8765,9356,488,1294.42,1243.11,1216.8,58.3,310.94,0,0.0276,7622.0,6499.0,8499.0,5999.0,7991.0,5478.0,5000.0,6055.0,8005.0,7622.25,1107.896317351041,6499.25,1465.9625522316246,5926.576923076923,1325.7639962852156,-0.970941817426052,-0.23931566428755774,-1.0,-1.8369701987210297e-16,3,False,False,True,False,False
2024-09-16,2024,9,38,7512,7105,0,1224.01,1223.92,1146.16,61.1,309.0,0,-0.0171,7816.0,6668.0,8765.0,8499.0,8000.0,4715.0,6737.0,7927.0,8459.0,7815.75,1251.9897164114404,6668.25,1606.064479912426,6030.807692307692,1438.039527112678,-0.992708874098054,-0.12053668025532357,-1.0,-1.8369701987210297e-16,3,False,False,True,False,False
2024-09-23,2024,9,39,7207,7855,918,1323.78,1309.2,1350.77,72.6,312.38,0,-0.0146,7694.0,6910.0,7512.0,8765.0,5999.0,5274.0,4611.0,6350.0,7097.0,7693.75,1251.8272977265403,6910.0,1481.773936874317,6014.846153846154,1418.3187707227905,-1.0,-1.8369701987210297e-16,-1.0,-1.8369701987210297e-16,3,False,False,True,False,False
2024-09-30,2024,9,40,8175,7988,0,1237.77,1262.43,1203.2,44.8,308.34,0,-0.013,7996.0,7075.0,7207.0,7512.0,8499.0,7042.0,5232.0,5495.0,8193.0,7995.75,753.0265046242832,7074.583333333333,1384.9734791247101,6047.807692307692,1436.2640152626725,-0.992708874098054,0.1205366802553232,-1.0,-1.8369701987210297e-16,3,False,False,True,False,False
2024-10-07,2024,10,41,8965,9321,150,1322.26,1325.12,1274.31,40.0,310.06,0,0.0212,7915.0,7055.0,8175.0,7207.0,8765.0,7991.0,8413.0,4711.0,7892.0,7914.75,696.1256471835137,7054.75,1365.6335276413643,6150.884615384615,1490.1605638835836,-0.9709418174260521,0.23931566428755738,-0.8660254037844386,0.5000000000000001,4,False,False,True,False,False
2024-10-14,2024,10,42,8579,8404,0,1186.5,1205.65,1239.64,56.6,303.29,0,-0.0484,7965.0,7345.0,8965.0,8175.0,7512.0,8000.0,5478.0,5940.0,7573.0,7964.75,779.7163479967138,7345.333333333333,1370.6055286447431,6314.5,1557.747354354998,-0.9350162426854148,0.35460488704253557,-0.8660254037844386,0.5000000000000001,4,False,False,True,False,False
2024-10-21,2024,10,43,8981,9736,694,1180.85,1178.3,1233.38,62.3,305.8,0,-0.0274,8232.0,7667.0,8579.0,8965.0,7207.0,5999.0,4715.0,5546.0,8493.0,8231.5,755.330170631801,7667.333333333333,1129.0875908798282,6416.0,1617.2108335031633,-0.8854560256532101,0.464723172043768,-0.8660254037844386,0.5000000000000001,4,False,False,True,False,False
2024-10-28,2024,10,44,7408,8061,528,1215.31,1221.85,1204.82,53.3,317.54,0,-0.0077,8675.0,7976.0,8981.0,8579.0,8175.0,8499.0,5274.0,5114.0,6860.0,8675.0,381.6420661649678,7976.25,898.2684479293964,6548.115384615385,1682.293442344065,-0.822983865893657,0.5680647467311548,-0.8660254037844386,0.5000000000000001,4,False,False,True,False,False
2024-11-04,2024,11,45,7811,6850,0,1139.0,1147.32,1137.22,35.9,316.33,0,-0.0516,8483.0,8007.0,7408.0,8981.0,8965.0,8765.0,7042.0,5753.0,7907.0,8483.25,740.5333100768204,8006.75,869.4130857287555,6636.346153846154,1664.128527303289,-0.7485107481711011,0.6631226582407952,-0.5000000000000004,0.8660254037844384,4,False,False,True,False,False
2024-11-11,2024,11,46,9718,9653,0,1121.56,1162.31,1064.62,23.6,310.6,0,-0.0305,8195.0,7992.0,7811.0,7408.0,8579.0,7512.0,7991.0,4391.0,7670.0,8194.75,714.6273504421719,7991.75,871.2603331851225,6715.5,1669.3676227841486,-0.6631226582407955,0.7485107481711007,-0.5000000000000004,0.8660254037844384,4,False,False,True,False,False
2024-11-18,2024,11,47,8905,8529,0,1091.65,1053.32,1061.3,31.8,315.4,0,-0.0501,8480.0,8135.0,9718.0,7811.0,8981.0,7207.0,8000.0,3795.0,6586.0,8479.5,1061.5066336737289,8134.916666666667,1003.8086976686278,6920.384615384615,1699.2938786901598,-0.5680647467311559,0.8229838658936564,-0.5000000000000004,0.8660254037844384,4,False,False,True,False,False
2024-11-25,2024,11,48,6024,5843,58,1200.32,1226.4,1216.33,52.9,313.74,0,-0.033,8460.0,8377.0,8905.0,9718.0,7408.0,8175.0,5999.0,4669.0,8343.0,8460.5,1050.15760721903,8377.083333333334,763.4314231670236,7116.923076923077,1616.8654841532605,-0.4647231720437684,0.88545602565321,-0.5000000000000004,0.8660254037844384,4,False,False,True,False,False
2024-12-02,2024,12,49,8070,8308,650,1178.08,1132.33,1065.7,13.8,318.63,0,0.0059,8114.0,8171.0,6024.0,8905.0,7811.0,8965.0,8499.0,5354.0,8047.0,8114.5,1597.7489373073186,8170.833333333333,1019.0357147219244,7169.038461538462,1555.4791796940074,-0.35460488704253595,0.9350162426854147,-2.4492935982947064e-16,1.0,4,False,False,True,False,False
2024-12-09,2024,12,50,8165,8121,0,1271.23,1242.45,1215.35,56.1,318.11,0,0.0165,8179.0,8113.0,8070.0,6024.0,9718.0,8579.0,8765.0,5000.0,6190.0,8179.25,1586.5584084216164,8112.916666666667,1001.8007838917351,7273.5,1519.4938170325026,-0.2393156642875578,0.970941817426052,-2.4492935982947064e-16,1.0,4,False,False,True,False,False
2024-12-16,2024,12,51,6975,7208,382,1157.43,1203.54,1242.33,42.5,313.16,0,-0.0113,7791.0,8167.0,8165.0,8070.0,8905.0,8981.0,7512.0,6737.0,6636.0,7791.0,1235.7186842751328,8167.333333333333,983.7650618769363,7395.2307692307695,1455.503055515649,-0.12053668025532363,0.992708874098054,-2.4492935982947064e-16,1.0,4,False,False,True,False,False
2024-12-23,2024,12,52,9433,9518,26,1108.76,1070.49,1109.75,6.7,319.69,0,-0.03,7308.0,8148.0,6975.0,8165.0,6024.0,7408.0,7207.0,4611.0,6682.0,7308.5,1012.3630771615483,8148.0,1006.3735073836509,7404.384615384615,1451.941819135275,6.432490598706546e-16,1.0,-2.4492935982947064e-16,1.0,4,False,False,True,False,False
2022-01-03,2022,1,1,2112,1907,0,1306.99,1306.48,1291.14,22.9,316.15,0,0.0133,1846.0,1933.0,1948.0,1988.0,1673.0,2060.0,1674.0,2221.0,1649.0,1846.25,147.64456192717242,1932.9166666666667,179.48940628821387,2049.5384615384614,271.8935425153362,0.12053668025532305,0.992708874098054,0.49999999999999994,0.8660254037844387,1,False,False,False,True,False
2022-01-10,2022,1,2,1903,1917,124,1317.09,1294.88,1431.46,0.0,317.24,0,0.04,1956.0,1957.0,2112.0,1948.0,1776.0,1772.0,1826.0,2787.0,1734.0,1956.0,138.8332332932812,1956.75,182.95658948603702,2045.3461538461538,269.9776201551082,0.23931566428755774,0.970941817426052,0.49999999999999994,0.8660254037844387,1,False,False,False,True,False
2022-01-17,2022,1,3,2383,2374,0,1194.05,1219.75,1195.07,31.4,315.51,0,-0.0602,1988.0,1931.0,1903.0,2112.0,1988.0,1972.0,2212.0,2423.0,1666.0,1987.75,89.81601564680238,1931.0,164.5887436778502,2011.3461538461538,224.7090460676115,0.3546048870425356,0.9350162426854148,0.49999999999999994,0.8660254037844387,1,False,False,False,True,False
2022-01-24,2022,1,4,2006,1932,0,1249.23,1255.06,1296.86,0.0,312.7,0,-0.0356,2086.0,1956.0,2383.0,1903.0,1948.0,1715.0,2084.0,1889.0,1604.0,2086.5,217.11517680714994,1955.9166666666667,207.0197436053452,2009.8076923076924,221.89727699650146,0.4647231720437685,0.8854560256532099,0.49999999999999994,0.8660254037844387,1,False,False,False,True,False
2022-01-31,2022,1,5,2162,2308,0,1288.35,1321.96,1202.68,26.4,314.22,0,0.0388,2101.0,1942.0,2006.0,2383.0,2112.0,1673.0,2169.0,2413.0,2015.0,2101.0,206.457420953248,1942.3333333333333,196.86605198520385,2014.3076923076924,220.53149783752454,0.5680647467311558,0.8229838658936564,0.49999999999999994,0.8660254037844387,1,False,False,False,True,False
2022-02-07,2022,2,6,1966,2048,15,1402.15,1446.98,1433.61,5.5,315.57,0,0.0646,2114.0,1951.0,2162.0,2006.0,1903.0,1776.0,2060.0,2053.0,2077.0,2113.5,208.8452377559357,1950.8333333333333,204.4637479907449,2004.6538461538462,207.48859097457856,0.6631226582407952,0.7485107481711011,0.8660254037844386,0.5000000000000001,1,False,False,False,True,False
2022-02-14,2022,2,7,1956,1943,515,1315.95,1283.59,1342.1,15.9,315.59,0,-0.072,2129.0,1967.0,1966.0,2162.0,2383.0,1988.0,1772.0,2394.0,1804.0,2129.25,189.1231961799856,1967.0,196.55487320800987,2001.3076923076924,207.3792215687534,0.7485107481711011,0.6631226582407953,0.8660254037844386,0.5000000000000001,1,False,False,False,True,False
2022-02-21,2022,2,8,2074,2049,0,1392.07,1410.03,1423.01,40.9,320.18,0,-0.0012,2022.0,1966.0,1956.0,1966.0,2006.0,1948.0,1972.0,1951.0,2038.0,2022.5,95.47600047481386,1965.6666666666667,196.57213958393166,1984.4615384615386,191.3761177930493,0.8229838658936564,0.5680647467311559,0.8660254037844386,0.5000000000000001,1,False,False,False,True,False
2022-02-28,2022,2,9,2036,1945,0,1307.26,1306.57,1261.15,3.3,318.1,0,-0.0389,2040.0,1996.0,2074.0,1956.0,2162.0,2112.0,1715.0,2165.0,2657.0,2039.5,97.5892753670538,1995.5833333333333,181.7112886538456,1989.1923076923076,192.0350008161589,0.8854560256532099,0.4647231720437686,0.8660254037844386,0.5000000000000001,1,False,False,False,True,False
2022-03-07,2022,3,10,2183,2245,163,1393.17,1379.47,1438.15,47.4,320.94,1,-0.0376,2008.0,2026.0,2036.0,2074.0,1966.0,1903.0,1673.0,2055.0,2273.0,2008.0,56.592107812544484,2025.8333333333333,150.69586067387965,1984.2307692307693,188.95275762842215,0.9350162426854148,0.35460488704253557,1.0,6.123233995736766e-17,1,False,False,False,True,False
2022-03-14,2022,3,11,2445,2359,0,1414.24,1425.28,1408.4,34.9,320.81,1,0.0,2062.0,2060.0,2183.0,2036.0,1956.0,2383.0,1776.0,1887.0,2133.0,2062.25,94.33406949064934,2059.75,134.25967038134783,1989.1538461538462,192.50448146631808,0.970941817426052,0.23931566428755804,1.0,6.123233995736766e-17,1,False,False,False,True,False
2022-03-21,2022,3,12,2171,1968,0,1439.37,1437.19,1477.97,35.0,325.87,1,-0.018,2184.0,2098.0,2445.0,2183.0,2074.0,2006.0,1988.0,2362.0,2109.0,2184.5,184.50383916511515,2097.8333333333335,171.66237123193005,2010.6153846153845,210.88709337900863,0.992708874098054,0.120536680255323,1.0,6.123233995736766e-17,1,False,False,False,True,False
2022-03-28,2022,3,13,2499,2501,136,1449.26,1470.0,1490.89,20.0,326.83,1,0.0016,2209.0,2116.0,2171.0,2445.0,2036.0,2162.0,1948.0,1819.0,2385.0,2208.75,171.02119751656522,2116.4166666666665,165.94273838960768,2003.2692307692307,201.26431530548376,1.0,-1.6081226496766366e-16,1.0,6.123233995736766e-17,1,False,False,False,True,False
2022-04-04,2022,4,14,2764,3026,58,1502.91,1510.32,1532.86,26.0,319.11,1,0.0596,2324.0,2149.0,2499.0,2171.0,2183.0,1966.0,2112.0,1674.0,2232.0,2324.5,171.8090024804676,2148.6666666666665,199.26607763733693,2029.423076923077,219.69909841907486,0.992708874098054,-0.12053668025532288,0.8660254037844387,-0.4999999999999998,2,False,False,False,True,False
2022-04-11,2022,4,15,2608,2610,0,1557.58,1563.49,1516.34,50.1,322.28,1,0.0809,2470.0,2220.0,2764.0,2499.0,2445.0,1956.0,1903.0,1826.0,2397.0,2469.75,243.1068009469638,2220.4166666666665,251.04923759487798,2071.346153846154,250.94014303139258,0.9709418174260521,-0.2393156642875575,0.8660254037844387,-0.4999999999999998,2,False,False,False,True,False
2022-04-18,2022,4,16,2711,2599,46,1615.05,1595.66,1494.47,63.2,320.8,1,0.0242,2510.0,2239.0,2608.0,2764.0,2171.0,2074.0,2383.0,2212.0,2219.0,2510.5,251.1048917617231,2239.1666666666665,271.8374625775593,2101.423076923077,266.72505290308624,0.9350162426854148,-0.35460488704253545,0.8660254037844387,-0.4999999999999998,2,False,False,False,True,False
2022-04-25,2022,4,17,2753,2576,0,1603.82,1617.83,1629.76,51.6,318.26,1,0.0647,2646.0,2298.0,2711.0,2608.0,2499.0,2036.0,2006.0,2084.0,2537.0,2645.5,117.19072773332664,2297.9166666666665,292.27834129110374,2120.6153846153848,291.77636325419917,0.8854560256532099,-0.4647231720437685,0.8660254037844387,-0.4999999999999998,2,False,False,False,True,False
2022-05-02,2022,5,18,2599,2664,345,1515.38,1490.88,1465.04,75.0,324.62,0,-0.046,2709.0,2347.0,2753.0,2711.0,2764.0,2183.0,2162.0,2169.0,2536.0,2709.0,71.10086731772934,2347.1666666666665,316.1147183405346,2146.346153846154,316.8401416875954,0.8229838658936565,-0.5680647467311557,0.49999999999999994,-0.8660254037844387,2,False,False,False,True,False
2022-05-09,2022,5,19,2601,2733,73,1612.8,1577.59,1587.83,91.9,322.88,0,-0.0128,2668.0,2400.0,2599.0,2753.0,2608.0,2445.0,1966.0,2060.0,2365.0,2667.75,76.23374143601603,2399.9166666666665,299.0826758100468,2162.8846153846152,329.0569952969337,0.7485107481711013,-0.663122658240795,0.49999999999999994,-0.8660254037844387,2,False,False,False,True,False
2022-05-16,2022,5,20,2235,2030,17,1409.78,1421.3,1351.73,32.7,326.52,0,-0.021,2666.0,2454.0,2601.0,2599.0,2711.0,2171.0,1956.0,1772.0,2313.0,2666.0,78.11956647771851,2453.6666666666665,268.4397116446812,2183.6923076923076,339.2382960965073,0.6631226582407952,-0.7485107481711012,0.49999999999999994,-0.8660254037844387,2,False,False,False,True,False
2022-05-23,2022,5,21,2455,2241,0,1473.89,1429.78,1435.57,45.1,318.16,0,-0.0144,2547.0,2467.0,2235.0,2601.0,2753.0,2499.0,2074.0,1972.0,2558.0,2547.0,220.1514630127783,2467.0833333333335,251.20924213359308,2201.5,328.7529467548541,0.5680647467311558,-0.8229838658936564,0.49999999999999994,-0.8660254037844387,2,False,False,False,True,False
2022-05-30,2022,5,22,2506,2675,102,1448.78,1463.68,1481.93,77.3,327.02,0,-0.0459,2472.0,2502.0,2455.0,2235.0,2599.0,2764.0,2036.0,1715.0,2322.0,2472.5,172.45965711821813,2502.0,211.88547506956567,2220.076923076923,328.91225858297486,0.46472317204376906,-0.8854560256532096,0.49999999999999994,-0.8660254037844387,2,False,False,False,True,False
2022-06-06,2022,6,23,2502,2613,207,1545.56,1561.01,1574.74,86.3,315.83,0,-0.0517,2449.0,2529.0,2506.0,2455.0,2601.0,2608.0,2183.0,1673.0,2477.0,2449.25,155.11796586254403,2528.9166666666665,186.69637885826535,2250.5,316.680690917523,0.35460488704253584,-0.9350162426854147,1.2246467991473532e-16,-1.0,2,False,False,False,True,False
2022-06-13,2022,6,24,2811,2599,0,1630.85,1608.35,1598.68,72.5,324.56,0,0.0289,2424.0,2534.0,2502.0,2506.0,2235.0,2711.0,2445.0,1776.0,2297.0,2424.5,128.43805251300475,2533.6666666666665,185.0854020732244,2282.3846153846152,297.3536718351495,0.23931566428755768,-0.970941817426052,1.2246467991473532e-16,-1.0,2,False,False,False,True,False
2022-06-20,2022,6,25,2611,2706,506,1474.73,1501.92,1503.2,56.1,318.6,0,-0.054,2568.0,2587.0,2811.0,2502.0,2455.0,2753.0,2171.0,1988.0,2306.0,2568.5,163.31666581623992,2587.0,161.82931524519427,2322.1923076923076,296.1275426880469,0.12053668025532308,-0.992708874098054,1.2246467991473532e-16,-1.0,2,False,False,False,True,False
2022-06-27,2022,6,26,2720,2554,0,1403.52,1403.61,1421.92,72.7,313.51,0,-0.0503,2608.0,2596.0,2611.0,2811.0,2506.0,2599.0,2499.0,1948.0,2390.0,2607.5,144.74920840313217,2596.3333333333335,159.5056757800857,2346.153846153846,293.1951830856278,-3.216245299353273e-16,-1.0,1.2246467991473532e-16,-1.0,2,False,False,False,True,False
2022-07-04,2022,7,27,2410,2418,177,1709.53,1751.84,1678.26,63.3,321.22,0,0.1048,2661.0,2593.0,2720.0,2611.0,2502.0,2601.0,2764.0,2112.0,2221.0,2661.0,133.86809428189642,2592.6666666666665,155.76283448262558,2375.846153846154,290.33755420994834,-0.12053668025532283,-0.992708874098054,-0.4999999999999997,-0.8660254037844388,3,False,False,False,True,False
2022-07-11,2022,7,28,2293,2486,332,1480.98,1522.76,1505.25,93.5,319.12,0,-0.0882,2638.0,2576.0,2410.0,2720.0,2811.0,2235.0,2608.0,1903.0,2787.0,2638.0,172.59393577604837,2576.1666666666665,164.24695006623952,2387.3076923076924,285.3442509294007,-0.23931566428755743,-0.9709418174260521,-0.4999999999999997,-0.8660254037844388,3,False,False,False,True,False
2022-07-18,2022,7,29,2394,2473,0,1721.78,1684.18,1783.09,76.7,307.37,0,0.0724,2508.0,2541.0,2293.0,2410.0,2611.0,2455.0,2711.0,2383.0,2423.0,2508.5,192.68367860304116,2541.3333333333335,176.88996751105387,2402.3076923076924,268.6278867475615,-0.3546048870425356,-0.9350162426854148,-0.4999999999999997,-0.8660254037844388,3,False,False,False,True,False
2022-07-25,2022,7,30,2323,2317,0,1565.01,1584.18,1501.37,64.9,300.69,0,-0.0216,2454.0,2511.0,2394.0,2293.0,2720.0,2506.0,2753.0,2006.0,1889.0,2454.25,184.58308878840103,2511.4166666666665,167.97048351818938,2402.730769230769,268.6049229172537,-0.46472317204376806,-0.8854560256532101,-0.4999999999999997,-0.8660254037844388,3,False,False,False,True,False
2022-08-01,2022,8,31,2725,2725,202,1524.14,1491.86,1614.47,76.3,307.7,0,0.0058,2355.0,2488.0,2323.0,2394.0,2410.0,2502.0,2599.0,2162.0,2413.0,2355.0,56.017854296644195,2488.4166666666665,173.6864773787624,2414.923076923077,256.8121372640962,-0.5680647467311556,-0.8229838658936566,-0.8660254037844385,-0.5000000000000004,3,False,False,False,True,False
2022-08-08,2022,8,32,2130,1985,0,1592.18,1577.8,1604.6,82.2,310.79,0,0.0342,2434.0,2499.0,2725.0,2323.0,2293.0,2811.0,2601.0,1966.0,2053.0,2433.75,198.7316029221323,2498.75,184.35446341713325,2436.576923076923,258.363956166786,-0.663122658240795,-0.7485107481711013,-0.8660254037844385,-0.5000000000000004,3,False,False,False,True,False
2022-08-15,2022,8,33,2445,2363,0,1437.38,1424.27,1447.81,52.8,305.11,0,-0.0071,2393.0,2490.0,2130.0,2725.0,2394.0,2611.0,2235.0,1956.0,2394.0,2393.0,247.8534513242319,2490.0,199.85130836335892,2442.8846153846152,248.21850485780706,-0.7485107481711011,-0.6631226582407952,-0.8660254037844385,-0.5000000000000004,3,False,False,False,True,False
2022-08-22,2022,8,34,2007,2000,333,1420.88,1444.9,1418.1,74.8,302.6,0,-0.071,2406.0,2489.0,2445.0,2130.0,2323.0,2720.0,2455.0,2074.0,1951.0,2405.75,249.22998080755332,2489.1666666666665,200.03128543184454,2461.6923076923076,227.51365132330088,-0.8229838658936564,-0.5680647467311559,-0.8660254037844385,-0.5000000000000004,3,False,False,False,True,False
2022-08-29,2022,8,35,2103,2073,205,1671.22,1711.93,1636.91,73.6,307.55,0,0.0888,2327.0,2448.0,2007.0,2445.0,2725.0,2410.0,2506.0,2036.0,2165.0,2326.75,323.28354427653767,2447.5833333333335,243.38314662401513,2459.1153846153848,232.40728507050966,-0.8854560256532096,-0.4647231720437691,-0.8660254037844385,-0.5000000000000004,3,False,False,False,True,False
2022-09-05,2022,9,36,2232,2250,0,1422.16,1461.65,1400.26,33.7,302.57,0,0.0183,2171.0,2414.0,2103.0,2007.0,2130.0,2293.0,2502.0,2183.0,2055.0,2171.25,189.97960416844774,2414.3333333333335,261.8289980930778,2461.6923076923076,227.85500112672645,-0.9350162426854147,-0.3546048870425359,-1.0,-1.8369701987210297e-16,3,False,False,False,True,False
2022-09-12,2022,9,37,2102,2093,9,1448.41,1427.59,1491.57,76.3,302.97,0,-0.0607,2197.0,2366.0,2232.0,2103.0,2445.0,2394.0,2811.0,2445.0,1887.0,2196.75,189.4419436133405,2366.0833333333335,233.95083334804136,2463.576923076923,225.64967060944895,-0.970941817426052,-0.23931566428755774,-1.0,-1.8369701987210297e-16,3,False,False,False,True,False
2022-09-19,2022,9,38,2526,2667,93,1435.12,1478.78,1380.65,40.4,302.78,0,-0.0092,2111.0,2324.0,2102.0,2232.0,2007.0,2323.0,2611.0,2171.0,2362.0,2111.0,92.3796514390484,2323.6666666666665,231.64013364516953,2450.3846153846152,236.54277869731123,-0.992708874098054,-0.12053668025532357,-1.0,-1.8369701987210297e-16,3,False,False,False,True,False
2022-09-26,2022,9,39,1920,2197,580,1310.31,1307.09,1315.2,64.0,297.73,0,-0.0765,2241.0,2308.0,2526.0,2102.0,2103.0,2725.0,2720.0,2499.0,1819.0,2240.75,199.72543653726257,2307.5,206.91478263460954,2464.0384615384614,229.92407107899214,-1.0,-1.8369701987210297e-16,-1.0,-1.8369701987210297e-16,3,False,False,False,True,False
2022-10-03,2022,10,40,1850,1804,184,1485.72,1502.11,1557.05,58.3,297.87,0,0.0755,2195.0,2267.0,1920.0,2526.0,2232.0,2130.0,2410.0,2764.0,1674.0,2195.0,255.08429979126527,2266.6666666666665,231.71155004497032,2441.769230769231,253.25786190241683,-0.992708874098054,0.1205366802553232,-0.8660254037844386,0.5000000000000001,4,False,False,False,True,False
2022-10-10,2022,10,41,2379,2256,0,1337.56,1329.84,1295.63,52.6,299.86,0,-0.0137,2100.0,2230.0,1850.0,1920.0,2102.0,2445.0,2293.0,2608.0,1826.0,2099.5,303.5232006508455,2229.75,260.62098045734103,2406.6153846153848,269.64540818238544,-0.9709418174260521,0.23931566428755738,-0.8660254037844386,0.5000000000000001,4,False,False,False,True,False
2022-10-17,2022,10,42,2312,2041,0,1388.78,1397.39,1385.64,31.0,313.45,0,0.0277,2169.0,2228.0,2379.0,1850.0,2526.0,2007.0,2394.0,2711.0,2212.0,2168.75,334.32057968363256,2228.5,259.7962488356812,2397.8076923076924,266.52624924847584,-0.9350162426854148,0.35460488704253557,-0.8660254037844386,0.5000000000000001,4,False,False,False,True,False
2022-10-24,2022,10,43,1869,1800,29,1469.92,1500.75,1567.25,66.1,301.7,0,0.066,2115.0,2228.0,2312.0,2379.0,1920.0,2103.0,2323.0,2753.0,2084.0,2115.25,268.79654635678156,2227.5833333333335,259.4516799761075,2382.4615384615386,259.1568221396798,-0.8854560256532101,0.464723172043768,-0.8660254037844386,0.5000000000000001,4,False,False,False,True,False
2022-10-31,2022,10,44,1890,1772,0,1466.88,1456.05,1296.31,64.3,300.79,0,0.0177,2102.0,2156.0,1869.0,2312.0,1850.0,2232.0,2725.0,2599.0,2169.0,2102.5,282.0289583240228,2156.25,225.74407270986433,2348.4615384615386,266.48410545760083,-0.822983865893657,0.5680647467311548,-0.8660254037844386,0.5000000000000001,4,False,False,False,True,False
2022-11-07,2022,11,45,1652,1740,266,1291.58,1271.43,1360.32,28.8,301.84,0,-0.0039,2112.0,2136.0,1890.0,1869.0,2379.0,2102.0,2130.0,2601.0,2060.0,2112.5,270.56792123235914,2136.25,238.54945170570193,2321.1923076923076,275.92955901545037,-0.7485107481711011,0.6631226582407952,-0.5000000000000004,0.8660254037844384,4,False,False,False,True,False
2022-11-14,2022,11,46,2123,1989,17,1278.15,1264.74,1240.56,38.3,313.76,0,0.017,1931.0,2070.0,1652.0,1890.0,2312.0,2526.0,2445.0,2235.0,1772.0,1930.75,275.99924516805015,2070.1666666666665,254.5462391762798,2284.6923076923076,299.2200219545159,-0.6631226582407955,0.7485107481711007,-0.5000000000000004,0.8660254037844384,4,False,False,False,True,False
2022-11-21,2022,11,47,2136,2271,208,1170.33,1184.45,1184.29,37.8,313.31,0,-0.0512,1884.0,2080.0,2123.0,1652.0,1869.0,1920.0,2007.0,2455.0,1972.0,1883.5,192.53138272326788,2079.8333333333335,254.1316170567503,2280.3846153846152,300.76623173794894,-0.5680647467311559,0.8229838658936564,-0.5000000000000004,0.8660254037844384,4,False,False,False,True,False
2022-11-28,2022,11,48,2308,2262,0,1210.56,1231.78,1134.95,38.5,312.5,0,-0.0151,1950.0,2083.0,2136.0,2123.0,1890.0,1850.0,2103.0,2506.0,1715.0,1950.25,228.71288405626268,2082.5833333333335,254.58324530078326,2268.1153846153848,299.86334579912506,-0.4647231720437684,0.88545602565321,-0.5000000000000004,0.8660254037844384,4,False,False,False,True,False
2022-12-05,2022,12,49,2149,2448,338,1306.43,1305.02,1255.1,10.0,311.44,0,0.0135,2055.0,2089.0,2308.0,2136.0,1652.0,2379.0,2232.0,2502.0,1673.0,2054.75,281.4265742012769,2088.9166666666665,259.5354095068316,2260.5,296.07056591292474,-0.35460488704253595,0.9350162426854147,-2.4492935982947064e-16,1.0,4,False,False,False,True,False
2022-12-12,2022,12,50,1782,1827,60,1381.93,1378.14,1353.22,45.0,304.79,0,0.023,2179.0,2093.0,2149.0,2308.0,2123.0,2312.0,2102.0,2811.0,1776.0,2179.0,86.65256295498017,2092.8333333333335,260.10481570227637,2246.923076923077,292.6268508632682,-0.2393156642875578,0.970941817426052,-2.4492935982947064e-16,1.0,4,False,False,False,True,False
2022-12-19,2022,12,51,2159,2085,0,1314.19,1319.78,1368.18,26.7,314.71,0,-0.021,2094.0,2031.0,1782.0,2149.0,2136.0,1869.0,2526.0,2611.0,1988.0,2093.75,222.0576126444069,2030.8333333333333,234.9188770360497,2207.346153846154,282.70181355027614,-0.12053668025532363,0.992708874098054,-2.4492935982947064e-16,1.0,4,False,False,False,True,False
2022-12-26,2022,12,52,1993,1838,0,1252.68,1249.0,1294.81,31.4,316.79,0,-0.0162,2100.0,2051.0,2159.0,1782.0,2308.0,1890.0,1920.0,2720.0,1948.0,2099.5,223.80720870129898,2050.75,234.7993824523393,2189.9615384615386,270.5217892546518,6.432490598706546e-16,1.0,-2.4492935982947064e-16,1.0,4,False,False,False,True,False
2023-01-02,2023,1,1,1975,1826,0,1329.65,1319.34,1307.65,18.5,326.56,0,0.0209,2021.0,2063.0,1993.0,2159.0,2149.0,1652.0,1850.0,2410.0,2112.0,2020.75,176.38286953858866,2062.6666666666665,227.19008194314574,2162.0,250.36581236263044,0.12053668025532305,0.992708874098054,0.49999999999999994,0.8660254037844387,1,False,False,False,True,False
2023-01-09,2023,1,2,2054,1929,0,1234.7,1170.42,1216.86,13.8,317.12,0,-0.0535,1977.0,2029.0,1975.0,1993.0,1782.0,2123.0,2379.0,2293.0,1903.0,1977.25,154.28193888678865,2029.0,204.8915455906986,2145.269230769231,247.65000427091564,0.23931566428755774,0.970941817426052,0.49999999999999994,0.8660254037844387,1,False,False,False,True,False
2023-01-16,2023,1,3,1919,1967,303,1240.05,1250.83,1263.63,14.6,323.6,0,-0.0073,2045.0,2008.0,2054.0,1975.0,2159.0,2136.0,2312.0,2394.0,2383.0,2045.25,83.02760585090638,2007.5,185.07369539530075,2136.076923076923,246.37953211692277,0.3546048870425356,0.9350162426854148,0.49999999999999994,0.8660254037844387,1,False,False,False,True,False
2023-01-23,2023,1,4,1970,1907,0,1475.22,1518.49,1409.63,18.4,312.7,0,0.0743,1985.0,2012.0,1919.0,2054.0,1993.0,2308.0,1869.0,2323.0,2006.0,1985.25,55.6199904111234,2011.6666666666667,182.21282927257067,2117.8076923076924,244.08949493671685,0.4647231720437685,0.8854560256532099,0.49999999999999994,0.8660254037844387,1,False,False,False,True,False
2023-01-30,2023,1,5,2482,2299,0,1347.24,1404.49,1418.99,20.8,321.19,0,0.0383,1980.0,2018.0,1970.0,1919.0,1975.0,2149.0,1890.0,2725.0,2162.0,1979.5,55.740470037488265,2018.3333333333333,178.78800719050304,2104.230769230769,242.0283136647128,0.5680647467311558,0.8229838658936564,0.49999999999999994,0.8660254037844387,1,False,False,False,True,False
2023-02-06,2023,2,6,2306,2169,0,1445.38,1456.82,1485.44,29.1,319.99,0,0.0403,2106.0,2088.0,2482.0,1970.0,2054.0,1782.0,1652.0,2130.0,1966.0,2106.25,256.60913857460366,2087.5,184.6360055499862,2094.8846153846152,220.86436143897498,0.6631226582407952,0.7485107481711011,0.8660254037844386,0.5000000000000001,1,False,False,False,True,False
2023-02-13,2023,2,7,2348,2287,20,1357.77,1364.79,1369.32,14.5,320.95,0,0.0239,2169.0,2103.0,2306.0,2482.0,1919.0,2159.0,2123.0,2445.0,1956.0,2169.25,270.08563456800164,2102.75,195.09583891932803,2101.653846153846,224.64833715079087,0.7485107481711011,0.6631226582407953,0.8660254037844386,0.5000000000000001,1,False,False,False,True,False
2023-02-20,2023,2,8,2031,2052,266,1484.23,1481.74,1417.76,41.9,316.75,0,0.0125,2276.0,2120.0,2348.0,2306.0,1970.0,1993.0,2136.0,2007.0,2074.0,2276.5,217.68095920406117,2120.4166666666665,207.57975831136844,2097.923076923077,219.46387822635842,0.8229838658936564,0.5680647467311559,0.8660254037844386,0.5000000000000001,1,False,False,False,True,False
2023-02-27,2023,2,9,2451,2427,624,1300.97,1308.28,1189.99,29.0,328.5,0,-0.0229,2292.0,2097.0,2031.0,2348.0,2482.0,1975.0,2308.0,2103.0,2036.0,2291.75,189.34338294925126,2097.3333333333335,200.09013120606576,2098.846153846154,219.1163512488637,0.8854560256532099,0.4647231720437686,0.8660254037844386,0.5000000000000001,1,False,False,False,True,False
2023-03-06,2023,3,10,2576,2796,0,1299.05,1294.33,1185.93,47.9,320.36,1,-0.0926,2284.0,2122.0,2451.0,2031.0,2306.0,2054.0,2149.0,2232.0,2183.0,2284.0,179.33023541314355,2122.5,224.66277759425063,2112.230769230769,229.75087511342502,0.9350162426854148,0.35460488704253557,1.0,6.123233995736766e-17,1,False,False,False,True,False
2023-03-13,2023,3,11,2506,2456,0,1377.12,1319.95,1372.38,47.3,326.18,1,-0.0325,2352.0,2189.0,2576.0,2451.0,2348.0,1919.0,1782.0,2102.0,2445.0,2351.5,233.11871081775803,2188.6666666666665,232.06438500528049,2125.4615384615386,246.23748386778658,0.970941817426052,0.23931566428755804,1.0,6.123233995736766e-17,1,False,False,False,True,False
2023-03-20,2023,3,12,2558,2363,0,1394.51,1406.23,1346.73,32.5,326.52,1,-0.013,2391.0,2218.0,2506.0,2576.0,2031.0,1970.0,2159.0,2526.0,2171.0,2391.0,245.39084470832816,2217.5833333333335,249.0306510281726,2141.0,257.20062208322895,0.992708874098054,0.120536680255323,1.0,6.123233995736766e-17,1,False,False,False,True,False
2023-03-27,2023,3,13,2746,2669,0,1481.53,1529.2,1530.61,42.2,324.71,1,0.0473,2523.0,2265.0,2558.0,2506.0,2451.0,2482.0,1993.0,1920.0,2499.0,2522.75,56.29313161183007,2264.6666666666665,256.02248954245334,2142.230769230769,259.18554090725155,1.0,-1.6081226496766366e-16,1.0,6.123233995736766e-17,1,False,False,False,True,False
2023-04-03,2023,4,14,2610,2657,82,1538.64,1546.12,1444.31,49.9,324.77,1,-0.0316,2596.0,2329.0,2746.0,2558.0,2576.0,2306.0,1975.0,1850.0,2764.0,2596.5,103.99198687078491,2328.9166666666665,272.9070632129476,2174.0,280.59493936990367,0.992708874098054,-0.12053668025532288,0.8660254037844387,-0.4999999999999998,2,False,False,False,True,False
2023-04-10,2023,4,15,2923,2774,0,1509.52,1466.79,1522.72,65.0,332.79,1,-0.0157,2605.0,2375.0,2610.0,2746.0,2506.0,2348.0,2054.0,2379.0,2608.0,2605.0,103.14391240721302,2375.25,269.16170367879874,2203.230769230769,285.0433381354219,0.9709418174260521,-0.2393156642875575,0.8660254037844387,-0.4999999999999998,2,False,False,False,True,False
2023-04-17,2023,4,16,2872,2964,177,1517.98,1445.41,1492.95,32.3,326.52,1,0.0185,2709.0,2459.0,2923.0,2610.0,2558.0,2031.0,1919.0,2312.0,2711.0,2709.25,163.06108262447796,2458.9166666666665,270.48658455502635,2224.153846153846,316.6722838907997,0.9350162426854148,-0.35460488704253545,0.8660254037844387,-0.4999999999999998,2,False,False,False,True,False
2023-04-24,2023,4,17,2782,2606,96,1550.54,1566.24,1640.3,78.4,325.6,1,-0.0293,2788.0,2534.0,2872.0,2923.0,2746.0,2451.0,1970.0,1869.0,2753.0,2787.75,139.91515286058254,2534.0833333333335,246.53801415652657,2245.6923076923076,340.99616059196524,0.8854560256532099,-0.4647231720437685,0.8660254037844387,-0.4999999999999998,2,False,False,False,True,False
2023-05-01,2023,5,18,2274,2139,0,1585.95,1606.04,1587.39,34.0,325.05,0,0.03,2797.0,2559.0,2782.0,2872.0,2610.0,2576.0,2482.0,1890.0,2599.0,2796.75,137.47090601287306,2559.0833333333335,255.8125941648196,2280.8076923076924,347.5990816133744,0.8229838658936565,-0.5680647467311557,0.49999999999999994,-0.8660254037844387,2,False,False,False,True,False
2023-05-08,2023,5,19,2826,2755,69,1591.02,1539.6,1610.09,61.1,332.32,0,-0.0312,2713.0,2556.0,2274.0,2782.0,2923.0,2506.0,2306.0,1652.0,2601.0,2712.75,298.2519907729036,2556.4166666666665,258.83952850202934,2295.576923076923,338.36503047175785,0.7485107481711013,-0.663122658240795,0.49999999999999994,-0.8660254037844387,2,False,False,False,True,False
2023-05-15,2023,5,20,2140,2090,0,1591.84,1595.44,1568.72,76.2,325.03,0,-0.0095,2688.0,2596.0,2826.0,2274.0,2872.0,2558.0,2348.0,2123.0,2235.0,2688.5,278.76573199253437,2596.25,260.6241197935895,2340.730769230769,327.19530041763187,0.6631226582407952,-0.7485107481711012,0.49999999999999994,-0.8660254037844387,2,False,False,False,True,False
2023-05-22,2023,5,21,2838,2705,178,1667.67,1660.99,1683.14,68.3,329.0,0,-0.0045,2506.0,2605.0,2140.0,2826.0,2782.0,2746.0,2031.0,2136.0,2455.0,2505.5,349.4543365496178,2605.3333333333335,240.23485983260088,2341.3846153846152,326.75949282897034,0.5680647467311558,-0.8229838658936564,0.49999999999999994,-0.8660254037844387,2,False,False,False,True,False
2023-05-29,2023,5,22,2696,2450,0,1551.99,1602.84,1575.66,51.8,330.92,0,-0.0438,2520.0,2638.0,2838.0,2140.0,2274.0,2610.0,2451.0,2308.0,2506.0,2519.5,365.0000000000003,2637.5833333333335,243.5858849222075,2368.3846153846152,337.92213031088374,0.46472317204376906,-0.8854560256532096,0.49999999999999994,-0.8660254037844387,2,False,False,False,True,False
2023-06-05,2023,6,23,2623,2671,410,1561.56,1556.08,1592.26,77.2,321.01,0,-0.026,2625.0,2648.0,2696.0,2838.0,2826.0,2923.0,2576.0,2149.0,2502.0,2625.0,329.66447589430504,2647.5833333333335,243.29086906355235,2383.3076923076924,343.667254096839,0.35460488704253584,-0.9350162426854147,1.2246467991473532e-16,-1.0,2,False,False,False,True,False
2023-06-12,2023,6,24,2272,2237,0,1707.5,1610.01,1648.98,95.2,307.76,0,0.0105,2574.0,2657.0,2623.0,2696.0,2140.0,2872.0,2506.0,1782.0,2811.0,2574.25,302.9503534684633,2657.3333333333335,239.4145637452638,2401.5384615384614,343.312712350618,0.23931566428755768,-0.970941817426052,1.2246467991473532e-16,-1.0,2,False,False,False,True,False
2023-06-19,2023,6,25,2525,2630,110,1567.84,1510.08,1623.78,83.8,328.14,0,-0.0549,2607.0,2634.0,2272.0,2623.0,2838.0,2782.0,2558.0,2159.0,2611.0,2607.25,240.66764773576617,2633.5,263.25083095785584,2420.3846153846152,320.6436123702543,0.12053668025532308,-0.992708874098054,1.2246467991473532e-16,-1.0,2,False,False,False,True,False
2023-06-26,2023,6,26,2539,2447,0,1663.31,1627.39,1528.79,74.6,313.22,0,0.057,2529.0,2615.0,2525.0,2272.0,2696.0,2274.0,2746.0,1993.0,2720.0,2529.0,185.10357460982087,2615.0833333333335,262.39403344565653,2434.4615384615386,316.71933705023156,-3.216245299353273e-16,-1.0,1.2246467991473532e-16,-1.0,2,False,False,False,True,False
2023-07-03,2023,7,27,2480,2410,0,1580.81,1560.89,1627.09,73.5,309.08,0,0.0203,2490.0,2609.0,2539.0,2525.0,2623.0,2826.0,2610.0,1975.0,2410.0,2489.75,151.48019672551322,2609.1666666666665,263.3179320390749,2455.4615384615386,304.12842429069036,-0.12053668025532283,-0.992708874098054,-0.4999999999999997,-0.8660254037844388,3,False,False,False,True,False
2023-07-10,2023,7,28,2655,2965,515,1458.59,1449.33,1513.5,68.6,320.53,0,-0.0431,2454.0,2572.0,2480.0,2539.0,2272.0,2140.0,2923.0,2054.0,2293.0,2454.0,123.9166386460411,2572.25,245.7896828221632,2474.8846153846152,287.909892420955,-0.23931566428755743,-0.9709418174260521,-0.4999999999999997,-0.8660254037844388,3,False,False,False,True,False
2023-07-17,2023,7,29,2773,2880,0,1613.29,1578.05,1622.02,75.1,317.16,0,0.0091,2550.0,2554.0,2655.0,2480.0,2525.0,2838.0,2872.0,1919.0,2394.0,2549.75,74.54472930172109,2554.1666666666665,229.1509360992289,2498.0,276.6736705940767,-0.3546048870425356,-0.9350162426854148,-0.4999999999999997,-0.8660254037844388,3,False,False,False,True,False
2023-07-24,2023,7,30,2449,2528,254,1671.97,1700.29,1664.26,87.7,317.2,0,0.0234,2612.0,2553.0,2773.0,2655.0,2539.0,2696.0,2782.0,1970.0,2323.0,2611.75,129.772557448279,2553.4166666666665,228.35079008695087,2530.846153846154,255.03265552594448,-0.46472317204376806,-0.8854560256532101,-0.4999999999999997,-0.8660254037844388,3,False,False,False,True,False
2023-07-31,2023,7,31,2177,2206,139,1714.78,1703.1,1749.09,94.2,307.55,0,0.0502,2589.0,2568.0,2449.0,2773.0,2480.0,2623.0,2274.0,2482.0,2725.0,2589.25,152.41691725877044,2568.0,214.02251368404623,2549.269230769231,228.85516077944203,-0.5680647467311556,-0.8229838658936566,-0.4999999999999997,-0.8660254037844388,3,False,False,False,True,False
2023-08-07,2023,8,32,2503,2630,229,1587.69,1628.46,1669.93,58.6,304.4,0,0.0115,2514.0,2514.0,2177.0,2449.0,2655.0,2272.0,2826.0,2306.0,2130.0,2513.5,261.25019936196577,2513.9166666666665,224.63686183921592,2537.5384615384614,239.98737146262116,-0.663122658240795,-0.7485107481711013,-0.8660254037844385,-0.5000000000000004,3,False,False,False,True,False
2023-08-14,2023,8,33,2551,2591,171,1652.64,1645.56,1677.72,76.0,312.15,0,0.0352,2476.0,2544.0,2503.0,2177.0,2773.0,2525.0,2140.0,2348.0,2445.0,2475.5,244.3133234189249,2544.1666666666665,191.7393274656273,2545.1153846153848,235.45179157068608,-0.7485107481711011,-0.6631226582407952,-0.8660254037844385,-0.5000000000000004,3,False,False,False,True,False
2023-08-21,2023,8,34,2599,2436,226,1666.38,1656.27,1651.79,83.4,319.74,0,0.043,2420.0,2520.0,2551.0,2503.0,2449.0,2539.0,2838.0,2031.0,2007.0,2420.0,167.272233200852,2520.25,168.21205502147208,2552.923076923077,231.9942970121324,-0.8229838658936564,-0.5680647467311559,-0.8660254037844385,-0.5000000000000004,3,False,False,False,True,False
2023-08-28,2023,8,35,2566,2476,0,1571.14,1552.4,1552.34,71.5,303.64,0,-0.0032,2458.0,2512.0,2599.0,2551.0,2177.0,2480.0,2696.0,2451.0,2103.0,2457.5,191.06281689538707,2512.1666666666665,161.18246765324434,2574.769230769231,206.1887111734885,-0.8854560256532096,-0.4647231720437691,-0.8660254037844385,-0.5000000000000004,3,False,False,False,True,False
2023-09-04,2023,9,36,2143,2098,52,1623.37,1665.96,1552.45,58.1,302.7,0,0.0368,2555.0,2507.0,2566.0,2599.0,2503.0,2655.0,2623.0,2576.0,2232.0,2554.75,39.90300740546016,2507.4166666666665,158.43579619250437,2579.1923076923076,204.65522602284355,-0.9350162426854147,-0.3546048870425359,-1.0,-1.8369701987210297e-16,3,False,False,False,True,False
2023-09-11,2023,9,37,1824,1514,0,1388.02,1402.54,1320.27,90.9,303.21,0,-0.0181,2465.0,2497.0,2143.0,2566.0,2551.0,2773.0,2272.0,2506.0,2102.0,2464.75,215.43502500754192,2496.6666666666665,178.91406435561083,2562.5384615384614,221.82303410948586,-0.970941817426052,-0.23931566428755774,-1.0,-1.8369701987210297e-16,3,False,False,False,True,False
2023-09-18,2023,9,38,1937,1992,0,1520.81,1521.89,1560.49,75.6,318.12,0,0.0249,2283.0,2438.0,1824.0,2143.0,2599.0,2449.0,2525.0,2558.0,2526.0,2283.0,369.7864248454778,2438.25,263.3421987383805,2536.3076923076924,264.91429092908754,-0.992708874098054,-0.12053668025532357,-1.0,-1.8369701987210297e-16,3,False,False,False,True,False
2023-09-25,2023,9,39,2393,2374,262,1373.51,1391.81,1405.26,50.7,299.95,0,-0.0318,2118.0,2388.0,1937.0,1824.0,2566.0,2177.0,2539.0,2746.0,1920.0,2117.5,326.8664355155892,2388.0833333333335,297.52630390463366,2512.423076923077,289.7140898302214,-1.0,-1.8369701987210297e-16,-1.0,-1.8369701987210297e-16,3,False,False,False,True,False
2023-10-02,2023,10,40,2121,1947,0,1466.65,1494.75,1420.25,65.1,309.74,0,0.0045,2074.0,2381.0,2393.0,1937.0,2143.0,2503.0,2480.0,2610.0,1850.0,2074.25,250.19375824881575,2380.8333333333335,296.1396578806997,2498.846153846154,286.5845344477178,-0.992708874098054,0.1205366802553232,-0.8660254037844386,0.5000000000000001,4,False,False,False,True,False
2023-10-09,2023,10,41,2118,1994,5,1390.33,1418.95,1434.64,43.9,304.6,0,-0.0094,2069.0,2336.0,2121.0,2393.0,1824.0,2551.0,2655.0,2923.0,2379.0,2068.75,248.41413674212168,2336.3333333333335,291.2775412911315,2480.0384615384614,294.92256350021484,-0.9709418174260521,0.23931566428755738,-0.8660254037844386,0.5000000000000001,4,False,False,False,True,False
2023-10-16,2023,10,42,1939,1908,0,1445.34,1443.68,1364.66,61.0,304.29,0,-0.0122,2142.0,2282.0,2118.0,2121.0,1937.0,2599.0,2773.0,2872.0,2312.0,2142.25,188.00952990030456,2281.75,261.9000937206967,2449.076923076923,288.75012354309683,-0.9350162426854148,0.35460488704253557,-0.8660254037844386,0.5000000000000001,4,False,False,False,True,False
2023-10-23,2023,10,43,1995,1904,179,1483.26,1426.56,1488.78,45.8,307.16,0,0.0251,2143.0,2239.0,1939.0,2118.0,2393.0,2566.0,2449.0,2782.0,1869.0,2142.75,187.28298552369046,2239.25,273.41913379877644,2413.1923076923076,292.04451978844156,-0.8854560256532101,0.464723172043768,-0.8660254037844386,0.5000000000000001,4,False,False,False,True,False
2023-10-30,2023,10,44,1959,2320,633,1596.27,1595.11,1605.65,58.0,309.24,0,0.102,2043.0,2224.0,1995.0,1939.0,2121.0,2143.0,2177.0,2274.0,1890.0,2043.25,90.97389735523151,2224.0833333333335,282.0961983996162,2382.923076923077,293.0729497005034,-0.822983865893657,0.5680647467311548,-0.8660254037844386,0.5000000000000001,4,False,False,False,True,False
2023-11-06,2023,11,45,1762,1722,88,1412.79,1401.72,1355.27,27.9,305.31,0,0.0253,2003.0,2179.0,1959.0,1995.0,2118.0,1824.0,2503.0,2826.0,1652.0,2002.75,80.25116821579729,2178.75,276.86134534357615,2370.8076923076924,304.0607859268628,-0.7485107481711011,0.6631226582407952,-0.5000000000000004,0.8660254037844384,4,False,False,False,True,False
2023-11-13,2023,11,46,2156,2156,245,1435.02,1467.23,1408.63,55.3,316.43,0,-0.015,1914.0,2113.0,1762.0,1959.0,1939.0,1937.0,2551.0,2140.0,2123.0,1913.75,103.78623865105392,2113.0,274.0948740855988,2329.8846153846152,311.84795358290586,-0.6631226582407955,0.7485107481711007,-0.5000000000000004,0.8660254037844384,4,False,False,False,True,False
2023-11-20,2023,11,47,1976,2148,477,1390.58,1364.45,1452.84,53.8,314.82,0,0.0096,1968.0,2076.0,2156.0,1762.0,1995.0,2393.0,2599.0,2838.0,2136.0,1968.0,161.85384353380942,2076.0833333333335,228.77279651270294,2330.5,311.47381912449725,-0.5680647467311559,0.8229838658936564,-0.5000000000000004,0.8660254037844384,4,False,False,False,True,False
2023-11-27,2023,11,48,1962,1750,0,1398.73,1375.01,1375.02,43.5,320.05,0,-0.0059,1963.0,2027.0,1976.0,2156.0,1959.0,2121.0,2566.0,2696.0,2308.0,1963.25,161.07425823720828,2026.9166666666667,169.67801503989497,2297.346153846154,300.99394576073365,-0.4647231720437684,0.88545602565321,-0.5000000000000004,0.8660254037844384,4,False,False,False,True,False
2023-12-04,2023,12,49,2179,2492,750,1303.09,1322.14,1331.16,54.7,313.73,0,-0.0842,1964.0,2012.0,1962.0,1976.0,1762.0,2118.0,2143.0,2623.0,2149.0,1964.0,161.0548560791225,2011.8333333333333,166.434717386473,2269.1153846153848,296.4958450869865,-0.35460488704253595,0.9350162426854147,-2.4492935982947064e-16,1.0,4,False,False,False,True,False
2023-12-11,2023,12,50,2369,2366,54,1364.98,1359.39,1366.69,35.0,315.86,0,-0.0075,2068.0,2041.0,2179.0,1962.0,2156.0,1939.0,1824.0,2272.0,1782.0,2068.25,115.12999898665363,2041.4166666666667,161.4893513704872,2252.0384615384614,287.9617308975945,-0.2393156642875578,0.970941817426052,-2.4492935982947064e-16,1.0,4,False,False,False,True,False
2023-12-18,2023,12,51,2292,2360,117,1258.0,1238.71,1261.43,8.0,320.09,0,0.0034,2122.0,2077.0,2369.0,2179.0,1976.0,1995.0,1937.0,2525.0,2159.0,2121.5,192.5036796185124,2077.4166666666665,182.8369657935895,2255.769230769231,288.857654590258,-0.12053668025532363,0.992708874098054,-2.4492935982947064e-16,1.0,4,False,False,False,True,False
2023-12-25,2023,12,52,2089,1890,0,1414.21,1438.08,1436.42,49.1,313.6,0,0.0208,2200.0,2069.0,2292.0,2369.0,1962.0,1959.0,2393.0,2539.0,1993.0,2200.5,177.11484033436292,2069.0,168.77257424766017,2246.8076923076924,283.73988358787653,6.432490598706546e-16,1.0,-2.4492935982947064e-16,1.0,4,False,False,False,True,False
2024-01-01,2024,1,1,2054,2035,0,1428.25,1450.95,1483.87,24.9,329.18,0,0.0299,2232.0,2066.0,2089.0,2292.0,2179.0,1762.0,2121.0,2480.0,1975.0,2232.25,123.32443661605298,2066.3333333333335,168.12783736481546,2229.5,278.8868229228484,0.12053668025532305,0.992708874098054,0.49999999999999994,0.8660254037844387,1,False,False,False,True,False
2024-01-08,2024,1,2,2356,2309,0,1389.79,1380.43,1342.74,17.0,320.89,0,-0.0179,2201.0,2061.0,2054.0,2089.0,2369.0,2156.0,2118.0,2655.0,2054.0,2201.0,153.4687807557839,2061.0,167.3531921090573,2213.1153846153848,276.0809050873428,0.23931566428755774,0.970941817426052,0.49999999999999994,0.8660254037844387,1,False,False,False,True,False
2024-01-15,2024,1,3,1888,1858,31,1451.89,1504.38,1481.29,27.6,321.75,0,0.0144,2198.0,2096.0,2356.0,2054.0,2292.0,1976.0,1939.0,2773.0,1919.0,2197.75,148.79152081576044,2095.75,182.34040344167542,2201.6153846153848,262.8484090761182,0.3546048870425356,0.9350162426854148,0.49999999999999994,0.8660254037844387,1,False,False,False,True,False
2024-01-22,2024,1,4,1994,2124,20,1310.57,1321.51,1373.01,32.3,323.62,0,-0.0624,2097.0,2087.0,1888.0,2356.0,2089.0,1962.0,1995.0,2449.0,1970.0,2096.75,193.7995098033022,2086.8333333333335,190.1634862825977,2167.576923076923,242.40316385343266,0.4647231720437685,0.8854560256532099,0.49999999999999994,0.8660254037844387,1,False,False,False,True,False
2024-01-29,2024,1,5,2351,2390,0,1342.71,1344.85,1383.47,29.9,327.78,0,-0.0256,2073.0,2090.0,1994.0,1888.0,2054.0,2179.0,1959.0,2177.0,2482.0,2073.0,200.761882172223,2089.75,188.2836955235376,2150.076923076923,237.65099167929878,0.5680647467311558,0.8229838658936564,0.49999999999999994,0.8660254037844387,1,False,False,False,True,False
2024-02-05,2024,2,6,2205,2238,271,1443.56,1393.13,1412.45,14.2,322.43,0,0.0075,2147.0,2139.0,2351.0,1994.0,2356.0,2369.0,1762.0,2503.0,2306.0,2147.25,242.06524602539199,2138.8333333333335,171.0607724722072,2156.769230769231,240.8676495824728,0.6631226582407952,0.7485107481711011,0.8660254037844386,0.5000000000000001,1,False,False,False,True,False
2024-02-12,2024,2,7,2205,2006,73,1377.11,1378.81,1326.02,0.0,314.74,0,-0.011,2110.0,2143.0,2205.0,2351.0,1888.0,2292.0,2156.0,2551.0,2348.0,2109.5,208.04246361420275,2142.9166666666665,172.08954240761108,2145.3076923076924,230.6049035438359,0.7485107481711011,0.6631226582407953,0.8660254037844386,0.5000000000000001,1,False,False,False,True,False
2024-02-19,2024,2,8,2472,2191,0,1313.28,1334.38,1325.87,15.2,322.54,0,-0.0223,2189.0,2162.0,2205.0,2205.0,1994.0,2089.0,1976.0,2599.0,2031.0,2188.75,146.94755300219708,2162.0,164.42351081609746,2132.0,215.76264736974366,0.8229838658936564,0.5680647467311559,0.8660254037844386,0.5000000000000001,1,False,False,False,True,False
2024-02-26,2024,2,9,2124,2045,0,1397.8,1376.24,1298.61,37.2,322.88,0,-0.0306,2308.0,2204.0,2472.0,2205.0,2351.0,2054.0,1962.0,2566.0,2451.0,2308.25,129.05134637035061,2204.5,173.67969473613448,2127.1153846153848,205.98336377932685,0.8854560256532099,0.4647231720437686,0.8660254037844386,0.5000000000000001,1,False,False,False,True,False
2024-03-04,2024,3,10,2507,2211,0,1456.99,1476.21,1520.53,14.8,335.95,1,-0.0089,2252.0,2200.0,2124.0,2472.0,2205.0,2356.0,2179.0,2143.0,2576.0,2251.5,151.87824070616637,2199.9166666666665,175.13343397812474,2110.1153846153848,185.53755995443765,0.9350162426854148,0.35460488704253557,1.0,6.123233995736766e-17,1,False,False,False,True,False
2024-03-11,2024,3,11,2616,2513,0,1594.17,1607.91,1512.82,51.5,337.45,1,-0.0193,2327.0,2211.0,2507.0,2124.0,2205.0,1888.0,2369.0,1824.0,2506.0,2327.0,191.06543381784212,2211.4166666666665,191.0528048535921,2124.1153846153848,201.19091966052176,0.970941817426052,0.23931566428755804,1.0,6.123233995736766e-17,1,False,False,False,True,False
2024-03-18,2024,3,12,2578,2777,49,1613.38,1613.8,1601.81,44.6,329.35,1,0.0291,2430.0,2238.0,2616.0,2507.0,2472.0,1994.0,2292.0,1937.0,2558.0,2429.75,212.85734659625967,2238.4166666666665,223.598446218921,2154.576923076923,213.51349804205384,0.992708874098054,0.120536680255323,1.0,6.123233995736766e-17,1,False,False,False,True,False
2024-03-25,2024,3,13,2543,2656,119,1478.05,1447.14,1476.5,9.9,338.51,1,-0.0146,2456.0,2279.0,2578.0,2616.0,2124.0,2351.0,2089.0,2393.0,2746.0,2456.25,226.0595423039401,2279.1666666666665,237.98847693011487,2179.230769230769,224.12894640225488,1.0,-1.6081226496766366e-16,1.0,6.123233995736766e-17,1,False,False,False,True,False
2024-04-01,2024,4,14,2397,2455,2,1533.47,1545.21,1602.47,29.8,328.53,1,0.0077,2561.0,2320.0,2543.0,2578.0,2507.0,2205.0,2054.0,2121.0,2610.0,2561.0,46.740417912839526,2319.9166666666665,237.793821440239,2185.0,231.65577912066044,0.992708874098054,-0.12053668025532288,0.8660254037844387,-0.4999999999999998,2,False,False,False,True,False
2024-04-08,2024,4,15,2596,2653,0,1663.27,1674.17,1726.64,76.5,333.62,1,0.0264,2534.0,2323.0,2397.0,2543.0,2616.0,2205.0,2356.0,2118.0,2923.0,2533.5,95.75837648303614,2323.3333333333335,238.6524035013485,2195.6153846153848,234.9066328434477,0.9709418174260521,-0.2393156642875575,0.8660254037844387,-0.4999999999999998,2,False,False,False,True,False
2024-04-15,2024,4,16,2480,2481,0,1750.52,1727.01,1746.68,61.4,319.54,1,0.0544,2528.0,2382.0,2596.0,2397.0,2578.0,2472.0,1888.0,1939.0,2872.0,2528.5,90.38620838749067,2382.3333333333335,206.61001178475794,2214.0,246.98372416011577,0.9350162426854148,-0.35460488704253545,0.8660254037844387,-0.4999999999999998,2,False,False,False,True,False
2024-04-22,2024,4,17,3191,3291,20,1548.84,1559.11,1483.96,70.2,329.75,1,0.0072,2504.0,2423.0,2480.0,2596.0,2543.0,2124.0,1994.0,1995.0,2782.0,2504.0,85.65434412023065,2422.8333333333335,167.4997060151224,2234.8076923076924,245.6744218238066,0.8854560256532099,-0.4647231720437685,0.8660254037844387,-0.4999999999999998,2,False,False,False,True,False
2024-04-29,2024,4,18,2672,2693,10,1684.42,1643.5,1535.63,51.3,322.32,1,0.0759,2666.0,2493.0,3191.0,2480.0,2397.0,2507.0,2351.0,1959.0,2274.0,2666.0,359.38929681706844,2492.8333333333335,275.4727616738966,2280.8076923076924,304.01829145375706,0.8229838658936565,-0.5680647467311557,0.8660254037844387,-0.4999999999999998,2,False,False,False,True,False
2024-05-06,2024,5,19,2679,2762,0,1607.14,1590.47,1661.99,43.0,318.08,0,0.0008,2735.0,2532.0,2672.0,3191.0,2596.0,2616.0,2205.0,1762.0,2826.0,2734.75,314.2455250278041,2531.75,263.8553753307107,2308.230769230769,305.9801702976593,0.7485107481711013,-0.663122658240795,0.49999999999999994,-0.8660254037844387,2,False,False,False,True,False
2024-05-13,2024,5,20,2763,2715,0,1511.02,1435.27,1529.0,71.8,324.46,0,-0.0521,2756.0,2571.0,2679.0,2672.0,2480.0,2578.0,2205.0,2156.0,2140.0,2755.5,304.6227174719578,2571.25,245.32172753345998,2343.5,293.07722531783304,0.6631226582407952,-0.7485107481711012,0.49999999999999994,-0.8660254037844387,2,False,False,False,True,False
2024-05-20,2024,5,21,2629,2634,37,1869.12,1846.81,1743.93,61.5,330.95,0,0.1081,2826.0,2596.0,2763.0,2679.0,3191.0,2543.0,2472.0,1976.0,2838.0,2826.25,246.65681286624448,2595.5,248.9744419157797,2366.846153846154,301.59637826839895,0.5680647467311558,-0.8229838658936564,0.49999999999999994,-0.8660254037844387,2,False,False,False,True,False
2024-05-27,2024,5,22,2559,2749,435,1445.59,1430.61,1428.19,42.6,313.91,0,-0.0479,2686.0,2638.0,2629.0,2763.0,2672.0,2397.0,2124.0,1962.0,2696.0,2685.75,56.043881616701604,2637.5833333333335,199.87016619129187,2391.9615384615386,294.86084592827547,0.46472317204376906,-0.8854560256532096,0.49999999999999994,-0.8660254037844387,2,False,False,False,True,False
2024-06-03,2024,6,23,2353,2138,0,1726.82,1718.96,1776.24,61.3,315.46,0,0.0508,2658.0,2642.0,2559.0,2629.0,2679.0,2596.0,2507.0,2179.0,2623.0,2657.5,85.84287972802521,2641.9166666666665,197.32919349670976,2414.923076923077,283.0476882897182,0.35460488704253584,-0.9350162426854147,1.2246467991473532e-16,-1.0,2,False,False,False,True,False
2024-06-10,2024,6,24,2533,2635,135,1576.88,1579.47,1466.35,100.0,317.99,0,-0.116,2576.0,2620.0,2353.0,2559.0,2763.0,2480.0,2616.0,2369.0,2272.0,2576.0,171.0711353014691,2620.0,214.34127418251276,2421.6153846153848,279.27836678455026,0.23931566428755768,-0.970941817426052,1.2246467991473532e-16,-1.0,2,False,False,False,True,False
2024-06-17,2024,6,25,2618,2940,159,1664.04,1659.94,1704.15,87.6,321.4,0,-0.0528,2518.0,2616.0,2533.0,2353.0,2629.0,3191.0,2578.0,2292.0,2525.0,2518.5,117.54573577973896,2616.25,215.53321827927005,2427.923076923077,279.8938260236432,0.12053668025532308,-0.992708874098054,1.2246467991473532e-16,-1.0,2,False,False,False,True,False
2024-06-24,2024,6,26,2795,2627,0,1586.41,1573.91,1620.53,82.7,317.06,0,-0.0861,2516.0,2622.0,2618.0,2533.0,2559.0,2672.0,2543.0,2089.0,2539.0,2515.75,114.17931803381411,2622.5,214.29991727822912,2440.4615384615386,280.86156458571907,-3.216245299353273e-16,-1.0,1.2246467991473532e-16,-1.0,2,False,False,False,True,False
2024-07-01,2024,7,27,2626,2644,232,1639.88,1721.62,1621.83,56.2,324.8,0,-0.0128,2575.0,2656.0,2795.0,2618.0,2353.0,2679.0,2397.0,2054.0,2480.0,2574.75,183.75413827539646,2655.6666666666665,206.89801323064756,2467.6153846153848,279.64850465154586,-0.12053668025532283,-0.992708874098054,-0.4999999999999997,-0.8660254037844388,3,False,False,False,True,False
2024-07-08,2024,7,28,2893,3351,577,1764.85,1817.81,1770.11,94.3,324.04,0,0.0327,2643.0,2658.0,2626.0,2795.0,2533.0,2763.0,2596.0,2356.0,2655.0,2643.0,109.72389590847355,2658.1666666666665,206.29186443806904,2489.6153846153848,268.0676148919253,-0.23931566428755743,-0.9709418174260521,-0.4999999999999997,-0.8660254037844388,3,False,False,False,True,False
2024-07-15,2024,7,29,2877,2893,0,1628.3,1636.91,1625.67,86.8,325.34,0,0.0074,2733.0,2693.0,2893.0,2626.0,2618.0,2629.0,2480.0,1888.0,2773.0,2733.0,134.31058533612884,2692.5833333333335,208.30679224876724,2510.269230769231,277.86911418037084,-0.3546048870425356,-0.9350162426854148,-0.4999999999999997,-0.8660254037844388,3,False,False,False,True,False
2024-07-22,2024,7,30,2649,2892,87,1767.66,1772.88,1713.79,100.0,311.4,0,0.0425,2798.0,2666.0,2877.0,2893.0,2795.0,2559.0,3191.0,1994.0,2449.0,2797.75,122.28211916166188,2666.4166666666665,152.16107394548635,2548.3076923076924,256.11977967049086,-0.46472317204376806,-0.8854560256532101,-0.4999999999999997,-0.8660254037844388,3,False,False,False,True,False
2024-07-29,2024,7,31,2601,2457,0,1662.2,1686.29,1692.02,94.3,312.23,0,0.0018,2761.0,2664.0,2649.0,2877.0,2626.0,2353.0,2672.0,2351.0,2177.0,2761.25,143.35125856906012,2664.5,152.22919323417767,2573.5,230.3314568182105,-0.5680647467311556,-0.8229838658936566,-0.4999999999999997,-0.8660254037844388,3,False,False,False,True,False
2024-08-05,2024,8,32,2786,2967,0,1645.12,1683.52,1643.6,70.3,307.07,0,0.0053,2755.0,2658.0,2601.0,2649.0,2893.0,2533.0,2679.0,2205.0,2503.0,2755.0,151.52557539900715,2658.0,153.2158311307687,2583.1153846153848,225.84602310832327,-0.663122658240795,-0.7485107481711013,-0.8660254037844385,-0.5000000000000004,3,False,False,False,True,False
2024-08-12,2024,8,33,2488,2768,384,1654.69,1694.38,1652.55,99.7,310.77,0,-0.0465,2728.0,2660.0,2786.0,2601.0,2877.0,2618.0,2763.0,2205.0,2551.0,2728.25,126.40510274510362,2659.9166666666665,154.78457659442842,2605.4615384615386,215.4408003641314,-0.7485107481711011,-0.6631226582407952,-0.8660254037844385,-0.5000000000000004,3,False,False,False,True,False
2024-08-19,2024,8,34,1994,2160,0,1733.35,1743.82,1706.56,64.6,313.77,0,0.0021,2631.0,2648.0,2488.0,2786.0,2649.0,2795.0,2629.0,2472.0,2599.0,2631.0,123.42068978362929,2648.1666666666665,162.50417244060958,2616.346153846154,201.0687329860474,-0.8229838658936564,-0.5680647467311559,-0.8660254037844385,-0.5000000000000004,3,False,False,False,True,False
2024-08-26,2024,8,35,2860,2805,0,1593.34,1560.19,1637.88,87.1,310.81,0,-0.0145,2467.0,2601.0,1994.0,2488.0,2601.0,2626.0,2559.0,2124.0,2566.0,2467.25,338.5689245436841,2601.0833333333335,249.338199798565,2597.9615384615386,233.95785616545885,-0.8854560256532096,-0.4647231720437691,-0.8660254037844385,-0.5000000000000004,3,False,False,False,True,False
2024-09-02,2024,9,36,2370,2314,205,1616.97,1613.54,1696.75,35.8,315.59,0,0.0451,2532.0,2643.0,2860.0,1994.0,2786.0,2893.0,2353.0,2507.0,2143.0,2532.0,393.0563996849988,2643.3333333333335,246.4173596797037,2626.269230769231,218.32060052909262,-0.9350162426854147,-0.3546048870425359,-1.0,-1.8369701987210297e-16,3,False,False,False,True,False
2024-09-09,2024,9,37,1901,1874,402,1533.36,1491.84,1578.41,58.3,310.94,0,0.0276,2428.0,2630.0,2370.0,2860.0,2488.0,2877.0,2533.0,2616.0,1824.0,2428.0,356.8118084742528,2629.75,257.30425039771217,2621.0,222.91917817899613,-0.970941817426052,-0.23931566428755774,-1.0,-1.8369701987210297e-16,3,False,False,False,True,False
2024-09-16,2024,9,38,2042,2145,253,1537.03,1576.01,1535.53,61.1,309.0,0,-0.0171,2281.0,2570.0,1901.0,2370.0,1994.0,2649.0,2618.0,2578.0,1937.0,2281.25,435.8634151505112,2570.0,332.5327051584568,2593.5,263.8966843293017,-0.992708874098054,-0.12053668025532357,-1.0,-1.8369701987210297e-16,3,False,False,False,True,False
2024-09-23,2024,9,39,2103,1999,156,1605.68,1621.46,1590.97,72.6,312.38,0,-0.0146,2293.0,2507.0,2042.0,1901.0,2860.0,2601.0,2795.0,2543.0,2393.0,2293.25,425.86490424390087,2507.25,356.4045518023803,2572.8846153846152,285.22963757969706,-1.0,-1.8369701987210297e-16,-1.0,-1.8369701987210297e-16,3,False,False,False,True,False
2024-09-30,2024,9,40,2239,2036,0,1485.69,1514.52,1420.41,44.8,308.34,0,-0.013,2104.0,2464.0,2103.0,2042.0,2370.0,2786.0,2626.0,2397.0,2121.0,2104.0,196.47730997072804,2463.6666666666665,372.19113695014744,2555.9615384615386,299.7566320559692,-0.992708874098054,0.1205366802553232,-1.0,-1.8369701987210297e-16,3,False,False,False,True,False
2024-10-07,2024,10,41,2171,1987,0,1466.94,1487.57,1613.54,40.0,310.06,0,0.0212,2071.0,2409.0,2239.0,2103.0,1901.0,2488.0,2893.0,2596.0,2118.0,2071.25,140.22452234422792,2409.1666666666665,350.8811851048827,2549.8846153846152,304.6694375119457,-0.9709418174260521,0.23931566428755738,-0.8660254037844386,0.5000000000000001,4,False,False,False,True,False
2024-10-14,2024,10,42,2268,2220,0,1478.61,1482.88,1318.72,56.6,303.29,0,-0.0484,2139.0,2350.0,2171.0,2239.0,2042.0,1994.0,2877.0,2480.0,1939.0,2138.75,85.10532689947722,2350.3333333333335,323.42101279161244,2533.5384615384614,313.3730340369729,-0.9350162426854148,0.35460488704253557,-0.8660254037844386,0.5000000000000001,4,False,False,False,True,False
2024-10-21,2024,10,43,2296,2193,0,1468.52,1468.04,1536.47,62.3,305.8,0,-0.0274,2195.0,2319.0,2268.0,2171.0,2103.0,2860.0,2649.0,3191.0,1995.0,2195.25,73.72188729723948,2318.5833333333335,309.8522986354914,2525.3846153846152,317.5520211773899,-0.8854560256532101,0.464723172043768,-0.8660254037844386,0.5000000000000001,4,False,False,False,True,False
2024-10-28,2024,10,44,2290,2486,143,1445.79,1401.16,1537.98,53.3,317.54,0,-0.0077,2244.0,2293.0,2296.0,2268.0,2239.0,2370.0,2601.0,2672.0,1959.0,2243.5,53.64388750516577,2293.1666666666665,296.81516542158556,2490.9615384615386,289.8100730850084,-0.822983865893657,0.5680647467311548,-0.8660254037844386,0.5000000000000001,4,False,False,False,True,False
2024-11-04,2024,11,45,1844,1819,0,1319.94,1348.7,1444.83,35.9,316.33,0,-0.0516,2256.0,2252.0,2290.0,2296.0,2171.0,1901.0,2786.0,2679.0,1762.0,2256.25,58.09403296954757,2251.8333333333335,253.29028741144117,2476.269230769231,289.9479343181877,-0.7485107481711011,0.6631226582407952,-0.5000000000000004,0.8660254037844384,4,False,False,False,True,False
2024-11-11,2024,11,46,2050,1957,0,1384.09,1389.65,1398.33,23.6,310.6,0,-0.0305,2174.0,2198.0,1844.0,2290.0,2268.0,2042.0,2488.0,2763.0,2156.0,2174.5,220.66188313042846,2198.1666666666665,266.5789439046792,2444.153846153846,311.9995759365948,-0.6631226582407955,0.7485107481711007,-0.5000000000000004,0.8660254037844384,4,False,False,False,True,False
2024-11-18,2024,11,47,2172,2190,0,1328.22,1347.22,1325.5,31.8,315.4,0,-0.0501,2120.0,2203.0,2050.0,1844.0,2296.0,2103.0,1994.0,2629.0,1976.0,2120.0,216.75792949740088,2202.8333333333335,263.1480168800053,2416.730769230769,314.1805287018664,-0.5680647467311559,0.8229838658936564,-0.5000000000000004,0.8660254037844384,4,False,False,False,True,False
2024-11-25,2024,11,48,2156,2381,396,1284.48,1296.32,1338.35,52.9,313.74,0,-0.033,2089.0,2146.0,2172.0,2050.0,2290.0,2239.0,2860.0,2559.0,1962.0,2089.0,190.4695951239118,2145.5,162.74715470212394,2399.153846153846,314.61324731265705,-0.4647231720437684,0.88545602565321,-0.5000000000000004,0.8660254037844384,4,False,False,False,True,False
2024-12-02,2024,12,49,2327,2220,0,1381.41,1367.42,1371.49,13.8,318.63,0,0.0059,2056.0,2128.0,2156.0,2172.0,1844.0,2171.0,2370.0,2353.0,2179.0,2055.5,151.03531595844356,2127.6666666666665,146.8600653270979,2383.653846153846,316.34562646670986,-0.35460488704253595,0.9350162426854147,-2.4492935982947064e-16,1.0,4,False,False,False,True,False
2024-12-09,2024,12,50,2026,2109,0,1493.43,1493.69,1496.89,56.1,318.11,0,0.0165,2176.0,2163.0,2327.0,2156.0,2050.0,2268.0,1901.0,2533.0,2369.0,2176.25,114.15304054937337,2163.1666666666665,138.32756468439644,2382.653846153846,316.4874648143511,-0.2393156642875578,0.970941817426052,-2.4492935982947064e-16,1.0,4,False,False,False,True,False
2024-12-16,2024,12,51,1680,1530,0,1278.77,1242.35,1287.9,42.5,313.16,0,-0.0113,2170.0,2162.0,2026.0,2327.0,2172.0,2296.0,2042.0,2618.0,2292.0,2170.25,123.26766269653562,2161.8333333333335,139.6722353702913,2363.153846153846,322.4170829602786,-0.12053668025532363,0.992708874098054,-2.4492935982947064e-16,1.0,4,False,False,False,True,False
2024-12-23,2024,12,52,1927,1797,0,1296.29,1308.64,1427.47,6.7,319.69,0,-0.03,2047.0,2127.0,1680.0,2026.0,2156.0,2290.0,2103.0,2795.0,2089.0,2047.25,274.1111392604592,2126.5833333333335,197.3420926086277,2327.076923076923,344.4840690745418,6.432490598706546e-16,1.0,-2.4492935982947064e-16,1.0,4,False,False,False,True,False
2022-01-03,2022,1,1,1505,1550,82,1666.45,1635.54,1682.34,22.9,316.15,0,0.0133,1346.0,1280.0,1394.0,1309.0,1251.0,1443.0,1160.0,1512.0,1238.0,1345.5,80.45909934038943,1280.5,122.29658435726708,1327.423076923077,129.21367515148592,0.12053668025532305,0.992708874098054,0.49999999999999994,0.8660254037844387,1,False,False,False,False,True
2022-01-10,2022,1,2,1305,1194,0,1580.11,1578.94,1552.98,0.0,317.24,0,0.04,1409.0,1316.0,1505.0,1394.0,1428.0,1190.0,1073.0,1323.0,1160.0,1409.0,81.2444869924517,1316.5,119.20684849148704,1327.1538461538462,128.8203997223082,0.23931566428755774,0.970941817426052,0.49999999999999994,0.8660254037844387,1,False,False,False,False,True
2022-01-17,2022,1,3,1606,1692,32,1538.75,1523.88,1547.79,31.4,315.51,0,-0.0602,1378.0,1333.0,1305.0,1505.0,1309.0,1345.0,1109.0,1412.0,1362.0,1378.25,93.94102760065304,1332.8333333333333,100.08526667826905,1326.4615384615386,128.89196430165202,0.3546048870425356,0.9350162426854148,0.49999999999999994,0.8660254037844387,1,False,False,False,False,True
2022-01-24,2022,1,4,1269,1365,0,1450.89,1453.58,1460.17,0.0,312.7,0,-0.0356,1452.0,1366.0,1606.0,1305.0,1394.0,1379.0,1206.0,1547.0,1270.0,1452.5,131.01781049409527,1366.1666666666667,118.85348760196803,1333.923076923077,139.2416383347802,0.4647231720437685,0.8854560256532099,0.49999999999999994,0.8660254037844387,1,False,False,False,False,True
2022-01-31,2022,1,5,1147,1091,136,1729.59,1710.14,1715.12,26.4,314.22,0,0.0388,1421.0,1369.0,1269.0,1606.0,1505.0,1251.0,1239.0,1430.0,1540.0,1421.25,161.08046643422244,1368.6666666666667,116.22183594968205,1323.2307692307693,132.74737140668546,0.5680647467311558,0.8229838658936564,0.49999999999999994,0.8660254037844387,1,False,False,False,False,True
2022-02-07,2022,2,6,1757,1824,167,1653.49,1658.22,1768.08,5.5,315.57,0,0.0646,1332.0,1344.0,1147.0,1269.0,1305.0,1428.0,1443.0,1372.0,1473.0,1331.75,194.93481816579953,1344.0,129.64707338140445,1312.3461538461538,135.22187465279148,0.6631226582407952,0.7485107481711011,0.8660254037844386,0.5000000000000001,1,False,False,False,False,True
2022-02-14,2022,2,7,1576,1541,40,1474.49,1482.43,1454.25,15.9,315.59,0,-0.072,1445.0,1391.0,1757.0,1147.0,1606.0,1309.0,1190.0,1472.0,1320.0,1444.75,284.6311941208599,1391.25,166.5025934823939,1327.1538461538462,160.6961585869907,0.7485107481711011,0.6631226582407953,0.8660254037844386,0.5000000000000001,1,False,False,False,False,True
2022-02-21,2022,2,8,1604,1529,6,1662.01,1649.1,1736.74,40.9,320.18,0,-0.0012,1437.0,1410.0,1576.0,1757.0,1269.0,1394.0,1345.0,1468.0,1391.0,1437.25,279.3115047159115,1410.5,173.86018416061606,1331.1538461538462,165.66344009652602,0.8229838658936564,0.5680647467311559,0.8660254037844386,0.5000000000000001,1,False,False,False,False,True
2022-02-28,2022,2,9,1292,1232,0,1488.26,1507.88,1544.07,3.3,318.1,0,-0.0389,1521.0,1429.0,1604.0,1576.0,1147.0,1505.0,1379.0,1298.0,1678.0,1521.0,261.71613120580344,1429.25,182.09194730335273,1336.3846153846155,172.17620670071125,0.8854560256532099,0.4647231720437686,0.8660254037844386,0.5000000000000001,1,False,False,False,False,True
2022-03-07,2022,3,10,1708,1623,139,1644.2,1630.74,1609.73,47.4,320.94,1,-0.0376,1557.0,1433.0,1292.0,1604.0,1757.0,1305.0,1251.0,1414.0,1711.0,1557.25,193.90268177619407,1432.6666666666667,178.7981763855202,1336.1538461538462,172.2337231340462,0.9350162426854148,0.35460488704253557,1.0,6.123233995736766e-17,1,False,False,False,False,True
2022-03-14,2022,3,11,1755,1881,98,1734.87,1713.44,1712.94,34.9,320.81,1,0.0,1545.0,1456.0,1708.0,1292.0,1576.0,1606.0,1428.0,1163.0,1675.0,1545.0,177.9700349309774,1456.0,195.61325480280007,1347.4615384615386,186.60079973445548,0.970941817426052,0.23931566428755804,1.0,6.123233995736766e-17,1,False,False,False,False,True
2022-03-21,2022,3,12,1781,1722,0,1645.91,1666.92,1624.27,35.0,325.87,1,-0.018,1590.0,1493.0,1755.0,1708.0,1604.0,1269.0,1309.0,1381.0,1830.0,1589.75,208.28566121235195,1493.1666666666667,207.17266989522267,1370.2307692307693,198.90486322708287,0.992708874098054,0.120536680255323,1.0,6.123233995736766e-17,1,False,False,False,False,True
2022-03-28,2022,3,13,1732,1757,0,1624.19,1629.54,1627.5,20.0,326.83,1,0.0016,1634.0,1525.0,1781.0,1755.0,1292.0,1147.0,1394.0,1195.0,1487.0,1634.0,229.99275350903264,1525.4166666666667,220.05348867670256,1385.6153846153845,214.61967792783148,1.0,-1.6081226496766366e-16,1.0,6.123233995736766e-17,1,False,False,False,False,True
2022-04-04,2022,4,14,1986,1794,0,1866.54,1872.21,1804.19,26.0,319.11,1,0.0596,1744.0,1544.0,1732.0,1781.0,1708.0,1757.0,1505.0,1160.0,1498.0,1744.0,31.25166662222428,1544.3333333333333,227.76077295480337,1406.2692307692307,221.2778448362705,0.992708874098054,-0.12053668025532288,0.8660254037844387,-0.4999999999999998,2,False,False,False,False,True
2022-04-11,2022,4,15,1666,1665,0,1987.77,2046.77,2016.05,50.1,322.28,1,0.0809,1814.0,1601.0,1986.0,1732.0,1755.0,1576.0,1305.0,1073.0,1662.0,1813.5,116.72903095060221,1601.0833333333333,246.75473960017743,1438.0384615384614,242.75872478973545,0.9709418174260521,-0.2393156642875575,0.8660254037844387,-0.4999999999999998,2,False,False,False,False,True
2022-04-18,2022,4,16,1797,2010,0,1865.17,1890.77,1873.07,63.2,320.8,1,0.0242,1791.0,1606.0,1666.0,1986.0,1781.0,1604.0,1606.0,1109.0,1428.0,1791.25,138.11921179425636,1606.0833333333333,247.47027675821545,1460.8461538461538,234.81766412392295,0.9350162426854148,-0.35460488704253545,0.8660254037844387,-0.4999999999999998,2,False,False,False,False,True
2022-04-25,2022,4,17,1566,1463,32,1911.46,1885.63,1914.07,51.6,318.26,1,0.0647,1795.0,1650.0,1797.0,1666.0,1732.0,1292.0,1269.0,1206.0,1717.0,1795.25,137.95500474188427,1650.0833333333333,228.28389754598942,1487.3076923076924,232.33437442285998,0.8854560256532099,-0.4647231720437685,0.8660254037844387,-0.4999999999999998,2,False,False,False,False,True
2022-05-02,2022,5,18,1606,1657,228,1940.45,2061.14,1987.54,75.0,324.62,0,-0.046,1754.0,1685.0,1566.0,1797.0,1986.0,1708.0,1147.0,1239.0,1457.0,1753.75,181.4393838172958,1685.0,168.57585290253803,1501.1538461538462,225.52652922575552,0.8229838658936565,-0.5680647467311557,0.49999999999999994,-0.8660254037844387,2,False,False,False,False,True
2022-05-09,2022,5,19,1718,1761,141,1925.88,1926.15,1875.01,91.9,322.88,0,-0.0128,1659.0,1672.0,1606.0,1566.0,1666.0,1755.0,1757.0,1443.0,1736.0,1658.75,100.91374204405119,1672.4166666666667,168.34837166549664,1515.2692307692307,219.8766122519283,0.7485107481711013,-0.663122658240795,0.49999999999999994,-0.8660254037844387,2,False,False,False,False,True
2022-05-16,2022,5,20,1722,1837,404,1796.99,1777.28,1808.49,32.7,326.52,0,-0.021,1672.0,1684.0,1718.0,1606.0,1797.0,1781.0,1576.0,1190.0,1544.0,1671.75,105.4083330039264,1684.25,165.92831146448307,1525.8461538461538,222.8552341422916,0.6631226582407952,-0.7485107481711012,0.49999999999999994,-0.8660254037844387,2,False,False,False,False,True
2022-05-23,2022,5,21,1461,1533,234,1824.28,1885.34,1922.1,45.1,318.16,0,-0.0144,1653.0,1694.0,1722.0,1718.0,1566.0,1732.0,1604.0,1345.0,1513.0,1653.0,79.08645058836969,1694.0833333333333,164.2279227356316,1546.3076923076924,215.0729679398641,0.5680647467311558,-0.8229838658936564,0.49999999999999994,-0.8660254037844387,2,False,False,False,False,True
2022-05-30,2022,5,22,1446,1597,427,1832.75,1863.03,1800.73,77.3,327.02,0,-0.0459,1627.0,1708.0,1461.0,1722.0,1606.0,1986.0,1292.0,1379.0,1624.0,1626.75,122.88578708160941,1708.1666666666667,130.36859168131596,1550.7692307692307,211.90985020849055,0.46472317204376906,-0.8854560256532096,0.49999999999999994,-0.8660254037844387,2,False,False,False,False,True
2022-06-06,2022,6,23,1494,1370,0,1853.18,1892.95,2028.41,86.3,315.83,0,-0.0517,1587.0,1686.0,1446.0,1461.0,1718.0,1666.0,1708.0,1251.0,1561.0,1586.75,153.99431807699912,1686.3333333333333,150.74562157569414,1553.3461538461538,210.13746782669597,0.35460488704253584,-0.9350162426854147,1.2246467991473532e-16,-1.0,2,False,False,False,False,True
2022-06-13,2022,6,24,1498,1763,513,1963.64,1939.6,1878.41,72.5,324.56,0,0.0289,1531.0,1665.0,1494.0,1446.0,1722.0,1797.0,1755.0,1428.0,1294.0,1530.75,129.06684314726218,1664.5833333333333,158.56370003786145,1562.6923076923076,201.3734380161938,0.23931566428755768,-0.970941817426052,1.2246467991473532e-16,-1.0,2,False,False,False,False,True
2022-06-20,2022,6,25,1453,1457,0,1791.71,1826.68,1857.53,56.1,318.6,0,-0.054,1475.0,1641.0,1498.0,1494.0,1461.0,1566.0,1781.0,1309.0,1779.0,1474.75,25.342651794947894,1641.0,160.70582950336166,1565.3846153846155,199.96361207441333,0.12053668025532308,-0.992708874098054,1.2246467991473532e-16,-1.0,2,False,False,False,False,True
2022-06-27,2022,6,26,1398,1372,0,1887.82,1878.96,1890.71,72.7,313.51,0,-0.0503,1473.0,1618.0,1453.0,1498.0,1446.0,1606.0,1732.0,1394.0,1413.0,1472.75,27.047797199278705,1617.75,166.4239520567328,1570.923076923077,194.49790190681793,-3.216245299353273e-16,-1.0,1.2246467991473532e-16,-1.0,2,False,False,False,False,True
2022-07-04,2022,7,27,1431,1415,0,2111.75,2084.92,2011.26,63.3,321.22,0,0.1048,1461.0,1569.0,1398.0,1453.0,1494.0,1718.0,1986.0,1505.0,1512.0,1460.75,46.514334708058655,1568.75,130.91852080935263,1571.076923076923,194.35388816834657,-0.12053668025532283,-0.992708874098054,-0.4999999999999997,-0.8660254037844388,3,False,False,False,False,True
2022-07-11,2022,7,28,1662,1559,0,1883.23,1923.59,1897.59,93.5,319.12,0,-0.0882,1445.0,1549.0,1431.0,1398.0,1498.0,1722.0,1666.0,1305.0,1323.0,1445.0,41.9444076526694,1549.1666666666667,132.6141589405706,1568.2307692307693,195.89595354520455,-0.23931566428755743,-0.9709418174260521,-0.4999999999999997,-0.8660254037844388,3,False,False,False,False,True
2022-07-18,2022,7,29,1402,1450,100,1981.1,2002.98,2030.68,76.7,307.37,0,0.0724,1486.0,1538.0,1662.0,1431.0,1453.0,1461.0,1797.0,1606.0,1412.0,1486.0,119.49058540320229,1537.9166666666667,114.11434324103648,1581.9615384615386,189.1011328933246,-0.3546048870425356,-0.9350162426854148,-0.4999999999999997,-0.8660254037844388,3,False,False,False,False,True
2022-07-25,2022,7,30,1621,1645,233,1880.93,1921.97,2032.33,64.9,300.69,0,-0.0216,1473.0,1524.0,1402.0,1662.0,1398.0,1446.0,1566.0,1269.0,1547.0,1473.25,126.6895812606545,1524.25,120.10837908852342,1574.1153846153845,192.26946235387067,-0.46472317204376806,-0.8854560256532101,-0.4999999999999997,-0.8660254037844388,3,False,False,False,False,True
2022-08-01,2022,8,31,1386,1414,338,1831.09,1903.86,1792.2,76.3,307.7,0,0.0058,1529.0,1526.0,1621.0,1402.0,1431.0,1494.0,1606.0,1147.0,1430.0,1529.0,131.51172317832854,1525.5,121.11039291789537,1587.6538461538462,182.04679449145962,-0.5680647467311556,-0.8229838658936566,-0.8660254037844385,-0.5000000000000004,3,False,False,False,False,True
2022-08-08,2022,8,32,1398,1380,0,1935.48,1953.08,1895.5,82.2,310.79,0,0.0342,1518.0,1498.0,1386.0,1621.0,1662.0,1498.0,1718.0,1757.0,1372.0,1517.75,144.01938526925227,1497.8333333333333,110.60316725148644,1596.8461538461538,164.05089266631788,-0.663122658240795,-0.7485107481711013,-0.8660254037844385,-0.5000000000000004,3,False,False,False,False,True
2022-08-15,2022,8,33,1469,1380,0,1829.29,1836.02,2026.34,52.8,305.11,0,-0.0071,1452.0,1471.0,1398.0,1386.0,1402.0,1453.0,1722.0,1576.0,1472.0,1451.75,113.03797297073812,1470.8333333333333,88.17939703017758,1583.0384615384614,165.136423788148,-0.7485107481711011,-0.6631226582407952,-0.8660254037844385,-0.5000000000000004,3,False,False,False,False,True
2022-08-22,2022,8,34,1379,1536,482,1822.11,1812.13,1804.37,74.8,302.6,0,-0.071,1468.0,1472.0,1469.0,1398.0,1621.0,1398.0,1461.0,1604.0,1468.0,1468.5,108.06325308201053,1471.5,88.12852185096489,1578.923076923077,166.64523349365317,-0.8229838658936564,-0.5680647467311559,-0.8660254037844385,-0.5000000000000004,3,False,False,False,False,True
2022-08-29,2022,8,35,1475,1583,0,2001.59,1968.02,1930.6,73.6,307.55,0,0.0888,1408.0,1466.0,1379.0,1469.0,1386.0,1431.0,1446.0,1292.0,1298.0,1408.0,41.41658283023035,1465.9166666666667,91.93125725565643,1570.2692307692307,171.07414946561897,-0.8854560256532096,-0.4647231720437691,-0.8660254037844385,-0.5000000000000004,3,False,False,False,False,True
2022-09-05,2022,9,36,1289,1244,20,1739.46,1749.46,1736.29,33.7,302.57,0,0.0183,1430.0,1464.0,1475.0,1379.0,1398.0,1662.0,1494.0,1708.0,1414.0,1430.25,48.89018306367853,1464.3333333333333,91.5665017483133,1577.3076923076924,162.72842879614453,-0.9350162426854147,-0.3546048870425359,-1.0,-1.8369701987210297e-16,3,False,False,False,False,True
2022-09-12,2022,9,37,1470,1599,8,1666.79,1637.15,1730.48,76.3,302.97,0,-0.0607,1403.0,1447.0,1289.0,1475.0,1469.0,1402.0,1498.0,1755.0,1163.0,1403.0,87.77243302996675,1446.9166666666667,103.65893228479551,1561.1923076923076,169.85900487893437,-0.970941817426052,-0.23931566428755774,-1.0,-1.8369701987210297e-16,3,False,False,False,False,True
2022-09-19,2022,9,38,1265,1126,0,1782.37,1773.14,1807.5,40.4,302.78,0,-0.0092,1403.0,1448.0,1470.0,1289.0,1379.0,1621.0,1453.0,1781.0,1381.0,1403.25,88.02414441504104,1448.3333333333333,103.8655891335537,1550.2307692307693,166.00392951790298,-0.992708874098054,-0.12053668025532357,-1.0,-1.8369701987210297e-16,3,False,False,False,False,True
2022-09-26,2022,9,39,1108,1050,0,1576.3,1586.84,1566.51,64.0,297.73,0,-0.0765,1375.0,1437.0,1265.0,1470.0,1475.0,1386.0,1398.0,1732.0,1195.0,1374.75,113.31482692039906,1437.25,116.10036802071305,1530.3846153846155,168.14210107479445,-1.0,-1.8369701987210297e-16,-1.0,-1.8369701987210297e-16,3,False,False,False,False,True
2022-10-03,2022,10,40,1148,1152,93,1697.08,1674.74,1727.87,58.3,297.87,0,0.0755,1283.0,1410.0,1108.0,1265.0,1289.0,1398.0,1431.0,1986.0,1160.0,1283.0,148.27227207629434,1410.3333333333333,150.13468700611372,1506.3846153846155,182.16236206704815,-0.992708874098054,0.1205366802553232,-0.8660254037844386,0.5000000000000001,4,False,False,False,False,True
2022-10-10,2022,10,41,1519,1520,46,1633.64,1584.16,1654.65,52.6,299.86,0,-0.0137,1248.0,1368.0,1148.0,1108.0,1470.0,1469.0,1662.0,1666.0,1073.0,1247.75,162.45281366189585,1367.5,145.04262696312077,1474.1538461538462,167.44878436290753,-0.9709418174260521,0.23931566428755738,-0.8660254037844386,0.5000000000000001,4,False,False,False,False,True
2022-10-17,2022,10,42,1388,1329,112,1750.86,1771.29,1741.79,31.0,313.45,0,0.0277,1260.0,1377.0,1519.0,1148.0,1265.0,1379.0,1402.0,1797.0,1109.0,1260.0,185.07115748633908,1377.25,151.3671785007309,1468.5,163.13828489965226,-0.9350162426854148,0.35460488704253557,-0.8660254037844386,0.5000000000000001,4,False,False,False,False,True
2022-10-24,2022,10,43,1047,1140,101,1802.99,1799.77,1800.28,66.1,301.7,0,0.066,1291.0,1358.0,1388.0,1519.0,1108.0,1475.0,1621.0,1566.0,1206.0,1290.75,196.07035301986204,1357.8333333333333,130.80508284072548,1452.7692307692307,149.33005261964078,-0.8854560256532101,0.464723172043768,-0.8660254037844386,0.5000000000000001,4,False,False,False,False,True
2022-10-31,2022,10,44,1056,1031,6,1712.86,1689.06,1633.77,64.3,300.79,0,0.0177,1276.0,1330.0,1047.0,1388.0,1148.0,1289.0,1386.0,1606.0,1239.0,1275.5,216.34617321937236,1329.5833333333333,157.9576803700221,1432.8076923076924,167.20694225558208,-0.822983865893657,0.5680647467311548,-0.8660254037844386,0.5000000000000001,4,False,False,False,False,True
2022-11-07,2022,11,45,1248,1280,69,1486.97,1508.17,1374.96,28.8,301.84,0,-0.0039,1252.0,1301.0,1056.0,1047.0,1519.0,1470.0,1398.0,1718.0,1443.0,1252.5,238.20509370428388,1301.0833333333333,174.48024547382224,1411.6538461538462,178.80804060392632,-0.7485107481711011,0.6631226582407952,-0.5000000000000004,0.8660254037844384,4,False,False,False,False,True
2022-11-14,2022,11,46,1040,973,315,1680.0,1678.69,1651.92,38.3,313.76,0,0.017,1185.0,1283.0,1248.0,1056.0,1388.0,1265.0,1469.0,1722.0,1190.0,1184.75,164.1774954127392,1282.6666666666667,166.6320570125736,1393.576923076923,170.146565778313,-0.6631226582407955,0.7485107481711007,-0.5000000000000004,0.8660254037844384,4,False,False,False,False,True
2022-11-21,2022,11,47,1412,1576,0,1521.13,1493.61,1592.49,37.8,313.31,0,-0.0512,1098.0,1254.0,1040.0,1248.0,1047.0,1108.0,1379.0,1461.0,1345.0,1097.75,100.38052599981734,1254.4166666666667,177.2155638215931,1367.3461538461538,170.06021105659988,-0.5680647467311559,0.8229838658936564,-0.5000000000000004,0.8660254037844384,4,False,False,False,False,True
2022-11-28,2022,11,48,1201,1117,143,1519.62,1486.94,1621.52,38.5,312.5,0,-0.0151,1189.0,1249.0,1412.0,1040.0,1056.0,1148.0,1475.0,1446.0,1379.0,1189.0,176.16280348965083,1249.1666666666667,170.9076482853336,1365.4615384615386,169.25040165842552,-0.4647231720437684,0.88545602565321,-0.5000000000000004,0.8660254037844384,4,False,False,False,False,True
2022-12-05,2022,12,49,1461,1325,181,1533.55,1500.05,1584.76,10.0,311.44,0,0.0135,1225.0,1242.0,1201.0,1412.0,1248.0,1519.0,1289.0,1494.0,1251.0,1225.25,153.07813908807054,1241.8333333333333,170.93105113589888,1356.0384615384614,171.39369434590748,-0.35460488704253595,0.9350162426854147,-2.4492935982947064e-16,1.0,4,False,False,False,False,True
2022-12-12,2022,12,50,1141,1092,341,1581.81,1528.43,1468.31,45.0,304.79,0,0.023,1278.0,1241.0,1461.0,1201.0,1040.0,1388.0,1470.0,1498.0,1428.0,1278.5,194.9504210476773,1241.0833333333333,169.85526369841955,1354.7692307692307,170.45076889056415,-0.2393156642875578,0.970941817426052,-2.4492935982947064e-16,1.0,4,False,False,False,False,True
2022-12-19,2022,12,51,1419,1545,580,1529.29,1589.62,1444.51,26.7,314.71,0,-0.021,1304.0,1231.0,1141.0,1461.0,1412.0,1047.0,1265.0,1453.0,1309.0,1303.75,156.51490876803612,1230.75,172.02596262826384,1341.0384615384614,172.8139996109642,-0.12053668025532363,0.992708874098054,-2.4492935982947064e-16,1.0,4,False,False,False,False,True
2022-12-26,2022,12,52,1498,1539,310,1563.28,1606.57,1591.06,31.4,316.79,0,-0.0162,1306.0,1257.0,1419.0,1141.0,1201.0,1056.0,1108.0,1398.0,1394.0,1305.5,158.15920249335267,1256.6666666666667,175.24856805708765,1339.7307692307693,172.05988671211102,6.432490598706546e-16,1.0,-2.4492935982947064e-16,1.0,4,False,False,False,False,True
2023-01-02,2023,1,1,1512,1604,127,1594.75,1648.84,1715.78,18.5,326.56,0,0.0209,1380.0,1286.0,1498.0,1419.0,1461.0,1248.0,1148.0,1431.0,1505.0,1379.75,162.4056136139799,1285.8333333333333,184.40510411656606,1343.576923076923,174.51468089004354,0.12053668025532305,0.992708874098054,0.49999999999999994,0.8660254037844387,1,False,False,False,False,True
2023-01-09,2023,1,2,1730,1814,74,1542.44,1525.93,1574.0,13.8,317.12,0,-0.0535,1392.0,1285.0,1512.0,1498.0,1141.0,1040.0,1519.0,1662.0,1305.0,1392.5,172.59297011562592,1285.25,183.6098259402729,1346.6923076923076,176.84519088304728,0.23931566428755774,0.970941817426052,0.49999999999999994,0.8660254037844387,1,False,False,False,False,True
2023-01-16,2023,1,3,1247,1168,220,1536.79,1530.71,1663.91,14.6,323.6,0,-0.0073,1540.0,1314.0,1730.0,1512.0,1419.0,1412.0,1388.0,1402.0,1606.0,1539.75,133.27759251527124,1313.75,223.26833631305445,1349.3076923076924,182.11903123633573,0.3546048870425356,0.9350162426854148,0.49999999999999994,0.8660254037844387,1,False,False,False,False,True
2023-01-23,2023,1,4,1327,1152,63,1748.09,1702.67,1764.37,18.4,312.7,0,0.0743,1497.0,1330.0,1247.0,1730.0,1498.0,1201.0,1047.0,1621.0,1269.0,1496.75,197.49662444372737,1330.4166666666667,208.52357980173986,1343.3461538461538,182.8605900258863,0.4647231720437685,0.8854560256532099,0.49999999999999994,0.8660254037844387,1,False,False,False,False,True
2023-01-30,2023,1,5,1625,1736,0,1726.23,1805.76,1624.08,20.8,321.19,0,0.0383,1454.0,1353.0,1327.0,1247.0,1512.0,1461.0,1056.0,1386.0,1147.0,1454.0,214.8782601071283,1353.0,189.94975412173704,1332.0384615384614,173.8736278494767,0.5680647467311558,0.8229838658936564,0.49999999999999994,0.8660254037844387,1,False,False,False,False,True
2023-02-06,2023,2,6,1624,1473,0,1867.38,1831.98,1805.06,29.1,319.99,0,0.0403,1482.0,1384.0,1625.0,1327.0,1730.0,1141.0,1248.0,1398.0,1757.0,1482.25,231.80649257516498,1384.4166666666667,201.8110990430631,1341.2307692307693,182.92278320478422,0.6631226582407952,0.7485107481711011,0.8660254037844386,0.5000000000000001,1,False,False,False,False,True
2023-02-13,2023,2,7,1518,1451,7,1596.15,1601.27,1737.41,14.5,320.95,0,0.0239,1456.0,1433.0,1624.0,1625.0,1247.0,1419.0,1040.0,1469.0,1576.0,1455.75,197.57424764713986,1433.0833333333333,180.4945017210069,1349.923076923077,190.92300502075105,0.7485107481711011,0.6631226582407953,0.8660254037844386,0.5000000000000001,1,False,False,False,False,True
2023-02-20,2023,2,8,1670,1757,23,1766.69,1796.35,1852.78,41.9,316.75,0,0.0125,1524.0,1442.0,1518.0,1624.0,1327.0,1498.0,1412.0,1379.0,1604.0,1523.5,140.29136347853597,1441.9166666666667,181.95676725946353,1351.8076923076924,192.38170791024137,0.8229838658936564,0.5680647467311559,0.8660254037844386,0.5000000000000001,1,False,False,False,False,True
2023-02-27,2023,2,9,1662,1768,0,1554.31,1534.97,1590.54,29.0,328.5,0,-0.0229,1609.0,1481.0,1670.0,1518.0,1625.0,1512.0,1201.0,1475.0,1292.0,1609.25,64.50516775163594,1481.0,175.76895992389206,1363.0,202.23926423916774,0.8854560256532099,0.4647231720437686,0.8660254037844386,0.5000000000000001,1,False,False,False,False,True
2023-03-06,2023,3,10,1764,1798,31,1636.81,1703.66,1654.97,47.9,320.36,1,-0.0926,1618.0,1498.0,1662.0,1670.0,1624.0,1730.0,1461.0,1289.0,1708.0,1618.5,69.94045086119115,1497.75,183.11353904563614,1370.1923076923076,209.57385700144346,0.9350162426854148,0.35460488704253557,1.0,6.123233995736766e-17,1,False,False,False,False,True
2023-03-13,2023,3,11,1794,1768,0,1809.08,1830.29,1779.24,47.3,326.18,1,-0.0325,1654.0,1550.0,1764.0,1662.0,1518.0,1247.0,1141.0,1470.0,1755.0,1653.5,101.5135458941319,1549.6666666666667,159.57633302155338,1388.4615384615386,222.51691724796666,0.970941817426052,0.23931566428755804,1.0,6.123233995736766e-17,1,False,False,False,False,True
2023-03-20,2023,3,12,1927,1791,0,1744.63,1751.0,1697.87,32.5,326.52,1,-0.013,1722.0,1581.0,1794.0,1764.0,1670.0,1327.0,1419.0,1265.0,1781.0,1722.5,66.46051459325318,1580.9166666666667,168.14953211803734,1400.923076923077,235.93387600375206,0.992708874098054,0.120536680255323,1.0,6.123233995736766e-17,1,False,False,False,False,True
2023-03-27,2023,3,13,1651,1631,0,1864.98,1812.92,1909.09,42.2,324.71,1,0.0473,1787.0,1617.0,1927.0,1794.0,1662.0,1625.0,1498.0,1108.0,1732.0,1786.75,109.24399296986549,1616.6666666666667,192.72652944396356,1426.3846153846155,255.58138851224328,1.0,-1.6081226496766366e-16,1.0,6.123233995736766e-17,1,False,False,False,False,True
2023-04-03,2023,4,14,1897,1805,0,1824.73,1855.74,1875.3,49.9,324.77,1,-0.0316,1784.0,1628.0,1651.0,1927.0,1764.0,1624.0,1512.0,1148.0,1986.0,1784.0,113.48715052081161,1628.25,190.02206809640873,1447.2692307692307,250.66225207514742,0.992708874098054,-0.12053668025532288,0.8660254037844387,-0.4999999999999998,2,False,False,False,False,True
2023-04-10,2023,4,15,1800,1763,155,1884.94,1871.88,1763.43,65.0,332.79,1,-0.0157,1817.0,1642.0,1897.0,1651.0,1794.0,1518.0,1730.0,1519.0,1666.0,1817.25,124.61239906205167,1642.1666666666667,203.76940324045108,1476.076923076923,257.8300095918899,0.9709418174260521,-0.2393156642875575,0.8660254037844387,-0.4999999999999998,2,False,False,False,False,True
2023-04-17,2023,4,16,1791,1911,157,1844.15,1821.6,1837.29,32.3,326.52,1,0.0185,1819.0,1688.0,1800.0,1897.0,1927.0,1670.0,1247.0,1388.0,1797.0,1818.75,124.27489690198908,1688.25,165.1479364360659,1486.8846153846155,265.4772799202342,0.9350162426854148,-0.35460488704253545,0.8660254037844387,-0.4999999999999998,2,False,False,False,False,True
2023-04-24,2023,4,17,1595,1549,0,1842.81,1913.7,1785.71,78.4,325.6,1,-0.0293,1785.0,1727.0,1791.0,1800.0,1651.0,1662.0,1327.0,1047.0,1566.0,1784.75,101.25997893211984,1726.9166666666667,121.40350326930698,1502.3846153846155,271.1764114996849,0.8854560256532099,-0.4647231720437685,0.8660254037844387,-0.4999999999999998,2,False,False,False,False,True
2023-05-01,2023,5,18,1795,1721,0,2069.5,2010.57,1916.2,34.0,325.05,0,0.03,1771.0,1724.0,1595.0,1791.0,1897.0,1764.0,1625.0,1056.0,1606.0,1770.75,126.613256283324,1724.4166666666667,123.97467361106345,1523.4615384615386,255.19157208171822,0.8229838658936565,-0.5680647467311557,0.49999999999999994,-0.8660254037844387,2,False,False,False,False,True
2023-05-08,2023,5,19,1933,1985,244,1901.08,1862.31,1916.77,61.1,332.32,0,-0.0312,1745.0,1739.0,1795.0,1595.0,1800.0,1794.0,1624.0,1248.0,1718.0,1745.25,100.23430883019391,1738.6666666666667,121.17930616414787,1551.8846153846155,241.84926328985696,0.7485107481711013,-0.663122658240795,0.49999999999999994,-0.8660254037844387,2,False,False,False,False,True
2023-05-15,2023,5,20,1650,1541,175,2003.53,2006.73,2094.86,76.2,325.03,0,-0.0095,1778.0,1773.0,1933.0,1795.0,1791.0,1927.0,1518.0,1040.0,1722.0,1778.5,139.00959199518098,1773.25,111.2933265989235,1578.2307692307693,244.71474131197144,0.6631226582407952,-0.7485107481711012,0.49999999999999994,-0.8660254037844387,2,False,False,False,False,True
2023-05-22,2023,5,21,1858,1881,84,1895.47,1872.43,1885.06,68.3,329.0,0,-0.0045,1743.0,1772.0,1650.0,1933.0,1595.0,1651.0,1670.0,1412.0,1461.0,1743.25,152.04906006505493,1771.5833333333333,113.11495225761502,1601.6923076923076,218.93191073587715,0.5680647467311558,-0.8229838658936564,0.49999999999999994,-0.8660254037844387,2,False,False,False,False,True
2023-05-29,2023,5,22,1713,1767,0,1855.76,1828.04,1929.26,51.8,330.92,0,-0.0438,1809.0,1788.0,1858.0,1650.0,1795.0,1897.0,1662.0,1201.0,1446.0,1809.0,120.07497657713704,1787.9166666666667,109.9598756020776,1618.8461538461538,220.93794464649116,0.46472317204376906,-0.8854560256532096,0.49999999999999994,-0.8660254037844387,2,False,False,False,False,True
2023-06-05,2023,6,23,1617,1610,72,1967.85,2060.3,1911.49,77.2,321.01,0,-0.026,1788.0,1784.0,1713.0,1858.0,1933.0,1800.0,1764.0,1461.0,1494.0,1788.5,129.86274805860742,1783.6666666666667,111.93612897405868,1638.5384615384614,204.4041547071368,0.35460488704253584,-0.9350162426854147,1.2246467991473532e-16,-1.0,2,False,False,False,False,True
2023-06-12,2023,6,24,1732,1731,234,2064.22,1989.75,1866.72,95.2,307.76,0,0.0105,1710.0,1769.0,1617.0,1713.0,1650.0,1791.0,1794.0,1141.0,1498.0,1709.5,106.70988707706519,1768.9166666666667,121.68772129985676,1644.5384615384614,201.24954276106848,0.23931566428755768,-0.970941817426052,1.2246467991473532e-16,-1.0,2,False,False,False,False,True
2023-06-19,2023,6,25,1733,1840,0,1919.42,1927.46,1835.61,83.8,328.14,0,-0.0549,1730.0,1753.0,1732.0,1617.0,1858.0,1595.0,1927.0,1419.0,1453.0,1730.0,99.07236412508455,1752.6666666666667,111.22894761652132,1667.2692307692307,173.57408970058106,0.12053668025532308,-0.992708874098054,1.2246467991473532e-16,-1.0,2,False,False,False,False,True
2023-06-26,2023,6,26,1663,1813,271,2051.06,2059.4,2013.51,74.6,313.22,0,0.057,1699.0,1760.0,1733.0,1732.0,1713.0,1795.0,1651.0,1498.0,1398.0,1698.75,55.271300569704984,1759.5,106.84781020430236,1679.3461538461538,166.38387958157531,-3.216245299353273e-16,-1.0,1.2246467991473532e-16,-1.0,2,False,False,False,False,True
2023-07-03,2023,7,27,1556,1545,233,2066.91,2073.3,2039.09,73.5,309.08,0,0.0203,1686.0,1740.0,1663.0,1733.0,1617.0,1933.0,1897.0,1512.0,1431.0,1686.25,56.61198341929622,1740.0,100.6451913677677,1685.6923076923076,162.2866030775872,-0.12053668025532283,-0.992708874098054,-0.4999999999999997,-0.8660254037844388,3,False,False,False,False,True
2023-07-10,2023,7,28,1413,1447,177,1772.61,1774.29,1754.95,68.6,320.53,0,-0.0431,1671.0,1720.0,1556.0,1663.0,1732.0,1650.0,1800.0,1730.0,1662.0,1671.0,83.3746564210812,1719.6666666666667,111.48528915049597,1687.3846153846155,160.6238031981778,-0.23931566428755743,-0.9709418174260521,-0.4999999999999997,-0.8660254037844388,3,False,False,False,False,True
2023-07-17,2023,7,29,1502,1372,0,1999.21,1974.92,1966.87,75.1,317.16,0,0.0091,1591.0,1688.0,1413.0,1556.0,1733.0,1858.0,1791.0,1247.0,1402.0,1591.25,139.35177310198344,1688.1666666666667,139.40381717307523,1675.1923076923076,169.06874796502842,-0.3546048870425356,-0.9350162426854148,-0.4999999999999997,-0.8660254037844388,3,False,False,False,False,True
2023-07-24,2023,7,30,1290,1396,0,2051.18,1971.2,2022.39,87.7,317.2,0,0.0234,1534.0,1680.0,1502.0,1413.0,1663.0,1713.0,1595.0,1327.0,1621.0,1533.5,104.54504611250921,1680.4166666666667,147.4094226255154,1685.0,149.4994314370486,-0.46472317204376806,-0.8854560256532101,-0.4999999999999997,-0.8660254037844388,3,False,False,False,False,True
2023-07-31,2023,7,31,1693,1723,283,2177.87,2156.31,2134.52,94.2,307.55,0,0.0502,1440.0,1638.0,1290.0,1502.0,1556.0,1617.0,1795.0,1625.0,1386.0,1440.25,116.23073317041984,1638.3333333333333,180.1687760928284,1683.576923076923,153.17445559281296,-0.5680647467311556,-0.8229838658936566,-0.4999999999999997,-0.8660254037844388,3,False,False,False,False,True
2023-08-07,2023,8,32,1275,1307,0,1864.74,1885.38,1862.21,58.6,304.4,0,0.0115,1474.0,1618.0,1693.0,1290.0,1413.0,1732.0,1933.0,1624.0,1398.0,1474.5,169.6280244142066,1618.3333333333333,156.21333509212934,1686.1923076923076,152.71411702413872,-0.663122658240795,-0.7485107481711013,-0.8660254037844385,-0.5000000000000004,3,False,False,False,False,True
2023-08-14,2023,8,33,1548,1464,0,1935.1,1918.94,1961.73,76.0,312.15,0,0.0352,1440.0,1587.0,1275.0,1693.0,1502.0,1733.0,1650.0,1518.0,1469.0,1440.0,197.97137840270412,1587.0833333333333,184.28853776487273,1672.7692307692307,172.4606175780006,-0.7485107481711011,-0.6631226582407952,-0.8660254037844385,-0.5000000000000004,3,False,False,False,False,True
2023-08-21,2023,8,34,1621,1705,0,2033.95,2024.55,2147.3,83.4,319.74,0,0.043,1452.0,1561.0,1548.0,1275.0,1290.0,1663.0,1858.0,1670.0,1379.0,1451.5,204.01715614134022,1561.25,163.40364133029513,1673.923076923077,171.4812929918439,-0.8229838658936564,-0.5680647467311559,-0.8660254037844385,-0.5000000000000004,3,False,False,False,False,True
2023-08-28,2023,8,35,1464,1568,308,1853.83,1853.61,1911.97,71.5,303.64,0,-0.0032,1534.0,1554.0,1621.0,1548.0,1693.0,1556.0,1713.0,1662.0,1475.0,1534.25,182.68985558408366,1553.5833333333333,157.69502115466236,1672.0384615384614,171.7951060465321,-0.8854560256532096,-0.4647231720437691,-0.8660254037844385,-0.5000000000000004,3,False,False,False,False,True
2023-09-04,2023,9,36,1014,1012,0,1885.86,1874.18,1972.31,58.1,302.7,0,0.0368,1477.0,1541.0,1464.0,1621.0,1275.0,1413.0,1617.0,1764.0,1289.0,1477.0,149.164338901763,1540.8333333333333,158.28560684197734,1664.423076923077,176.579766242213,-0.9350162426854147,-0.3546048870425359,-1.0,-1.8369701987210297e-16,3,False,False,False,False,True
2023-09-11,2023,9,37,1368,1419,60,1841.12,1781.59,1824.23,90.9,303.21,0,-0.0181,1412.0,1481.0,1014.0,1464.0,1548.0,1502.0,1732.0,1794.0,1470.0,1411.75,272.8154137874178,1481.0,207.5059692460119,1635.576923076923,216.42646290635184,-0.970941817426052,-0.23931566428755774,-1.0,-1.8369701987210297e-16,3,False,False,False,False,True
2023-09-18,2023,9,38,1347,1263,49,1880.48,1858.8,1991.13,75.6,318.12,0,0.0249,1367.0,1451.0,1368.0,1014.0,1621.0,1290.0,1733.0,1927.0,1265.0,1366.75,257.25133624531475,1450.5833333333333,193.48688390282103,1619.1923076923076,220.04818003896813,-0.992708874098054,-0.12053668025532357,-1.0,-1.8369701987210297e-16,3,False,False,False,False,True
2023-09-25,2023,9,39,1723,1845,266,1765.26,1768.13,1762.58,50.7,299.95,0,-0.0318,1298.0,1424.0,1347.0,1368.0,1464.0,1693.0,1663.0,1651.0,1108.0,1298.25,196.22499840744044,1424.25,183.17806786145002,1596.8846153846155,216.97323833562214,-1.0,-1.8369701987210297e-16,-1.0,-1.8369701987210297e-16,3,False,False,False,False,True
2023-10-02,2023,10,40,1380,1471,39,1772.7,1734.19,1711.13,65.1,309.74,0,0.0045,1363.0,1438.0,1723.0,1347.0,1014.0,1275.0,1556.0,1897.0,1148.0,1363.0,289.64460982383224,1438.1666666666667,199.69651216207168,1599.6538461538462,218.14782919987064,-0.992708874098054,0.1205366802553232,-0.8660254037844386,0.5000000000000001,4,False,False,False,False,True
2023-10-09,2023,10,41,1162,1093,482,1530.18,1538.72,1548.03,43.9,304.6,0,-0.0094,1454.0,1435.0,1380.0,1723.0,1368.0,1548.0,1413.0,1800.0,1519.0,1454.5,179.51880124376947,1435.4166666666667,200.30089108562757,1579.7692307692307,213.47267884997623,-0.9709418174260521,0.23931566428755738,-0.8660254037844386,0.5000000000000001,4,False,False,False,False,True
2023-10-16,2023,10,42,1320,1424,0,1763.3,1734.95,1784.98,61.0,304.29,0,-0.0122,1403.0,1407.0,1162.0,1380.0,1347.0,1621.0,1502.0,1791.0,1388.0,1403.0,233.9130892732028,1407.0833333333333,213.629866116536,1555.2307692307693,223.57447219077807,-0.9350162426854148,0.35460488704253557,-0.8660254037844386,0.5000000000000001,4,False,False,False,False,True
2023-10-23,2023,10,43,1282,1318,0,1796.31,1718.06,1758.27,45.8,307.16,0,0.0251,1396.0,1410.0,1320.0,1162.0,1723.0,1464.0,1290.0,1595.0,1047.0,1396.25,236.44361554783697,1409.5833333333333,212.30657863884656,1537.1153846153845,222.78713193056387,-0.8854560256532101,0.464723172043768,-0.8660254037844386,0.5000000000000001,4,False,False,False,False,True
2023-10-30,2023,10,44,1533,1454,16,1891.17,1927.78,1966.35,58.0,309.24,0,0.102,1286.0,1375.0,1282.0,1320.0,1380.0,1014.0,1693.0,1795.0,1056.0,1286.0,91.98550610467564,1375.3333333333333,194.86374415954882,1525.076923076923,227.93137968729565,-0.822983865893657,0.5680647467311548,-0.8660254037844386,0.5000000000000001,4,False,False,False,False,True
2023-11-06,2023,11,45,1165,1179,226,1754.54,1783.56,1765.63,27.9,305.31,0,0.0253,1324.0,1397.0,1533.0,1282.0,1162.0,1368.0,1275.0,1933.0,1248.0,1324.25,154.60136911856026,1396.8333333333333,197.00846005522885,1515.0,221.21320032945647,-0.7485107481711011,0.6631226582407952,-0.5000000000000004,0.8660254037844384,4,False,False,False,False,True
2023-11-13,2023,11,46,1190,1162,58,1754.07,1790.56,1702.17,55.3,316.43,0,-0.015,1325.0,1365.0,1165.0,1533.0,1320.0,1347.0,1548.0,1650.0,1040.0,1325.0,153.55563595431238,1364.9166666666667,201.27026530754358,1485.4615384615386,214.33361486602752,-0.6631226582407955,0.7485107481711007,-0.5000000000000004,0.8660254037844384,4,False,False,False,False,True
2023-11-20,2023,11,47,1211,1275,121,1707.57,1720.88,1555.91,53.8,314.82,0,0.0096,1292.0,1329.0,1190.0,1165.0,1282.0,1723.0,1621.0,1858.0,1412.0,1292.5,168.04066968048733,1329.0,189.53147975516103,1467.7692307692307,219.14001144333434,-0.5680647467311559,0.8229838658936564,-0.5000000000000004,0.8660254037844384,4,False,False,False,False,True
2023-11-27,2023,11,48,1350,1356,0,1741.19,1766.73,1741.8,43.5,320.05,0,-0.0059,1275.0,1308.0,1211.0,1190.0,1533.0,1380.0,1464.0,1713.0,1201.0,1274.75,173.19040581587265,1307.9166666666667,187.20647732253894,1442.8846153846155,209.58135927091936,-0.4647231720437684,0.88545602565321,-0.5000000000000004,0.8660254037844384,4,False,False,False,False,True
2023-12-04,2023,12,49,1150,1148,222,1470.57,1494.92,1533.57,54.7,313.73,0,-0.0842,1229.0,1336.0,1350.0,1211.0,1165.0,1162.0,1014.0,1617.0,1461.0,1229.0,82.8291414096914,1335.9166666666667,162.78399426196057,1428.923076923077,202.85027445422355,-0.35460488704253595,0.9350162426854147,-2.4492935982947064e-16,1.0,4,False,False,False,False,True
2023-12-11,2023,12,50,1610,1514,0,1619.51,1653.1,1641.18,35.0,315.86,0,-0.0075,1225.0,1318.0,1150.0,1350.0,1190.0,1320.0,1368.0,1732.0,1141.0,1225.25,86.93052781771577,1317.75,170.84289699763534,1410.9615384615386,206.17885066499517,-0.2393156642875578,0.970941817426052,-2.4492935982947064e-16,1.0,4,False,False,False,False,True
2023-12-18,2023,12,51,1424,1304,0,1592.59,1577.28,1754.36,8.0,320.09,0,0.0034,1330.0,1340.0,1610.0,1150.0,1211.0,1282.0,1347.0,1733.0,1419.0,1330.25,204.4184841609649,1339.6666666666667,190.65691858954358,1406.2692307692307,199.87207062364794,-0.12053668025532363,0.992708874098054,-2.4492935982947064e-16,1.0,4,False,False,False,False,True
2023-12-25,2023,12,52,1404,1393,0,1749.58,1735.32,1813.12,49.1,313.6,0,0.0208,1384.0,1315.0,1424.0,1610.0,1350.0,1533.0,1723.0,1663.0,1498.0,1383.5,190.25158781641392,1314.75,151.52805020853125,1394.3846153846155,188.53224168254619,6.432490598706546e-16,1.0,-2.4492935982947064e-16,1.0,4,False,False,False,False,True
2024-01-01,2024,1,1,1519,1520,44,1833.56,1785.83,1697.66,24.9,329.18,0,0.0299,1397.0,1317.0,1404.0,1424.0,1150.0,1165.0,1380.0,1556.0,1512.0,1397.0,188.9938270596864,1316.75,152.62200782562928,1384.423076923077,180.440388622264,0.12053668025532305,0.992708874098054,0.49999999999999994,0.8660254037844387,1,False,False,False,False,True
2024-01-08,2024,1,2,1402,1387,64,1573.34,1575.3,1580.08,17.0,320.89,0,-0.0179,1489.0,1346.0,1519.0,1404.0,1610.0,1190.0,1162.0,1413.0,1730.0,1489.25,94.85207781944821,1346.5,154.4977199007957,1383.0,179.17455176447302,0.23931566428755774,0.970941817426052,0.49999999999999994,0.8660254037844387,1,False,False,False,False,True
2024-01-15,2024,1,3,1673,1671,0,1662.93,1687.9,1706.46,27.6,321.75,0,0.0144,1437.0,1353.0,1402.0,1519.0,1424.0,1211.0,1320.0,1502.0,1247.0,1437.25,55.397803807250874,1353.3333333333333,155.03157058737156,1382.576923076923,179.1138572142135,0.3546048870425356,0.9350162426854148,0.49999999999999994,0.8660254037844387,1,False,False,False,False,True
2024-01-22,2024,1,4,1389,1324,0,1553.49,1577.83,1462.11,32.3,323.62,0,-0.0624,1500.0,1386.0,1673.0,1402.0,1404.0,1350.0,1282.0,1290.0,1327.0,1499.5,127.94399816586417,1385.9166666666667,178.05538379102467,1389.1538461538462,186.65512418526103,0.4647231720437685,0.8854560256532099,0.49999999999999994,0.8660254037844387,1,False,False,False,False,True
2024-01-29,2024,1,5,1532,1645,0,1592.49,1568.32,1530.14,29.9,327.78,0,-0.0256,1496.0,1374.0,1389.0,1673.0,1519.0,1150.0,1533.0,1693.0,1625.0,1495.75,131.83670455023764,1373.9166666666667,171.99072825608934,1392.9615384615386,185.55807301634255,0.5680647467311558,0.8229838658936564,0.49999999999999994,0.8660254037844387,1,False,False,False,False,True
2024-02-05,2024,2,6,1557,1526,303,1667.87,1682.14,1554.33,14.2,322.43,0,0.0075,1499.0,1404.0,1532.0,1389.0,1402.0,1610.0,1165.0,1275.0,1624.0,1499.0,132.75792506161977,1404.5,163.90379661696068,1386.7692307692307,177.66334629119322,0.6631226582407952,0.7485107481711011,0.8660254037844386,0.5000000000000001,1,False,False,False,False,True
2024-02-12,2024,2,7,1965,1699,0,1662.09,1676.44,1711.27,0.0,314.74,0,-0.011,1538.0,1435.0,1557.0,1532.0,1673.0,1424.0,1190.0,1548.0,1518.0,1537.75,116.65154663926802,1435.0833333333333,154.1931836326997,1397.6153846153845,179.1685411947254,0.7485107481711011,0.6631226582407953,0.8660254037844386,0.5000000000000001,1,False,False,False,False,True
2024-02-19,2024,2,8,1801,1744,0,1588.01,1624.54,1574.97,15.2,322.54,0,-0.0223,1611.0,1498.0,1965.0,1557.0,1389.0,1404.0,1211.0,1621.0,1670.0,1610.75,247.49191905999675,1497.9166666666667,201.0773068581662,1413.6538461538462,209.29939174449433,0.8229838658936564,0.5680647467311559,0.8660254037844386,0.5000000000000001,1,False,False,False,False,True
2024-02-26,2024,2,9,1516,1466,101,1695.11,1674.7,1652.17,37.2,322.88,0,-0.0306,1714.0,1536.0,1801.0,1965.0,1532.0,1519.0,1350.0,1464.0,1662.0,1713.75,206.83548212689874,1535.5,212.7275252523752,1420.576923076923,219.17612517369176,0.8854560256532099,0.4647231720437686,0.8660254037844386,0.5000000000000001,1,False,False,False,False,True
2024-03-04,2024,3,10,2103,2079,0,1750.49,1732.98,1738.6,14.8,335.95,1,-0.0089,1710.0,1566.0,1516.0,1801.0,1557.0,1402.0,1150.0,1014.0,1764.0,1709.75,211.62132060199724,1566.0,175.39306506452098,1422.576923076923,219.8245069280352,0.9350162426854148,0.35460488704253557,1.0,6.123233995736766e-17,1,False,False,False,False,True
2024-03-11,2024,3,11,1835,1819,11,1866.8,1827.55,1677.75,51.5,337.45,1,-0.0193,1846.0,1607.0,2103.0,1516.0,1965.0,1673.0,1610.0,1368.0,1794.0,1846.25,252.411535658205,1607.0833333333333,234.4372210338213,1464.4615384615386,241.5366192972373,0.970941817426052,0.23931566428755804,1.0,6.123233995736766e-17,1,False,False,False,False,True
2024-03-18,2024,3,12,2077,2229,112,1828.41,1863.24,1951.95,44.6,329.35,1,0.0291,1814.0,1641.0,1835.0,2103.0,1801.0,1389.0,1424.0,1347.0,1927.0,1813.75,240.09355815320544,1641.3333333333333,235.2790734941013,1482.423076923077,251.24524641503967,0.992708874098054,0.120536680255323,1.0,6.123233995736766e-17,1,False,False,False,False,True
2024-03-25,2024,3,13,1757,1550,0,1722.05,1710.2,1696.25,9.9,338.51,1,-0.0146,1883.0,1697.0,2077.0,1835.0,1516.0,1532.0,1404.0,1723.0,1651.0,1882.75,272.65897503413794,1697.4166666666667,253.09949834127792,1510.5,275.1574458378335,1.0,-1.6081226496766366e-16,1.0,6.123233995736766e-17,1,False,False,False,False,True
2024-04-01,2024,4,14,1847,1946,106,1927.26,1935.76,1829.28,29.8,328.53,1,0.0077,1943.0,1717.0,1757.0,2077.0,2103.0,1557.0,1519.0,1380.0,1897.0,1943.0,173.02793608740365,1717.25,247.10142378457513,1511.8076923076924,276.28623117785264,0.992708874098054,-0.12053668025532288,0.8660254037844387,-0.4999999999999998,2,False,False,False,False,True
2024-04-08,2024,4,15,2016,1948,0,1969.07,1955.69,1987.31,76.5,333.62,1,0.0264,1879.0,1754.0,1847.0,1757.0,1835.0,1965.0,1402.0,1162.0,1800.0,1879.0,137.8985134075055,1754.3333333333333,228.15478531165363,1529.7692307692307,282.48501662103246,0.9709418174260521,-0.2393156642875575,0.8660254037844387,-0.4999999999999998,2,False,False,False,False,True
2024-04-15,2024,4,16,2221,2045,0,2187.83,2189.84,2131.72,61.4,319.54,1,0.0544,1924.0,1783.0,2016.0,1847.0,2077.0,1801.0,1673.0,1320.0,1791.0,1924.25,147.97606788486658,1782.9166666666667,238.2990704339775,1562.6153846153845,287.6150311681339,0.9350162426854148,-0.35460488704253545,0.8660254037844387,-0.4999999999999998,2,False,False,False,False,True
2024-04-22,2024,4,17,2035,2071,0,1944.25,1930.9,1782.04,70.2,329.75,1,0.0072,1960.0,1852.0,2221.0,2016.0,1757.0,1516.0,1389.0,1282.0,1595.0,1960.25,204.31572789843332,1852.25,234.2710648334166,1597.2692307692307,310.57656803980757,0.8854560256532099,-0.4647231720437685,0.8660254037844387,-0.4999999999999998,2,False,False,False,False,True
2024-04-29,2024,4,18,1869,1906,0,2102.48,2161.86,2049.65,51.3,322.32,1,0.0759,2030.0,1894.0,2035.0,2221.0,1847.0,2103.0,1532.0,1533.0,1795.0,2029.75,152.96050688549198,1894.1666666666667,216.05253289350296,1626.2307692307693,315.07780724034717,0.8229838658936565,-0.5680647467311557,0.8660254037844387,-0.4999999999999998,2,False,False,False,False,True
2024-05-06,2024,5,19,1874,1779,0,1879.71,1950.7,1867.36,43.0,318.08,0,0.0008,2035.0,1920.0,1869.0,2035.0,2016.0,1835.0,1557.0,1165.0,1933.0,2035.25,144.35228897850325,1920.1666666666667,188.84954729930598,1639.1538461538462,317.978199543013,0.7485107481711013,-0.663122658240795,0.49999999999999994,-0.8660254037844387,2,False,False,False,False,True
2024-05-13,2024,5,20,1814,1563,0,1902.35,1971.55,1991.93,71.8,324.46,0,-0.0521,2000.0,1913.0,1874.0,1869.0,2221.0,2077.0,1965.0,1190.0,1650.0,1999.75,166.43592360625348,1912.5833333333333,188.71260416225047,1666.423076923077,305.8594674783743,0.6631226582407952,-0.7485107481711012,0.49999999999999994,-0.8660254037844387,2,False,False,False,False,True
2024-05-20,2024,5,21,1606,1549,14,2179.76,2096.73,2305.7,61.5,330.95,0,0.1081,1898.0,1914.0,1814.0,1874.0,2035.0,1757.0,1801.0,1211.0,1858.0,1898.0,95.29253206136696,1913.6666666666667,188.04996112413622,1690.423076923077,291.10646479622335,0.5680647467311558,-0.8229838658936564,0.49999999999999994,-0.8660254037844387,2,False,False,False,False,True
2024-05-27,2024,5,22,1801,1839,0,1842.65,1828.4,1795.81,42.6,313.91,0,-0.0479,1791.0,1921.0,1606.0,1814.0,1869.0,1847.0,1516.0,1350.0,1713.0,1790.75,126.13055405676549,1921.1666666666667,171.84445045306654,1705.6153846153845,274.94393274601856,0.46472317204376906,-0.8854560256532096,0.49999999999999994,-0.8660254037844387,2,False,False,False,False,True
2024-06-03,2024,6,23,1611,1573,0,1976.14,1970.13,2059.94,61.3,315.46,0,0.0508,1774.0,1896.0,1801.0,1606.0,1874.0,2016.0,2103.0,1150.0,1617.0,1773.75,116.26514238297439,1896.0,164.76208743077595,1722.9615384615386,265.68153579339975,0.35460488704253584,-0.9350162426854147,1.2246467991473532e-16,-1.0,2,False,False,False,False,True
2024-06-10,2024,6,24,1525,1638,559,1972.0,1989.42,2068.79,100.0,317.99,0,-0.116,1708.0,1877.0,1611.0,1801.0,1814.0,2221.0,1835.0,1610.0,1732.0,1708.0,115.03332850381508,1877.3333333333333,183.88105509878815,1740.6923076923076,240.06195354212772,0.23931566428755768,-0.970941817426052,1.2246467991473532e-16,-1.0,2,False,False,False,False,True
2024-06-17,2024,6,25,1877,1877,137,2040.95,2054.75,1992.6,87.6,321.4,0,-0.0528,1636.0,1831.0,1525.0,1611.0,1606.0,2035.0,2077.0,1424.0,1733.0,1635.75,117.00534175839995,1831.3333333333333,197.90141408532355,1737.423076923077,242.4795534599876,0.12053668025532308,-0.992708874098054,1.2246467991473532e-16,-1.0,2,False,False,False,False,True
2024-06-24,2024,6,26,1685,1663,145,1840.24,1817.02,1770.9,82.7,317.06,0,-0.0861,1704.0,1841.0,1877.0,1525.0,1801.0,1869.0,1757.0,1404.0,1663.0,1703.5,163.32687062044212,1841.3333333333333,196.83280091273545,1754.8461538461538,235.22443619789289,-3.216245299353273e-16,-1.0,1.2246467991473532e-16,-1.0,2,False,False,False,False,True
2024-07-01,2024,7,27,1824,1638,0,1919.58,1864.8,1924.9,56.2,324.8,0,-0.0128,1674.0,1828.0,1685.0,1877.0,1611.0,1874.0,1847.0,1519.0,1556.0,1674.5,149.99888888477355,1827.8333333333333,201.89908970632683,1765.6538461538462,224.67860464364784,-0.12053668025532283,-0.992708874098054,-0.4999999999999997,-0.8660254037844388,3,False,False,False,False,True
2024-07-08,2024,7,28,1612,1667,0,2077.61,2123.2,2149.68,94.3,324.04,0,0.0327,1728.0,1812.0,1824.0,1685.0,1525.0,1814.0,2016.0,1402.0,1413.0,1727.75,157.5592481153253,1811.8333333333333,193.04537070729276,1777.3846153846155,219.18030512308223,-0.23931566428755743,-0.9709418174260521,-0.4999999999999997,-0.8660254037844388,3,False,False,False,False,True
2024-07-15,2024,7,29,1537,1569,0,2023.35,1999.56,2042.01,86.8,325.34,0,0.0074,1750.0,1761.0,1612.0,1824.0,1877.0,1606.0,2221.0,1673.0,1502.0,1749.5,122.30153991944105,1761.0833333333333,151.21956242697848,1785.4615384615386,208.39793295889422,-0.3546048870425356,-0.9350162426854148,-0.4999999999999997,-0.8660254037844388,3,False,False,False,False,True
2024-07-22,2024,7,30,1458,1553,0,2256.68,2258.25,2184.27,100.0,311.4,0,0.0425,1664.0,1720.0,1537.0,1612.0,1685.0,1801.0,2035.0,1389.0,1290.0,1664.5,122.30153991944105,1719.5833333333333,136.86652976421087,1780.2307692307693,212.98982279767714,-0.46472317204376806,-0.8854560256532101,-0.4999999999999997,-0.8660254037844388,3,False,False,False,False,True
2024-07-29,2024,7,31,1630,1672,0,2032.78,2078.96,2020.26,94.3,312.23,0,0.0018,1608.0,1685.0,1458.0,1537.0,1824.0,1611.0,1869.0,1532.0,1693.0,1607.75,157.28185951766116,1685.3333333333333,147.11796956761438,1782.8846153846155,208.29831049206197,-0.5680647467311556,-0.8229838658936566,-0.4999999999999997,-0.8660254037844388,3,False,False,False,False,True
2024-08-05,2024,8,32,1405,1598,566,1957.87,1943.84,1914.62,70.3,307.07,0,0.0053,1559.0,1665.0,1630.0,1458.0,1612.0,1525.0,1874.0,1557.0,1275.0,1559.25,78.60184476206634,1665.0,135.0373685654878,1786.6538461538462,204.42757980423457,-0.663122658240795,-0.7485107481711013,-0.8660254037844385,-0.5000000000000004,3,False,False,False,False,True
2024-08-12,2024,8,33,1544,1633,0,1912.89,1905.85,1722.53,99.7,310.77,0,-0.0465,1508.0,1631.0,1405.0,1630.0,1537.0,1877.0,1814.0,1965.0,1548.0,1507.5,98.0357077803796,1630.9166666666667,145.24115265393206,1780.8076923076924,213.2412754099516,-0.7485107481711011,-0.6631226582407952,-0.8660254037844385,-0.5000000000000004,3,False,False,False,False,True
2024-08-19,2024,8,34,1715,1814,197,1924.77,1930.15,1930.42,64.6,313.77,0,0.0021,1509.0,1626.0,1544.0,1405.0,1458.0,1685.0,1606.0,1801.0,1621.0,1509.25,98.79735151645842,1625.75,147.29631545104888,1764.6153846153845,214.67465186613765,-0.8229838658936564,-0.5680647467311559,-0.8660254037844385,-0.5000000000000004,3,False,False,False,False,True
2024-08-26,2024,8,35,1546,1412,57,1905.98,1892.76,1861.32,87.1,310.81,0,-0.0145,1574.0,1619.0,1715.0,1544.0,1630.0,1824.0,1801.0,1516.0,1464.0,1573.5,132.25858510256836,1618.5833333333333,139.9009119038024,1761.3076923076924,214.7541420752177,-0.8854560256532096,-0.4647231720437691,-0.8660254037844385,-0.5000000000000004,3,False,False,False,False,True
2024-09-02,2024,9,36,1449,1439,6,1983.53,1929.65,1948.36,35.8,315.59,0,0.0451,1552.0,1613.0,1546.0,1715.0,1405.0,1612.0,1611.0,2103.0,1014.0,1552.5,126.85556090819716,1613.1666666666667,141.4707379530128,1762.4615384615386,213.46010976653156,-0.9350162426854147,-0.3546048870425359,-1.0,-1.8369701987210297e-16,3,False,False,False,False,True
2024-09-09,2024,9,37,1445,1245,0,1957.62,2012.05,2097.58,58.3,310.94,0,0.0276,1564.0,1607.0,1449.0,1546.0,1544.0,1537.0,1525.0,1835.0,1368.0,1563.5,110.6782122491444,1606.8333333333333,147.35537336862322,1737.3076923076924,210.2352528441952,-0.970941817426052,-0.23931566428755774,-1.0,-1.8369701987210297e-16,3,False,False,False,False,True
2024-09-16,2024,9,38,1292,1317,0,1848.46,1800.93,1913.53,61.1,309.0,0,-0.0171,1539.0,1571.0,1445.0,1449.0,1715.0,1458.0,1877.0,2077.0,1347.0,1538.75,126.43937941427369,1570.8333333333333,126.66981654775768,1722.3076923076924,216.7968208679791,-0.992708874098054,-0.12053668025532357,-1.0,-1.8369701987210297e-16,3,False,False,False,False,True
2024-09-23,2024,9,39,1298,1193,0,1841.77,1818.61,1648.89,72.6,312.38,0,-0.0146,1433.0,1538.0,1292.0,1445.0,1546.0,1630.0,1685.0,1757.0,1723.0,1433.0,104.96030995889187,1538.0833333333333,144.07728881234266,1692.1153846153845,220.06168715577707,-1.0,-1.8369701987210297e-16,-1.0,-1.8369701987210297e-16,3,False,False,False,False,True
2024-09-30,2024,9,40,1605,1523,0,1809.87,1831.56,1722.43,44.8,308.34,0,-0.013,1371.0,1494.0,1298.0,1292.0,1449.0,1405.0,1824.0,1847.0,1380.0,1371.0,87.80660567406066,1494.25,128.3377114562125,1674.4615384615386,232.69658025321155,-0.992708874098054,0.1205366802553232,-1.0,-1.8369701987210297e-16,3,False,False,False,False,True
2024-10-07,2024,10,41,1422,1391,214,1820.98,1857.3,1907.07,40.0,310.06,0,0.0212,1410.0,1494.0,1605.0,1298.0,1445.0,1544.0,1612.0,2016.0,1162.0,1410.0,148.00675660252804,1493.6666666666667,127.7684932946607,1665.1538461538462,230.34716274487994,-0.9709418174260521,0.23931566428755738,-0.8660254037844386,0.5000000000000001,4,False,False,False,False,True
2024-10-14,2024,10,42,1492,1629,388,1702.46,1675.14,1741.88,56.6,303.29,0,-0.0484,1404.0,1484.0,1422.0,1605.0,1292.0,1715.0,1537.0,2221.0,1320.0,1404.25,146.6341820086071,1484.0833333333333,128.53330543505228,1642.3076923076924,223.5133587472173,-0.9350162426854148,0.35460488704253557,-0.8660254037844386,0.5000000000000001,4,False,False,False,False,True
2024-10-21,2024,10,43,1415,1475,355,1825.69,1818.63,1933.16,62.3,305.8,0,-0.0274,1454.0,1487.0,1492.0,1422.0,1298.0,1546.0,1458.0,2035.0,1282.0,1454.25,128.58816689986153,1486.9166666666667,128.28055782210865,1614.2692307692307,191.4390885252675,-0.8854560256532101,0.464723172043768,-0.8660254037844386,0.5000000000000001,4,False,False,False,False,True
2024-10-28,2024,10,44,1394,1246,200,1668.31,1712.63,1634.66,53.3,317.54,0,-0.0077,1484.0,1469.0,1415.0,1492.0,1605.0,1449.0,1630.0,1869.0,1533.0,1483.5,88.14571269589149,1469.0,121.3042755748001,1590.423076923077,174.82932776326268,-0.822983865893657,0.5680647467311548,-0.8660254037844386,0.5000000000000001,4,False,False,False,False,True
2024-11-04,2024,11,45,1232,1265,0,1683.78,1663.88,1713.42,35.9,316.33,0,-0.0516,1431.0,1468.0,1394.0,1415.0,1422.0,1445.0,1405.0,1874.0,1165.0,1430.75,42.531360978302175,1468.0833333333333,121.87210758028422,1572.1538461538462,169.28453970937747,-0.7485107481711011,0.6631226582407952,-0.5000000000000004,0.8660254037844384,4,False,False,False,False,True
2024-11-11,2024,11,46,1062,1016,0,1665.5,1644.51,1723.08,23.6,310.6,0,-0.0305,1383.0,1442.0,1232.0,1394.0,1492.0,1292.0,1544.0,1814.0,1190.0,1383.25,109.28060212132792,1442.0833333333333,136.59526035523632,1547.4615384615386,170.3141170353731,-0.6631226582407955,0.7485107481711007,-0.5000000000000004,0.8660254037844384,4,False,False,False,False,True
2024-11-18,2024,11,47,1592,1699,0,1623.87,1640.78,1553.75,31.8,315.4,0,-0.0501,1276.0,1388.0,1062.0,1232.0,1415.0,1298.0,1715.0,1606.0,1211.0,1275.75,164.29318306004052,1387.6666666666667,147.61333601574202,1518.5384615384614,186.33866603992487,-0.5680647467311559,0.8229838658936564,-0.5000000000000004,0.8660254037844384,4,False,False,False,False,True
2024-11-25,2024,11,48,1695,1866,0,1623.97,1616.71,1556.1,52.9,313.74,0,-0.033,1320.0,1392.0,1592.0,1062.0,1394.0,1605.0,1546.0,1801.0,1350.0,1320.0,226.39787984872999,1391.5,152.6115091573114,1518.0,186.095889261424,-0.4647231720437684,0.88545602565321,-0.5000000000000004,0.8660254037844384,4,False,False,False,False,True
2024-12-02,2024,12,49,1526,1678,0,1657.41,1684.58,1644.45,13.8,318.63,0,0.0059,1395.0,1412.0,1695.0,1592.0,1232.0,1422.0,1449.0,1611.0,1150.0,1395.25,297.91875290644816,1412.0,175.79843830105662,1513.923076923077,180.73182853651983,-0.35460488704253595,0.9350162426854147,-2.4492935982947064e-16,1.0,4,False,False,False,False,True
2024-12-09,2024,12,50,1656,1808,466,1796.11,1774.3,1781.73,56.1,318.11,0,0.0165,1469.0,1419.0,1526.0,1695.0,1062.0,1492.0,1445.0,1525.0,1610.0,1468.75,279.9421071102618,1418.75,178.71161380584766,1510.6538461538462,179.67124250868733,-0.2393156642875578,0.970941817426052,-2.4492935982947064e-16,1.0,4,False,False,False,False,True
2024-12-16,2024,12,51,1449,1411,50,1636.7,1587.74,1635.89,42.5,313.16,0,-0.0113,1617.0,1449.0,1656.0,1526.0,1592.0,1415.0,1292.0,1877.0,1424.0,1617.25,74.18613976568211,1449.0833333333333,185.9855606972715,1515.6923076923076,181.91245569905794,-0.12053668025532363,0.992708874098054,-2.4492935982947064e-16,1.0,4,False,False,False,False,True
2024-12-23,2024,12,52,1762,1966,255,1534.59,1562.17,1483.9,6.7,319.69,0,-0.03,1582.0,1462.0,1449.0,1656.0,1695.0,1394.0,1298.0,1685.0,1404.0,1581.5,114.11835960966137,1461.6666666666667,179.84100722245637,1499.2307692307693,166.6328437475179,6.432490598706546e-16,1.0,-2.4492935982947064e-16,1.0,4,False,False,False,False,True
