week_start_date,year,month,week_of_year,grade,demand_kg,production_kg,inventory_kg,colombo_auction_price_lkr,auction_price_lag1w,auction_price_lag4w,rainfall_index,usd_lkr_rate,festival_flag,global_commodity_shock,demand_rolling4w_avg,demand_rolling12w_avg
2021-01-04,2021,1,1,BOP,3064,2712,0,1514.36,1500.32,1486.15,17.9,313.24,0,0.0199,,
2021-01-11,2021,1,2,BOP,2704,2629,136,1404.99,1396.53,1321.9,32.3,305.15,0,-0.0423,3064.0,3064.0
2021-01-18,2021,1,3,BOP,3013,2653,0,1518.83,1521.47,1500.66,35.1,314.3,0,-0.0029,2884.0,2884.0
2021-01-25,2021,1,4,BOP,3007,3017,502,1424.08,1421.96,1314.78,0.0,311.59,0,-0.0094,2927.0,2927.0
2021-02-01,2021,2,5,BOP,2966,3105,0,1519.31,1470.46,1530.53,31.1,310.25,0,-0.0425,2947.0,2947.0
2021-02-08,2021,2,6,BOP,3501,3445,488,1573.28,1599.31,1574.1,36.4,325.41,0,0.0165,2922.0,2951.0
2021-02-15,2021,2,7,BOP,3151,3365,404,1514.08,1529.68,1747.41,6.9,318.72,0,0.0023,3122.0,3042.0
2021-02-22,2021,2,8,BOP,3251,3016,0,1489.73,1486.31,1519.82,24.7,314.58,0,0.0087,3156.0,3058.0
2021-03-01,2021,3,9,BOP,3409,3286,0,1549.51,1519.09,1578.15,16.3,326.79,1,-0.0101,3217.0,3082.0
2021-03-08,2021,3,10,BOP,3136,3095,178,1697.46,1677.38,1734.61,47.2,322.45,1,0.0123,3328.0,3118.0
2021-03-15,2021,3,11,BOP,3385,3282,0,1545.71,1520.29,1560.78,21.5,320.23,1,-0.0005,3237.0,3120.0
2021-03-22,2021,3,12,BOP,2884,3034,186,1709.03,1741.82,1856.22,45.4,318.25,1,0.0161,3295.0,3144.0
2021-03-29,2021,3,13,BOP,3336,3438,244,1547.86,1514.81,1539.04,55.3,319.95,1,-0.0685,3204.0,3123.0
2021-04-05,2021,4,14,BOP,3496,3062,0,1459.3,1457.68,1481.72,32.3,310.45,1,-0.0703,3185.0,3145.0
2021-04-12,2021,4,15,BOP,4166,4103,52,1532.78,1486.33,1616.58,53.2,320.07,1,-0.028,3275.0,3211.0
2021-04-19,2021,4,16,BOP,3118,3127,0,1662.9,1646.7,1623.5,34.4,319.51,1,0.0216,3470.0,3307.0
2021-04-26,2021,4,17,BOP,3802,3544,0,1660.97,1694.4,1622.64,36.4,323.34,1,0.0104,3529.0,3317.0
2021-05-03,2021,5,18,BOP,3242,3403,0,1913.09,1977.23,1938.11,78.1,318.07,0,0.083,3646.0,3386.0
2021-05-10,2021,5,19,BOP,3049,2821,0,1877.26,1892.78,2018.19,57.3,317.78,0,0.0415,3582.0,3365.0
2021-05-17,2021,5,20,BOP,2945,2885,273,1789.75,1792.37,1697.4,65.8,323.91,0,-0.005,3303.0,3356.0
2021-05-24,2021,5,21,BOP,3287,3213,0,1759.12,1802.96,1613.23,56.8,317.47,0,-0.0229,3260.0,3331.0
2021-05-31,2021,5,22,BOP,3626,3347,71,1776.63,1726.58,1666.01,73.9,315.18,0,0.0246,3131.0,3320.0
2021-06-07,2021,6,23,BOP,4307,4569,0,1824.3,1833.64,1896.01,81.2,313.05,0,0.0007,3227.0,3361.0
2021-06-14,2021,6,24,BOP,3485,3617,326,1792.61,1857.59,1843.36,67.3,315.31,0,0.028,3541.0,3438.0
2021-06-21,2021,6,25,BOP,3509,3443,0,1753.18,1756.55,1720.76,56.8,308.19,0,0.0109,3676.0,3488.0
2021-06-28,2021,6,26,BOP,3202,3391,146,1922.57,1931.58,2041.81,99.7,309.84,0,0.0581,3732.0,3503.0
2021-07-05,2021,7,27,BOP,3856,3671,0,1776.69,1800.09,1919.55,89.5,312.31,0,-0.0221,3626.0,3478.0
2021-07-12,2021,7,28,BOP,4394,4444,59,1857.55,1842.94,1859.69,96.0,315.99,0,0.0203,3513.0,3452.0
2021-07-19,2021,7,29,BOP,3528,3677,197,1714.4,1729.49,1679.97,57.2,306.21,0,0.0478,3740.0,3559.0
2021-07-26,2021,7,30,BOP,3352,3377,0,1791.41,1855.93,1788.53,88.5,310.14,0,0.0183,3745.0,3536.0
2021-08-02,2021,8,31,BOP,4024,3867,0,1718.61,1766.71,1782.17,45.4,305.62,0,0.0083,3782.0,3545.0
2021-08-09,2021,8,32,BOP,4500,4169,0,1924.02,1948.92,1886.83,100.0,308.05,0,0.0857,3824.0,3626.0
2021-08-16,2021,8,33,BOP,3849,3929,70,1699.31,1655.31,1778.21,93.6,307.69,0,-0.001,3851.0,3756.0
2021-08-23,2021,8,34,BOP,2854,3211,329,1756.96,1769.14,1827.1,74.9,303.98,0,-0.0079,3931.0,3803.0
2021-08-30,2021,8,35,BOP,3927,4154,464,1761.01,1817.85,1792.96,58.8,311.64,0,0.0255,3807.0,3738.0
2021-09-06,2021,9,36,BOP,4184,4333,319,1742.71,1827.75,1839.21,54.7,314.16,0,0.0404,3782.0,3707.0
2021-09-13,2021,9,37,BOP,3974,3871,0,1683.26,1690.8,1775.11,50.5,302.98,0,0.022,3704.0,3765.0
2021-09-20,2021,9,38,BOP,4947,4708,88,1652.68,1607.4,1646.84,74.5,304.21,0,0.0124,3735.0,3804.0
2021-09-27,2021,9,39,BOP,3957,3742,0,1649.71,1655.3,1556.42,46.9,310.34,0,0.0491,4258.0,3949.0
2021-10-04,2021,10,40,BOP,3786,3634,46,1605.97,1596.65,1623.15,33.4,291.19,0,0.0203,4266.0,3958.0
2021-10-11,2021,10,41,BOP,3658,3985,356,1600.9,1649.91,1678.94,57.9,301.72,0,0.0023,4166.0,3907.0
2021-10-18,2021,10,42,BOP,3597,3591,0,1596.2,1565.14,1672.6,41.4,289.39,0,0.0304,4087.0,3918.0
2021-10-25,2021,10,43,BOP,4161,3996,0,1686.47,1641.03,1620.93,73.4,302.91,0,0.0521,3750.0,3938.0
2021-11-01,2021,11,44,BOP,3841,4039,81,1518.7,1510.29,1537.37,43.1,308.66,0,0.0203,3800.0,3950.0
2021-11-08,2021,11,45,BOP,3301,3417,449,1502.78,1496.5,1451.65,74.0,306.8,0,0.0096,3814.0,3895.0
2021-11-15,2021,11,46,BOP,3865,4102,355,1584.38,1647.95,1715.03,13.7,295.96,0,0.0373,3725.0,3849.0
2021-11-22,2021,11,47,BOP,3595,3213,0,1537.15,1522.12,1468.31,62.8,311.77,0,-0.041,3792.0,3933.0
2021-11-29,2021,11,48,BOP,3871,4042,114,1447.89,1426.25,1307.49,21.8,302.53,0,-0.0081,3650.0,3906.0
2021-12-06,2021,12,49,BOP,3444,3869,429,1536.87,1464.24,1474.8,34.4,308.63,0,0.0172,3658.0,3879.0
2021-12-13,2021,12,50,BOP,3680,3787,0,1367.49,1402.53,1371.2,17.6,314.65,0,-0.0301,3694.0,3835.0
2021-12-20,2021,12,51,BOP,2400,2312,171,1549.19,1590.0,1541.87,28.9,311.08,0,0.0232,3648.0,3730.0
2021-12-27,2021,12,52,BOP,4048,3805,0,1483.02,1443.1,1490.52,6.3,317.28,0,0.013,3349.0,3600.0
2022-01-03,2022,1,1,BOP,3268,3628,315,1584.23,1567.25,1635.44,22.9,316.15,0,0.0133,3393.0,3622.0
2022-01-10,2022,1,2,BOP,3405,3420,0,1617.09,1659.62,1723.17,0.0,317.24,0,0.04,3349.0,3589.0
2022-01-17,2022,1,3,BOP,3299,3150,0,1427.29,1422.72,1465.62,31.4,315.51,0,-0.0602,3280.0,3573.0
2022-01-24,2022,1,4,BOP,3760,3737,0,1418.53,1431.07,1356.66,0.0,312.7,0,-0.0356,3505.0,3501.0
2022-01-31,2022,1,5,BOP,3070,3219,307,1565.82,1574.86,1582.12,26.4,314.22,0,0.0388,3433.0,3495.0
2022-02-07,2022,2,6,BOP,2945,2929,0,1662.79,1663.0,1633.77,5.5,315.57,0,0.0646,3384.0,3475.0
2022-02-14,2022,2,7,BOP,2123,2086,183,1436.69,1496.29,1383.86,15.9,315.59,0,-0.072,3268.0,3399.0
2022-02-21,2022,2,8,BOP,3225,3214,46,1477.83,1570.57,1540.26,40.9,320.18,0,-0.0012,2974.0,3276.0
2022-02-28,2022,2,9,BOP,3592,3744,222,1480.74,1504.44,1525.42,3.3,318.1,0,-0.0389,2841.0,3222.0
2022-03-07,2022,3,10,BOP,3476,3851,622,1669.71,1626.0,1468.04,47.4,320.94,1,-0.0376,2971.0,3235.0
2022-03-14,2022,3,11,BOP,3548,3589,211,1602.34,1587.08,1658.38,34.9,320.81,1,0.0,3104.0,3218.0
2022-03-21,2022,3,12,BOP,3608,3742,0,1590.85,1637.06,1611.64,35.0,325.87,1,-0.018,3460.0,3313.0
2022-03-28,2022,3,13,BOP,3463,3576,0,1660.49,1659.85,1643.03,20.0,326.83,1,0.0016,3556.0,3277.0
2022-04-04,2022,4,14,BOP,3468,3734,377,1731.63,1710.28,1705.64,26.0,319.11,1,0.0596,3524.0,3293.0
2022-04-11,2022,4,15,BOP,2908,2988,484,1857.23,1841.29,1900.95,50.1,322.28,1,0.0809,3522.0,3298.0
2022-04-18,2022,4,16,BOP,3508,3371,127,1779.84,1756.79,1832.82,63.2,320.8,1,0.0242,3362.0,3266.0
2022-04-25,2022,4,17,BOP,3874,3776,0,1845.29,1799.07,1872.13,51.6,318.26,1,0.0647,3337.0,3244.0
2022-05-02,2022,5,18,BOP,4204,4642,633,1788.45,1779.45,1745.71,75.0,324.62,0,-0.046,3440.0,3312.0
2022-05-09,2022,5,19,BOP,3817,4200,381,1777.69,1793.32,1833.08,91.9,322.88,0,-0.0128,3624.0,3416.0
2022-05-16,2022,5,20,BOP,3780,3696,0,1754.45,1706.52,1839.5,32.7,326.52,0,-0.021,3851.0,3558.0
2022-05-23,2022,5,21,BOP,3995,4243,0,1714.06,1706.16,1650.69,45.1,318.16,0,-0.0144,3919.0,3604.0
2022-05-30,2022,5,22,BOP,4135,4078,0,1772.64,1725.61,1846.9,77.3,327.02,0,-0.0459,3949.0,3637.0
2022-06-06,2022,6,23,BOP,4209,4584,258,1734.81,1732.48,1685.14,86.3,315.83,0,-0.0517,3932.0,3692.0
2022-06-13,2022,6,24,BOP,3909,3914,0,1860.31,1892.29,1831.5,72.5,324.56,0,0.0289,4030.0,3747.0
2022-06-20,2022,6,25,BOP,4105,4840,808,1611.07,1603.67,1556.2,56.1,318.6,0,-0.054,4062.0,3772.0
2022-06-27,2022,6,26,BOP,4115,3900,0,1676.62,1613.58,1802.1,72.7,313.51,0,-0.0503,4090.0,3826.0
2022-07-04,2022,7,27,BOP,3510,3467,0,2042.6,2087.39,1991.48,63.3,321.22,0,0.1048,4084.0,3880.0
2022-07-11,2022,7,28,BOP,4820,5023,360,1672.76,1675.5,1703.36,93.5,319.12,0,-0.0882,3910.0,3930.0
2022-07-18,2022,7,29,BOP,4167,4424,125,1994.73,1958.52,2115.95,76.7,307.37,0,0.0724,4138.0,4039.0
2022-07-25,2022,7,30,BOP,4187,4304,0,1756.56,1782.27,1780.1,64.9,300.69,0,-0.0216,4153.0,4064.0
2022-08-01,2022,8,31,BOP,4009,4038,419,1683.84,1704.91,1743.46,76.3,307.7,0,0.0058,4171.0,4062.0
2022-08-08,2022,8,32,BOP,4781,4647,0,1865.42,1857.79,1996.41,82.2,310.79,0,0.0342,4296.0,4078.0
2022-08-15,2022,8,33,BOP,4027,3941,0,1695.61,1654.81,1624.93,52.8,305.11,0,-0.0071,4286.0,4162.0
2022-08-22,2022,8,34,BOP,4317,4419,0,1749.86,1778.35,1783.6,74.8,302.6,0,-0.071,4251.0,4164.0
2022-08-29,2022,8,35,BOP,3911,4106,0,1880.89,1858.02,1840.33,73.6,307.55,0,0.0888,4284.0,4180.0
2022-09-05,2022,9,36,BOP,4382,3659,0,1559.95,1493.79,1522.08,33.7,302.57,0,0.0183,4259.0,4155.0
2022-09-12,2022,9,37,BOP,4081,4244,182,1649.09,1671.7,1771.03,76.3,302.97,0,-0.0607,4159.0,4194.0
2022-09-19,2022,9,38,BOP,3508,3761,408,1641.54,1543.34,1629.27,40.4,302.78,0,-0.0092,4173.0,4192.0
2022-09-26,2022,9,39,BOP,4451,4528,0,1574.28,1582.59,1654.4,64.0,297.73,0,-0.0765,3970.0,4142.0
2022-10-03,2022,10,40,BOP,4274,3884,0,1677.34,1630.47,1638.18,58.3,297.87,0,0.0755,4106.0,4220.0
2022-10-10,2022,10,41,BOP,4166,4465,24,1480.64,1514.96,1460.73,52.6,299.86,0,-0.0137,4078.0,4175.0
2022-10-17,2022,10,42,BOP,4063,3583,0,1628.04,1619.95,1706.22,31.0,313.45,0,0.0277,4100.0,4174.0
2022-10-24,2022,10,43,BOP,4019,4079,21,1724.57,1714.19,1641.14,66.1,301.7,0,0.066,4238.0,4164.0
2022-10-31,2022,10,44,BOP,3606,3582,0,1676.88,1692.64,1629.42,64.3,300.79,0,0.0177,4130.0,4165.0
2022-11-07,2022,11,45,BOP,4076,4203,0,1486.01,1515.0,1516.66,28.8,301.84,0,-0.0039,3964.0,4067.0
2022-11-14,2022,11,46,BOP,4297,4486,545,1621.17,1582.97,1729.28,38.3,313.76,0,0.017,3941.0,4071.0
2022-11-21,2022,11,47,BOP,3939,3765,0,1500.24,1495.06,1546.56,37.8,313.31,0,-0.0512,4000.0,4070.0
2022-11-28,2022,11,48,BOP,3939,3735,0,1567.11,1571.32,1572.1,38.5,312.5,0,-0.0151,3980.0,4072.0
2022-12-05,2022,12,49,BOP,4261,4001,0,1490.87,1455.63,1517.67,10.0,311.44,0,0.0135,4063.0,4035.0
2022-12-12,2022,12,50,BOP,4019,3950,249,1513.73,1550.97,1455.32,45.0,304.79,0,0.023,4109.0,4050.0
2022-12-19,2022,12,51,BOP,3709,3546,270,1409.85,1401.96,1355.46,26.7,314.71,0,-0.021,4040.0,4092.0
2022-12-26,2022,12,52,BOP,3331,3729,231,1465.93,1525.94,1426.35,31.4,316.79,0,-0.0162,3982.0,4031.0
2023-01-02,2023,1,1,BOP,3682,3429,0,1548.43,1552.8,1646.83,18.5,326.56,0,0.0209,3830.0,3952.0
2023-01-09,2023,1,2,BOP,2555,2731,453,1407.35,1371.19,1462.4,13.8,317.12,0,-0.0535,3685.0,3912.0
2023-01-16,2023,1,3,BOP,3892,3687,137,1521.8,1537.03,1489.32,14.6,323.6,0,-0.0073,3319.0,3786.0
2023-01-23,2023,1,4,BOP,2774,3003,291,1688.69,1737.7,1748.09,18.4,312.7,0,0.0743,3365.0,3776.0
2023-01-30,2023,1,5,BOP,2977,2862,0,1623.87,1582.62,1642.51,20.8,321.19,0,0.0383,3226.0,3706.0
2023-02-06,2023,2,6,BOP,3039,3045,28,1641.56,1677.08,1552.94,29.1,319.99,0,0.0403,3050.0,3615.0
2023-02-13,2023,2,7,BOP,2807,2801,0,1652.11,1635.69,1640.05,14.5,320.95,0,0.0239,3170.0,3510.0
2023-02-20,2023,2,8,BOP,3243,3257,0,1597.19,1623.39,1593.06,41.9,316.75,0,0.0125,2899.0,3415.0
2023-02-27,2023,2,9,BOP,3480,3488,0,1589.04,1572.37,1674.99,29.0,328.5,0,-0.0229,3016.0,3357.0
2023-03-06,2023,3,10,BOP,3879,3953,107,1535.36,1493.97,1491.47,47.9,320.36,1,-0.0926,3142.0,3292.0
2023-03-13,2023,3,11,BOP,2930,3012,0,1631.17,1605.66,1581.6,47.3,326.18,1,-0.0325,3352.0,3281.0
2023-03-20,2023,3,12,BOP,2860,2972,274,1618.85,1635.48,1621.1,32.5,326.52,1,-0.013,3383.0,3216.0
2023-03-27,2023,3,13,BOP,3288,3147,54,1804.58,1769.64,1782.18,42.2,324.71,1,0.0473,3287.0,3176.0
2023-04-03,2023,4,14,BOP,3270,3124,92,1659.87,1665.11,1587.01,49.9,324.77,1,-0.0316,3239.0,3144.0
2023-04-10,2023,4,15,BOP,4428,4054,0,1736.13,1792.2,1713.77,65.0,332.79,1,-0.0157,3087.0,3203.0
2023-04-17,2023,4,16,BOP,3457,3535,324,1851.65,1802.29,1825.77,32.3,326.52,1,0.0185,3462.0,3248.0
2023-04-24,2023,4,17,BOP,3908,3928,91,1850.82,1836.12,1769.22,78.4,325.6,1,-0.0293,3611.0,3305.0
2023-05-01,2023,5,18,BOP,4036,3381,0,1861.26,1878.85,1759.5,34.0,325.05,0,0.03,3766.0,3382.0
2023-05-08,2023,5,19,BOP,3847,3687,0,1850.87,1870.01,1834.47,61.1,332.32,0,-0.0312,3957.0,3466.0
2023-05-15,2023,5,20,BOP,3544,3217,0,1803.7,1841.72,1844.97,76.2,325.03,0,-0.0095,3812.0,3552.0
2023-05-22,2023,5,21,BOP,3827,3882,0,1819.72,1868.89,1884.22,68.3,329.0,0,-0.0045,3834.0,3577.0
2023-05-29,2023,5,22,BOP,4043,4259,216,1758.28,1744.63,1754.35,51.8,330.92,0,-0.0438,3814.0,3606.0
2023-06-05,2023,6,23,BOP,3485,3451,0,1844.03,1880.41,1791.51,77.2,321.01,0,-0.026,3815.0,3620.0
2023-06-12,2023,6,24,BOP,3550,3573,0,1962.92,1920.12,1885.54,95.2,307.76,0,0.0105,3725.0,3666.0
2023-06-19,2023,6,25,BOP,4755,4655,190,1844.23,1786.58,1757.22,83.8,328.14,0,-0.0549,3726.0,3724.0
2023-06-26,2023,6,26,BOP,4339,4304,0,2009.66,1929.45,1919.53,74.6,313.22,0,0.057,3958.0,3846.0
2023-07-03,2023,7,27,BOP,3861,4023,0,1870.71,1854.86,1768.52,73.5,309.08,0,0.0203,4032.0,3935.0
2023-07-10,2023,7,28,BOP,4104,3694,0,1832.97,1840.28,1867.65,68.6,320.53,0,-0.0431,4126.0,3888.0
2023-07-17,2023,7,29,BOP,3966,4019,0,2003.01,1981.95,2005.61,75.1,317.16,0,0.0091,4265.0,3942.0
2023-07-24,2023,7,30,BOP,4683,4435,0,1996.79,2034.44,2035.71,87.7,317.2,0,0.0234,4068.0,3946.0
2023-07-31,2023,7,31,BOP,4018,4185,401,1883.38,1891.92,1841.07,94.2,307.55,0,0.0502,4154.0,4000.0
2023-08-07,2023,8,32,BOP,4538,4567,106,1790.65,1749.24,1851.54,58.6,304.4,0,0.0115,4193.0,4015.0
2023-08-14,2023,8,33,BOP,3940,3620,0,1946.54,1862.07,1853.56,76.0,312.15,0,0.0352,4301.0,4097.0
2023-08-21,2023,8,34,BOP,4043,4223,52,1925.74,1962.14,1964.32,83.4,319.74,0,0.043,4295.0,4107.0
2023-08-28,2023,8,35,BOP,4690,4344,0,1828.61,1857.57,1786.87,71.5,303.64,0,-0.0032,4135.0,4107.0
2023-09-04,2023,9,36,BOP,4811,4748,124,1779.94,1825.91,1809.97,58.1,302.7,0,0.0368,4303.0,4207.0
2023-09-11,2023,9,37,BOP,4440,4663,87,1778.17,1723.23,1739.81,90.9,303.21,0,-0.0181,4371.0,4312.0
2023-09-18,2023,9,38,BOP,4332,4165,166,1774.76,1758.03,1825.76,75.6,318.12,0,0.0249,4496.0,4286.0
2023-09-25,2023,9,39,BOP,4387,4263,0,1653.59,1670.46,1737.76,50.7,299.95,0,-0.0318,4568.0,4286.0
2023-10-02,2023,10,40,BOP,4078,3822,0,1764.18,1764.86,1680.28,65.1,309.74,0,0.0045,4492.0,4329.0
2023-10-09,2023,10,41,BOP,3720,3775,0,1656.28,1678.54,1681.73,43.9,304.6,0,-0.0094,4309.0,4327.0
2023-10-16,2023,10,42,BOP,3340,2929,0,1638.61,1597.19,1670.48,61.0,304.29,0,-0.0122,4129.0,4307.0
2023-10-23,2023,10,43,BOP,4460,4142,0,1725.53,1757.4,1653.01,45.8,307.16,0,0.0251,3881.0,4195.0
2023-10-30,2023,10,44,BOP,3518,3501,0,1812.77,1782.82,1762.95,58.0,309.24,0,0.102,3900.0,4232.0
2023-11-06,2023,11,45,BOP,3149,2937,0,1597.31,1563.31,1596.68,27.9,305.31,0,0.0253,3760.0,4147.0
2023-11-13,2023,11,46,BOP,3886,4141,0,1558.36,1565.8,1477.91,55.3,316.43,0,-0.015,3617.0,4081.0
2023-11-20,2023,11,47,BOP,3830,3901,0,1647.17,1636.67,1579.32,53.8,314.82,0,0.0096,3753.0,4068.0
2023-11-27,2023,11,48,BOP,3946,4114,790,1570.99,1588.8,1529.68,43.5,320.05,0,-0.0059,3596.0,3996.0
2023-12-04,2023,12,49,BOP,4228,4231,0,1379.64,1351.17,1355.34,54.7,313.73,0,-0.0842,3703.0,3924.0
2023-12-11,2023,12,50,BOP,4053,3971,0,1534.03,1521.02,1515.3,35.0,315.86,0,-0.0075,3972.0,3906.0
2023-12-18,2023,12,51,BOP,3646,3570,101,1477.11,1435.99,1577.8,8.0,320.09,0,0.0034,4014.0,3883.0
2023-12-25,2023,12,52,BOP,3536,3567,50,1649.49,1626.94,1631.43,49.1,313.6,0,0.0208,3968.0,3821.0
2024-01-01,2024,1,1,BOP,3558,3115,0,1806.43,1799.78,1724.77,24.9,329.18,0,0.0299,3866.0,3776.0
2024-01-08,2024,1,2,BOP,3307,2940,0,1519.99,1518.73,1553.8,17.0,320.89,0,-0.0179,3698.0,3762.0
2024-01-15,2024,1,3,BOP,3346,3429,203,1580.1,1672.87,1512.26,27.6,321.75,0,0.0144,3512.0,3760.0
2024-01-22,2024,1,4,BOP,4451,4785,178,1480.24,1458.37,1383.91,32.3,323.62,0,-0.0624,3437.0,3667.0
2024-01-29,2024,1,5,BOP,2928,2766,102,1610.89,1661.59,1640.32,29.9,327.78,0,-0.0256,3666.0,3745.0
2024-02-05,2024,2,6,BOP,3365,3260,0,1702.64,1709.8,1716.15,14.2,322.43,0,0.0075,3508.0,3726.0
2024-02-12,2024,2,7,BOP,2594,2551,0,1634.88,1581.52,1575.7,0.0,314.74,0,-0.011,3522.0,3683.0
2024-02-19,2024,2,8,BOP,3548,3569,50,1523.91,1457.53,1481.28,15.2,322.54,0,-0.0223,3334.0,3580.0
2024-02-26,2024,2,9,BOP,3390,3523,325,1555.46,1584.27,1549.79,37.2,322.88,0,-0.0306,3109.0,3547.0
2024-03-04,2024,3,10,BOP,3735,3502,0,1739.59,1788.28,1695.85,14.8,335.95,1,-0.0089,3224.0,3477.0
2024-03-11,2024,3,11,BOP,3681,3906,149,1757.05,1732.05,1730.03,51.5,337.45,1,-0.0193,3317.0,3450.0
2024-03-18,2024,3,12,BOP,3528,3346,0,1768.14,1744.75,1821.43,44.6,329.35,1,0.0291,3588.0,3453.0
2024-03-25,2024,3,13,BOP,3928,4175,241,1703.08,1700.91,1604.24,9.9,338.51,1,-0.0146,3584.0,3453.0
2024-04-01,2024,4,14,BOP,4672,4516,0,1780.25,1682.72,1864.72,29.8,328.53,1,0.0077,3718.0,3483.0
2024-04-08,2024,4,15,BOP,3586,3688,445,1921.65,1909.34,1784.87,76.5,333.62,1,0.0264,3952.0,3597.0
2024-04-15,2024,4,16,BOP,3522,3735,204,1945.64,1989.54,1877.48,61.4,319.54,1,0.0544,3928.0,3617.0
2024-04-22,2024,4,17,BOP,3491,3455,0,1805.6,1850.93,1769.66,70.2,329.75,1,0.0072,3927.0,3540.0
2024-04-29,2024,4,18,BOP,4572,4361,0,2002.3,1926.01,1967.55,51.3,322.32,1,0.0759,3818.0,3587.0
2024-05-06,2024,5,19,BOP,3889,3645,0,1811.92,1862.33,1713.64,43.0,318.08,0,0.0008,3793.0,3687.0
2024-05-13,2024,5,20,BOP,4827,4320,0,1827.26,1848.86,1819.44,71.8,324.46,0,-0.0521,3868.0,3795.0
2024-05-20,2024,5,21,BOP,3906,3968,0,2108.77,2056.06,2086.4,61.5,330.95,0,0.1081,4195.0,3902.0
2024-05-27,2024,5,22,BOP,3537,3243,0,1803.43,1786.47,1847.6,42.6,313.91,0,-0.0479,4298.0,3945.0
2024-06-03,2024,6,23,BOP,3914,3718,0,1937.27,1879.97,2066.86,61.3,315.46,0,0.0508,4040.0,3928.0
2024-06-10,2024,6,24,BOP,3846,4134,320,1832.82,1764.15,1880.17,100.0,317.99,0,-0.116,4046.0,3948.0
2024-06-17,2024,6,25,BOP,4053,4249,302,1800.89,1805.81,1802.72,87.6,321.4,0,-0.0528,3801.0,3974.0
2024-06-24,2024,6,26,BOP,4012,3820,0,1918.15,1933.22,2040.18,82.7,317.06,0,-0.0861,3838.0,3985.0
2024-07-01,2024,7,27,BOP,4553,4816,312,1830.8,1910.57,1845.03,56.2,324.8,0,-0.0128,3956.0,3930.0
2024-07-08,2024,7,28,BOP,4964,4855,61,1952.86,1919.23,2060.44,94.3,324.04,0,0.0327,4116.0,4010.0
2024-07-15,2024,7,29,BOP,4489,4399,0,1983.13,2031.57,1993.76,86.8,325.34,0,0.0074,4396.0,4130.0
2024-07-22,2024,7,30,BOP,4038,4171,64,2040.53,1998.45,2107.65,100.0,311.4,0,0.0425,4504.0,4214.0
2024-07-29,2024,7,31,BOP,5246,4967,0,1949.83,1892.21,1969.92,94.3,312.23,0,0.0018,4511.0,4169.0
2024-08-05,2024,8,32,BOP,5335,5315,0,1932.64,1920.83,1798.96,70.3,307.07,0,0.0053,4684.0,4282.0
2024-08-12,2024,8,33,BOP,4647,4313,0,1773.03,1741.34,1656.62,99.7,310.77,0,-0.0465,4777.0,4324.0
2024-08-19,2024,8,34,BOP,5015,4843,0,1894.46,1918.8,1766.07,64.6,313.77,0,0.0021,4816.0,4386.0
2024-08-26,2024,8,35,BOP,4966,5269,184,1879.37,1883.63,1893.34,87.1,310.81,0,-0.0145,5061.0,4509.0
2024-09-02,2024,9,36,BOP,4901,5584,577,1754.69,1776.02,1831.99,35.8,315.59,0,0.0451,4991.0,4597.0
2024-09-09,2024,9,37,BOP,4028,3853,380,1833.31,1817.46,1926.64,58.3,310.94,0,0.0276,4882.0,4685.0
2024-09-16,2024,9,38,BOP,3920,3798,0,1803.31,1805.92,1951.74,61.1,309.0,0,-0.0171,4728.0,4683.0
2024-09-23,2024,9,39,BOP,4721,4528,0,1774.61,1710.59,1798.14,72.6,312.38,0,-0.0146,4454.0,4675.0
2024-09-30,2024,9,40,BOP,4344,3756,0,1775.15,1743.27,1720.76,44.8,308.34,0,-0.013,4392.0,4689.0
2024-10-07,2024,10,41,BOP,4657,4090,0,1666.85,1658.71,1686.5,40.0,310.06,0,0.0212,4253.0,4638.0
2024-10-14,2024,10,42,BOP,4165,4201,0,1703.48,1733.54,1651.59,56.6,303.29,0,-0.0484,4410.0,4652.0
2024-10-21,2024,10,43,BOP,3678,3497,0,1659.06,1661.8,1634.55,62.3,305.8,0,-0.0274,4472.0,4662.0
2024-10-28,2024,10,44,BOP,3681,3617,0,1655.06,1621.7,1671.86,53.3,317.54,0,-0.0077,4211.0,4531.0
2024-11-04,2024,11,45,BOP,3639,4118,632,1538.22,1559.19,1597.44,35.9,316.33,0,-0.0516,4045.0,4394.0
2024-11-11,2024,11,46,BOP,4890,5052,0,1497.77,1477.72,1439.16,23.6,310.6,0,-0.0305,3791.0,4310.0
2024-11-18,2024,11,47,BOP,3859,3731,0,1563.9,1564.85,1507.77,31.8,315.4,0,-0.0501,3972.0,4299.0
2024-11-25,2024,11,48,BOP,4658,5058,456,1667.8,1658.11,1739.35,52.9,313.74,0,-0.033,4017.0,4207.0
2024-12-02,2024,12,49,BOP,3404,3215,0,1550.22,1501.61,1457.67,13.8,318.63,0,0.0059,4262.0,4187.0
2024-12-09,2024,12,50,BOP,3924,4118,161,1606.33,1632.74,1662.37,56.1,318.11,0,0.0165,4203.0,4135.0
2024-12-16,2024,12,51,BOP,3923,3585,0,1628.16,1615.93,1543.18,42.5,313.16,0,-0.0113,3961.0,4135.0
2024-12-23,2024,12,52,BOP,3533,4050,604,1461.42,1444.9,1570.8,6.7,319.69,0,-0.03,3977.0,4068.0
2021-01-04,2021,1,1,BOPF,4067,4254,93,1783.78,1775.43,1767.07,17.9,313.24,0,0.0199,,
2021-01-11,2021,1,2,BOPF,3432,3584,186,1622.48,1558.89,1536.28,32.3,305.15,0,-0.0423,4067.0,4067.0
2021-01-18,2021,1,3,BOPF,3369,3685,0,1653.04,1664.99,1754.74,35.1,314.3,0,-0.0029,3750.0,3750.0
2021-01-25,2021,1,4,BOPF,3617,4026,443,1592.95,1567.39,1582.67,0.0,311.59,0,-0.0094,3623.0,3623.0
2021-02-01,2021,2,5,BOPF,3813,3531,0,1748.49,1721.1,1725.97,31.1,310.25,0,-0.0425,3621.0,3621.0
2021-02-08,2021,2,6,BOPF,3105,3090,53,1767.67,1741.02,1704.78,36.4,325.41,0,0.0165,3558.0,3660.0
2021-02-15,2021,2,7,BOPF,2796,2638,0,1731.65,1769.16,1804.64,6.9,318.72,0,0.0023,3476.0,3567.0
2021-02-22,2021,2,8,BOPF,3445,3308,33,1864.21,1887.85,1713.2,24.7,314.58,0,0.0087,3333.0,3457.0
2021-03-01,2021,3,9,BOPF,4995,4564,0,1689.56,1674.69,1698.4,16.3,326.79,1,-0.0101,3290.0,3456.0
2021-03-08,2021,3,10,BOPF,4436,4430,17,1821.54,1801.13,1875.99,47.2,322.45,1,0.0123,3585.0,3627.0
2021-03-15,2021,3,11,BOPF,3744,3671,9,1758.86,1793.16,1748.51,21.5,320.23,1,-0.0005,3918.0,3708.0
2021-03-22,2021,3,12,BOPF,3656,3661,104,1883.57,1884.04,1890.93,45.4,318.25,1,0.0161,4155.0,3711.0
2021-03-29,2021,3,13,BOPF,4129,4140,0,1801.75,1744.29,1758.55,55.3,319.95,1,-0.0685,4208.0,3706.0
2021-04-05,2021,4,14,BOPF,4592,5040,171,1746.07,1771.13,1851.0,32.3,310.45,1,-0.0703,3991.0,3711.0
2021-04-12,2021,4,15,BOPF,4274,4126,0,1865.89,1888.81,1922.43,53.2,320.07,1,-0.028,4030.0,3808.0
2021-04-19,2021,4,16,BOPF,5484,5023,0,1886.5,1834.33,1956.39,34.4,319.51,1,0.0216,4163.0,3884.0
2021-04-26,2021,4,17,BOPF,4274,4286,0,1825.91,1823.5,1737.46,36.4,323.34,1,0.0104,4620.0,4039.0
2021-05-03,2021,5,18,BOPF,3841,3409,0,2250.34,2231.97,2066.88,78.1,318.07,0,0.083,4656.0,4078.0
2021-05-10,2021,5,19,BOPF,4917,4644,0,2014.23,1996.33,2044.63,57.3,317.78,0,0.0415,4468.0,4139.0
2021-05-17,2021,5,20,BOPF,4460,4189,0,1904.23,1962.48,1892.19,65.8,323.91,0,-0.005,4629.0,4316.0
2021-05-24,2021,5,21,BOPF,4483,4887,0,1918.14,1890.79,1926.31,56.8,317.47,0,-0.0229,4373.0,4400.0
2021-05-31,2021,5,22,BOPF,4367,4230,72,2086.06,2033.86,2163.16,73.9,315.18,0,0.0246,4425.0,4358.0
2021-06-07,2021,6,23,BOPF,5045,4529,0,2013.88,2021.77,1935.07,81.2,313.05,0,0.0007,4557.0,4352.0
2021-06-14,2021,6,24,BOPF,4338,4328,344,2224.0,2219.73,2326.24,67.3,315.31,0,0.028,4589.0,4460.0
2021-06-21,2021,6,25,BOPF,4755,4763,195,2089.18,2087.53,2146.13,56.8,308.19,0,0.0109,4558.0,4517.0
2021-06-28,2021,6,26,BOPF,4225,3970,0,2174.13,2161.88,2057.21,99.7,309.84,0,0.0581,4626.0,4569.0
2021-07-05,2021,7,27,BOPF,4722,4612,0,1926.25,1985.87,2064.62,89.5,312.31,0,-0.0221,4591.0,4539.0
2021-07-12,2021,7,28,BOPF,4938,5295,193,2177.52,2205.77,2162.96,96.0,315.99,0,0.0203,4510.0,4576.0
2021-07-19,2021,7,29,BOPF,4564,5079,225,2100.77,2166.55,2095.24,57.2,306.21,0,0.0478,4660.0,4530.0
2021-07-26,2021,7,30,BOPF,5221,5192,259,2118.95,2175.28,2135.61,88.5,310.14,0,0.0183,4612.0,4555.0
2021-08-02,2021,8,31,BOPF,5789,6011,107,1892.98,1855.06,1871.7,45.4,305.62,0,0.0083,4861.0,4670.0
2021-08-09,2021,8,32,BOPF,4163,4098,0,2177.14,2182.37,2230.57,100.0,308.05,0,0.0857,5128.0,4742.0
2021-08-16,2021,8,33,BOPF,5411,4846,0,1982.15,2012.74,1756.3,93.6,307.69,0,-0.001,4934.0,4718.0
2021-08-23,2021,8,34,BOPF,4750,4772,0,1995.93,1998.0,2054.42,74.9,303.98,0,-0.0079,5146.0,4795.0
2021-08-30,2021,8,35,BOPF,4881,4977,160,1923.99,1935.64,1865.94,58.8,311.64,0,0.0255,5028.0,4827.0
2021-09-06,2021,9,36,BOPF,5702,5226,0,1987.87,1974.96,1789.13,54.7,314.16,0,0.0404,4801.0,4813.0
2021-09-13,2021,9,37,BOPF,3787,3887,96,1817.54,1795.68,1840.79,50.5,302.98,0,0.022,5186.0,4927.0
2021-09-20,2021,9,38,BOPF,4455,4712,699,1907.98,1903.03,1911.32,74.5,304.21,0,0.0124,4780.0,4846.0
2021-09-27,2021,9,39,BOPF,4824,4845,128,1958.29,1930.68,1953.92,46.9,310.34,0,0.0491,4706.0,4865.0
2021-10-04,2021,10,40,BOPF,4465,4486,1,1804.54,1894.51,1804.1,33.4,291.19,0,0.0203,4692.0,4874.0
2021-10-11,2021,10,41,BOPF,3645,3613,0,1821.89,1824.24,1677.93,57.9,301.72,0,0.0023,4383.0,4834.0
2021-10-18,2021,10,42,BOPF,4137,4133,111,1785.86,1799.85,1680.21,41.4,289.39,0,0.0304,4347.0,4758.0
2021-10-25,2021,10,43,BOPF,5105,5146,0,1873.85,1891.09,1823.05,73.4,302.91,0,0.0521,4268.0,4667.0
2021-11-01,2021,11,44,BOPF,2804,3149,124,1726.34,1697.36,1654.19,43.1,308.66,0,0.0203,4338.0,4610.0
2021-11-08,2021,11,45,BOPF,4462,4642,152,1686.37,1711.78,1712.08,74.0,306.8,0,0.0096,3923.0,4497.0
2021-11-15,2021,11,46,BOPF,5049,4878,0,1639.06,1680.45,1602.88,13.7,295.96,0,0.0373,4127.0,4418.0
2021-11-22,2021,11,47,BOPF,3656,3894,614,1702.05,1694.34,1636.73,62.8,311.77,0,-0.041,4355.0,4443.0
2021-11-29,2021,11,48,BOPF,3410,3715,250,1642.07,1654.13,1702.08,21.8,302.53,0,-0.0081,3993.0,4341.0
2021-12-06,2021,12,49,BOPF,2955,2437,0,1684.53,1656.65,1690.33,34.4,308.63,0,0.0172,4144.0,4150.0
2021-12-13,2021,12,50,BOPF,3284,3653,585,1592.76,1546.94,1651.32,17.6,314.65,0,-0.0301,3768.0,4081.0
2021-12-20,2021,12,51,BOPF,3602,3886,82,1686.27,1697.69,1666.34,28.9,311.08,0,0.0232,3326.0,3983.0
2021-12-27,2021,12,52,BOPF,3493,3615,27,1619.43,1625.95,1637.78,6.3,317.28,0,0.013,3313.0,3881.0
2022-01-03,2022,1,1,BOPF,3937,4082,0,1722.17,1739.84,1704.29,22.9,316.15,0,0.0133,3334.0,3800.0
2022-01-10,2022,1,2,BOPF,4282,4246,154,1717.12,1654.25,1752.23,0.0,317.24,0,0.04,3579.0,3824.0
2022-01-17,2022,1,3,BOPF,3861,4171,0,1540.03,1530.51,1493.7,31.4,315.51,0,-0.0602,3828.0,3837.0
2022-01-24,2022,1,4,BOPF,3666,3616,0,1598.21,1566.66,1589.82,0.0,312.7,0,-0.0356,3893.0,3733.0
2022-01-31,2022,1,5,BOPF,3917,3759,120,1903.91,1858.46,1973.91,26.4,314.22,0,0.0388,3936.0,3805.0
2022-02-07,2022,2,6,BOPF,3788,3680,0,1866.12,1876.58,1805.69,5.5,315.57,0,0.0646,3932.0,3759.0
2022-02-14,2022,2,7,BOPF,2760,2883,0,1591.5,1586.15,1561.45,15.9,315.59,0,-0.072,3808.0,3654.0
2022-02-21,2022,2,8,BOPF,3397,3275,152,1708.37,1751.49,1646.48,40.9,320.18,0,-0.0012,3533.0,3580.0
2022-02-28,2022,2,9,BOPF,4090,4216,0,1715.58,1748.28,1750.79,3.3,318.1,0,-0.0389,3466.0,3578.0
2022-03-07,2022,3,10,BOPF,3712,3725,68,1813.87,1741.18,1859.97,47.4,320.94,1,-0.0376,3509.0,3673.0
2022-03-14,2022,3,11,BOPF,3957,3884,0,1885.54,1916.66,1820.14,34.9,320.81,1,0.0,3490.0,3709.0
2022-03-21,2022,3,12,BOPF,3810,3693,0,1760.08,1679.25,1721.32,35.0,325.87,1,-0.018,3789.0,3738.0
2022-03-28,2022,3,13,BOPF,3074,3038,446,1822.05,1813.72,1749.58,20.0,326.83,1,0.0016,3892.0,3765.0
2022-04-04,2022,4,14,BOPF,5501,5507,52,2043.62,1976.46,2029.24,26.0,319.11,1,0.0596,3638.0,3693.0
2022-04-11,2022,4,15,BOPF,3462,3780,33,2115.72,2108.09,2231.9,50.1,322.28,1,0.0809,4086.0,3794.0
2022-04-18,2022,4,16,BOPF,4635,5218,533,2026.15,2036.92,1990.76,63.2,320.8,1,0.0242,3962.0,3761.0
2022-04-25,2022,4,17,BOPF,4578,4993,124,2031.92,2024.23,2106.83,51.6,318.26,1,0.0647,4168.0,3842.0
2022-05-02,2022,5,18,BOPF,4427,4303,0,1898.93,1873.2,1989.63,75.0,324.62,0,-0.046,4544.0,3897.0
2022-05-09,2022,5,19,BOPF,5181,4989,0,2121.42,2149.67,2157.19,91.9,322.88,0,-0.0128,4276.0,3950.0
2022-05-16,2022,5,20,BOPF,4721,5021,423,1937.08,1903.65,1990.81,32.7,326.52,0,-0.021,4705.0,4152.0
2022-05-23,2022,5,21,BOPF,4970,4955,0,2015.66,1976.81,1938.49,45.1,318.16,0,-0.0144,4727.0,4262.0
2022-05-30,2022,5,22,BOPF,5072,5239,235,1937.81,1902.25,2016.69,77.3,327.02,0,-0.0459,4825.0,4336.0
2022-06-06,2022,6,23,BOPF,4693,4498,0,2043.73,2055.76,2024.57,86.3,315.83,0,-0.0517,4986.0,4449.0
2022-06-13,2022,6,24,BOPF,6041,6763,568,2079.32,2108.14,2028.93,72.5,324.56,0,0.0289,4864.0,4510.0
2022-06-20,2022,6,25,BOPF,5098,5198,117,1997.95,2019.88,1977.57,56.1,318.6,0,-0.054,5194.0,4696.0
2022-06-27,2022,6,26,BOPF,4711,4999,705,2144.04,2162.61,2025.89,72.7,313.51,0,-0.0503,5226.0,4865.0
2022-07-04,2022,7,27,BOPF,5253,5375,111,2319.64,2332.66,2482.81,63.3,321.22,0,0.1048,5136.0,4799.0
2022-07-11,2022,7,28,BOPF,5302,5492,323,1989.46,1944.19,1973.43,93.5,319.12,0,-0.0882,5276.0,4948.0
2022-07-18,2022,7,29,BOPF,4854,4444,0,2189.08,2141.37,2120.36,76.7,307.37,0,0.0724,5091.0,5004.0
2022-07-25,2022,7,30,BOPF,4968,5170,141,2044.77,1980.78,2052.57,64.9,300.69,0,-0.0216,5030.0,5027.0
2022-08-01,2022,8,31,BOPF,5229,4789,0,2132.33,2097.43,2263.03,76.3,307.7,0,0.0058,5094.0,5072.0
2022-08-08,2022,8,32,BOPF,4861,4931,0,2110.66,2134.22,1897.1,82.2,310.79,0,0.0342,5088.0,5076.0
2022-08-15,2022,8,33,BOPF,5057,5202,319,1957.2,1947.17,1938.29,52.8,305.11,0,-0.0071,4978.0,5088.0
2022-08-22,2022,8,34,BOPF,4747,5242,430,1945.87,1924.48,1936.78,74.8,302.6,0,-0.071,5029.0,5095.0
2022-08-29,2022,8,35,BOPF,5104,4767,0,2109.1,2171.4,2010.58,73.6,307.55,0,0.0888,4974.0,5068.0
2022-09-05,2022,9,36,BOPF,4415,4492,39,1907.59,1872.88,1836.13,33.7,302.57,0,0.0183,4942.0,5102.0
2022-09-12,2022,9,37,BOPF,4594,4692,0,1775.3,1759.32,1864.57,76.3,302.97,0,-0.0607,4831.0,4967.0
2022-09-19,2022,9,38,BOPF,4652,4742,0,1926.69,1908.71,1976.05,40.4,302.78,0,-0.0092,4715.0,4925.0
2022-09-26,2022,9,39,BOPF,5386,5112,0,1899.97,1934.6,1908.01,64.0,297.73,0,-0.0765,4691.0,4920.0
2022-10-03,2022,10,40,BOPF,3919,3896,242,2016.85,1954.44,2104.2,58.3,297.87,0,0.0755,4762.0,4931.0
2022-10-10,2022,10,41,BOPF,4053,4107,196,1796.23,1818.15,1807.51,52.6,299.86,0,-0.0137,4638.0,4816.0
2022-10-17,2022,10,42,BOPF,5372,5621,359,1857.36,1917.98,1802.9,31.0,313.45,0,0.0277,4502.0,4749.0
2022-10-24,2022,10,43,BOPF,4443,3944,0,2006.26,1954.37,2052.19,66.1,301.7,0,0.066,4682.0,4782.0
2022-10-31,2022,10,44,BOPF,3169,3150,0,1917.31,1907.05,1982.25,64.3,300.79,0,0.0177,4447.0,4717.0
2022-11-07,2022,11,45,BOPF,3412,3257,0,1760.42,1714.05,1815.07,28.8,301.84,0,-0.0039,4259.0,4576.0
2022-11-14,2022,11,46,BOPF,4493,4735,332,1729.24,1705.83,1675.8,38.3,313.76,0,0.017,4099.0,4439.0
2022-11-21,2022,11,47,BOPF,4183,4902,385,1580.98,1586.82,1640.29,37.8,313.31,0,-0.0512,3879.0,4418.0
2022-11-28,2022,11,48,BOPF,4443,4198,26,1710.38,1680.52,1770.68,38.5,312.5,0,-0.0151,3814.0,4341.0
2022-12-05,2022,12,49,BOPF,4041,4128,439,1643.91,1680.1,1713.7,10.0,311.44,0,0.0135,4133.0,4343.0
2022-12-12,2022,12,50,BOPF,4589,4783,145,1709.24,1704.15,1743.62,45.0,304.79,0,0.023,4290.0,4297.0
2022-12-19,2022,12,51,BOPF,4523,5013,153,1676.04,1673.44,1595.91,26.7,314.71,0,-0.021,4314.0,4292.0
2022-12-26,2022,12,52,BOPF,2458,2558,125,1697.95,1694.59,1727.56,31.4,316.79,0,-0.0162,4399.0,4220.0
2023-01-02,2023,1,1,BOPF,3064,3117,82,1856.7,1878.01,1761.91,18.5,326.56,0,0.0209,3903.0,4098.0
2023-01-09,2023,1,2,BOPF,3812,3823,0,1622.6,1615.5,1616.67,13.8,317.12,0,-0.0535,3658.0,4016.0
2023-01-16,2023,1,3,BOPF,3581,3286,0,1704.55,1706.09,1708.04,14.6,323.6,0,-0.0073,3464.0,3886.0
2023-01-23,2023,1,4,BOPF,3059,3050,0,2032.28,2097.09,2087.47,18.4,312.7,0,0.0743,3229.0,3814.0
2023-01-30,2023,1,5,BOPF,3512,3788,340,1906.21,1914.76,1975.14,20.8,321.19,0,0.0383,3379.0,3805.0
2023-02-06,2023,2,6,BOPF,3820,3999,20,1872.03,1845.11,2025.52,29.1,319.99,0,0.0403,3491.0,3813.0
2023-02-13,2023,2,7,BOPF,3623,3703,55,1903.52,1919.57,1923.84,14.5,320.95,0,0.0239,3493.0,3757.0
2023-02-20,2023,2,8,BOPF,3925,4167,416,1934.23,1957.07,1923.23,41.9,316.75,0,0.0125,3504.0,3710.0
2023-02-27,2023,2,9,BOPF,3480,3305,0,1783.44,1821.43,1887.07,29.0,328.5,0,-0.0229,3720.0,3667.0
2023-03-06,2023,3,10,BOPF,4649,4521,0,1656.4,1661.21,1708.95,47.9,320.36,1,-0.0926,3712.0,3620.0
2023-03-13,2023,3,11,BOPF,4934,4770,36,1893.07,1856.14,1991.78,47.3,326.18,1,-0.0325,3919.0,3626.0
2023-03-20,2023,3,12,BOPF,3769,3493,0,1842.77,1805.33,1740.42,32.5,326.52,1,-0.013,4247.0,3660.0
2023-03-27,2023,3,13,BOPF,3960,3865,152,2007.36,2048.96,1893.1,42.2,324.71,1,0.0473,4208.0,3769.0
2023-04-03,2023,4,14,BOPF,5894,5943,248,1955.44,1926.95,1980.43,49.9,324.77,1,-0.0316,4328.0,3844.0
2023-04-10,2023,4,15,BOPF,4688,4651,296,2079.87,2097.73,2111.45,65.0,332.79,1,-0.0157,4639.0,4017.0
2023-04-17,2023,4,16,BOPF,5336,5355,96,2080.53,2144.11,2154.39,32.3,326.52,1,0.0185,4578.0,4109.0
2023-04-24,2023,4,17,BOPF,5087,4510,0,2082.89,2057.55,2113.14,78.4,325.6,1,-0.0293,4970.0,4299.0
2023-05-01,2023,5,18,BOPF,5308,5032,0,2002.21,1989.38,2133.83,34.0,325.05,0,0.03,5251.0,4430.0
2023-05-08,2023,5,19,BOPF,4485,3721,0,2104.55,2140.84,1985.33,61.1,332.32,0,-0.0312,5105.0,4554.0
2023-05-15,2023,5,20,BOPF,4723,4776,112,2073.8,2087.01,1991.54,76.2,325.03,0,-0.0095,5054.0,4626.0
2023-05-22,2023,5,21,BOPF,5035,5056,0,2063.18,2087.75,2014.5,68.3,329.0,0,-0.0045,4901.0,4693.0
2023-05-29,2023,5,22,BOPF,5199,5532,587,1971.19,2036.48,1952.03,51.8,330.92,0,-0.0438,4888.0,4822.0
2023-06-05,2023,6,23,BOPF,5097,5339,182,2148.56,2137.02,1990.74,77.2,321.01,0,-0.026,4860.0,4868.0
2023-06-12,2023,6,24,BOPF,4424,3625,0,2086.85,2066.15,2178.45,95.2,307.76,0,0.0105,5014.0,4882.0
2023-06-19,2023,6,25,BOPF,4593,4966,250,2101.08,2112.7,2101.8,83.8,328.14,0,-0.0549,4939.0,4936.0
2023-06-26,2023,6,26,BOPF,4957,4939,80,2336.56,2323.16,2407.55,74.6,313.22,0,0.057,4828.0,4989.0
2023-07-03,2023,7,27,BOPF,4777,4813,0,2170.67,2223.05,2038.07,73.5,309.08,0,0.0203,4768.0,4911.0
2023-07-10,2023,7,28,BOPF,5354,5572,0,2013.77,2050.04,2150.66,68.6,320.53,0,-0.0431,4688.0,4918.0
2023-07-17,2023,7,29,BOPF,5537,5934,277,2203.99,2217.54,2131.29,75.1,317.16,0,0.0091,4920.0,4920.0
2023-07-24,2023,7,30,BOPF,4640,4389,0,2235.83,2212.01,2310.92,87.7,317.2,0,0.0234,5156.0,4957.0
2023-07-31,2023,7,31,BOPF,5352,5196,0,2215.35,2230.87,2140.53,94.2,307.55,0,0.0502,5077.0,4902.0
2023-08-07,2023,8,32,BOPF,6308,6627,551,1987.72,2014.04,2082.22,58.6,304.4,0,0.0115,5221.0,4974.0
2023-08-14,2023,8,33,BOPF,5756,6335,417,2103.21,2078.42,2064.63,76.0,312.15,0,0.0352,5459.0,5106.0
2023-08-21,2023,8,34,BOPF,5652,5633,0,2258.69,2310.38,2133.3,83.4,319.74,0,0.043,5514.0,5166.0
2023-08-28,2023,8,35,BOPF,4659,5139,300,2096.51,2073.97,2151.47,71.5,303.64,0,-0.0032,5767.0,5204.0
2023-09-04,2023,9,36,BOPF,3771,3769,29,2012.88,2020.78,2056.82,58.1,302.7,0,0.0368,5594.0,5167.0
2023-09-11,2023,9,37,BOPF,4551,4350,18,2051.01,2065.62,2154.51,90.9,303.21,0,-0.0181,4960.0,5113.0
2023-09-18,2023,9,38,BOPF,4620,5030,353,2041.46,2003.04,2061.55,75.6,318.12,0,0.0249,4658.0,5110.0
2023-09-25,2023,9,39,BOPF,5532,5706,135,1871.61,1868.51,1889.81,50.7,299.95,0,-0.0318,4400.0,5081.0
2023-10-02,2023,10,40,BOPF,2888,2924,0,1922.5,1910.83,1916.28,65.1,309.74,0,0.0045,4618.0,5144.0
2023-10-09,2023,10,41,BOPF,4224,4406,0,1869.44,1813.46,1965.23,43.9,304.6,0,-0.0094,4398.0,4939.0
2023-10-16,2023,10,42,BOPF,4454,4423,21,1757.12,1751.14,1738.45,61.0,304.29,0,-0.0122,4316.0,4829.0
2023-10-23,2023,10,43,BOPF,4537,4602,81,1912.75,1880.4,1911.67,45.8,307.16,0,0.0251,4274.0,4814.0
2023-10-30,2023,10,44,BOPF,4895,4933,9,2167.64,2269.24,2243.14,58.0,309.24,0,0.102,4026.0,4746.0
2023-11-06,2023,11,45,BOPF,3617,3352,0,1926.07,1934.83,1975.07,27.9,305.31,0,0.0253,4528.0,4628.0
2023-11-13,2023,11,46,BOPF,4930,5062,31,1903.88,1915.5,1948.61,55.3,316.43,0,-0.015,4376.0,4450.0
2023-11-20,2023,11,47,BOPF,4053,4310,246,1908.47,1920.95,1802.41,53.8,314.82,0,0.0096,4495.0,4390.0
2023-11-27,2023,11,48,BOPF,5579,4876,0,1787.79,1790.27,1801.56,43.5,320.05,0,-0.0059,4374.0,4339.0
2023-12-04,2023,12,49,BOPF,3881,3508,82,1671.57,1669.63,1622.42,54.7,313.73,0,-0.0842,4545.0,4490.0
2023-12-11,2023,12,50,BOPF,3315,3456,144,1780.07,1770.41,1693.45,35.0,315.86,0,-0.0075,4611.0,4434.0
2023-12-18,2023,12,51,BOPF,3931,3762,0,1865.11,1864.48,1902.79,8.0,320.09,0,0.0034,4207.0,4325.0
2023-12-25,2023,12,52,BOPF,3688,3630,0,1750.04,1778.63,1653.4,49.1,313.6,0,0.0208,4176.0,4192.0
2024-01-01,2024,1,1,BOPF,3535,3532,24,1834.81,1853.82,1795.97,24.9,329.18,0,0.0299,3704.0,4259.0
2024-01-08,2024,1,2,BOPF,4054,3830,122,1837.17,1765.33,1810.06,17.0,320.89,0,-0.0179,3617.0,4201.0
2024-01-15,2024,1,3,BOPF,4932,4935,0,1829.95,1811.14,1742.19,27.6,321.75,0,0.0144,3802.0,4168.0
2024-01-22,2024,1,4,BOPF,3293,3131,0,1656.92,1639.07,1625.98,32.3,323.62,0,-0.0624,4052.0,4201.0
2024-01-29,2024,1,5,BOPF,3348,3621,151,1820.79,1879.74,1851.08,29.9,327.78,0,-0.0256,3954.0,4067.0
2024-02-05,2024,2,6,BOPF,4427,4486,0,1787.44,1779.56,1773.59,14.2,322.43,0,0.0075,3907.0,4045.0
2024-02-12,2024,2,7,BOPF,4132,4420,180,1814.91,1837.19,1842.17,0.0,314.74,0,-0.011,4000.0,4003.0
2024-02-19,2024,2,8,BOPF,4164,4501,34,1765.8,1825.29,1825.29,15.2,322.54,0,-0.0223,3800.0,4010.0
2024-02-26,2024,2,9,BOPF,3746,3480,0,1887.31,1872.87,1738.14,37.2,322.88,0,-0.0306,4018.0,3892.0
2024-03-04,2024,3,10,BOPF,4929,5433,282,1946.88,1892.1,1912.47,14.8,335.95,1,-0.0089,4117.0,3880.0
2024-03-11,2024,3,11,BOPF,3525,3682,183,2007.85,2011.17,2010.8,51.5,337.45,1,-0.0193,4243.0,4015.0
2024-03-18,2024,3,12,BOPF,5004,4631,0,2136.62,2071.71,2179.74,44.6,329.35,1,0.0291,4091.0,3981.0
2024-03-25,2024,3,13,BOPF,4371,4477,71,1934.61,1915.58,2037.38,9.9,338.51,1,-0.0146,4301.0,4091.0
2024-04-01,2024,4,14,BOPF,5333,5706,228,2186.94,2231.69,2330.71,29.8,328.53,1,0.0077,4457.0,4160.0
2024-04-08,2024,4,15,BOPF,5056,4957,0,2209.43,2186.85,1983.75,76.5,333.62,1,0.0264,4558.0,4267.0
2024-04-15,2024,4,16,BOPF,5550,5491,0,2193.04,2261.82,2320.04,61.4,319.54,1,0.0544,4941.0,4277.0
2024-04-22,2024,4,17,BOPF,4632,4645,0,2122.17,2081.8,2093.15,70.2,329.75,1,0.0072,5078.0,4465.0
2024-04-29,2024,4,18,BOPF,4740,4868,75,2304.77,2323.12,2341.15,51.3,322.32,1,0.0759,5143.0,4572.0
2024-05-06,2024,5,19,BOPF,5174,4870,0,2165.95,2149.32,2183.48,43.0,318.08,0,0.0008,4994.0,4598.0
2024-05-13,2024,5,20,BOPF,4922,5057,554,2096.81,2126.08,1993.43,71.8,324.46,0,-0.0521,5024.0,4685.0
2024-05-20,2024,5,21,BOPF,3713,3865,0,2484.73,2495.61,2401.06,61.5,330.95,0,0.1081,4867.0,4748.0
2024-05-27,2024,5,22,BOPF,4665,4407,0,2088.38,2065.61,2332.91,42.6,313.91,0,-0.0479,4637.0,4746.0
2024-06-03,2024,6,23,BOPF,4086,4427,475,2326.13,2288.1,2356.02,61.3,315.46,0,0.0508,4618.0,4724.0
2024-06-10,2024,6,24,BOPF,5853,5770,0,2075.36,2071.76,2179.76,100.0,317.99,0,-0.116,4346.0,4770.0
2024-06-17,2024,6,25,BOPF,5350,5724,40,2053.57,2073.81,2122.04,87.6,321.4,0,-0.0528,4579.0,4841.0
2024-06-24,2024,6,26,BOPF,5817,5468,0,2170.03,2197.07,2190.85,82.7,317.06,0,-0.0861,4988.0,4923.0
2024-07-01,2024,7,27,BOPF,5928,6317,484,2092.2,2089.74,2129.57,56.2,324.8,0,-0.0128,5276.0,4963.0
2024-07-08,2024,7,28,BOPF,5304,5304,306,2444.7,2427.29,2455.41,94.3,324.04,0,0.0327,5737.0,5036.0
2024-07-15,2024,7,29,BOPF,5007,5408,710,2198.69,2142.48,2119.94,86.8,325.34,0,0.0074,5600.0,5015.0
2024-07-22,2024,7,30,BOPF,4780,4917,0,2375.08,2340.56,2473.97,100.0,311.4,0,0.0425,5514.0,5047.0
2024-07-29,2024,7,31,BOPF,5911,5832,0,2246.37,2245.63,2307.77,94.3,312.23,0,0.0018,5255.0,5050.0
2024-08-05,2024,8,32,BOPF,4802,5260,633,2169.11,2157.69,2155.49,70.3,307.07,0,0.0053,5250.0,5111.0
2024-08-12,2024,8,33,BOPF,6088,6133,0,2111.49,2108.82,2055.77,99.7,310.77,0,-0.0465,5125.0,5101.0
2024-08-19,2024,8,34,BOPF,6082,5861,0,2117.82,2078.04,2230.7,64.6,313.77,0,0.0021,5395.0,5299.0
2024-08-26,2024,8,35,BOPF,6078,6011,0,2077.31,2060.55,2084.33,87.1,310.81,0,-0.0145,5721.0,5417.0
2024-09-02,2024,9,36,BOPF,5308,5249,183,2029.77,2064.56,2024.21,35.8,315.59,0,0.0451,5762.0,5583.0
2024-09-09,2024,9,37,BOPF,5127,5076,0,2086.29,2047.66,2076.8,58.3,310.94,0,0.0276,5889.0,5538.0
2024-09-16,2024,9,38,BOPF,5805,5929,136,2072.18,2125.0,2057.95,61.1,309.0,0,-0.0171,5649.0,5519.0
2024-09-23,2024,9,39,BOPF,4960,5014,141,2113.38,2109.9,2139.29,72.6,312.38,0,-0.0146,5580.0,5518.0
2024-09-30,2024,9,40,BOPF,5177,4747,0,2010.31,2031.53,1857.55,44.8,308.34,0,-0.013,5300.0,5438.0
2024-10-07,2024,10,41,BOPF,3812,3952,347,1939.54,1944.56,1754.84,40.0,310.06,0,0.0212,5267.0,5427.0
2024-10-14,2024,10,42,BOPF,5045,4674,0,1915.94,1906.05,2013.16,56.6,303.29,0,-0.0484,4938.0,5328.0
2024-10-21,2024,10,43,BOPF,4928,4137,0,1947.45,1927.33,1867.74,62.3,305.8,0,-0.0274,4748.0,5350.0
2024-10-28,2024,10,44,BOPF,4648,4692,275,1918.8,1868.11,2083.28,53.3,317.54,0,-0.0077,4740.0,5268.0
2024-11-04,2024,11,45,BOPF,4066,4111,0,1769.82,1767.71,1649.35,35.9,316.33,0,-0.0516,4608.0,5255.0
2024-11-11,2024,11,46,BOPF,4425,4133,67,1785.18,1738.33,1756.82,23.6,310.6,0,-0.0305,4672.0,5086.0
2024-11-18,2024,11,47,BOPF,4699,4734,222,1781.44,1790.02,1734.0,31.8,315.4,0,-0.0501,4517.0,4948.0
2024-11-25,2024,11,48,BOPF,3922,3824,0,1681.84,1634.76,1665.06,52.9,313.74,0,-0.033,4460.0,4833.0
2024-12-02,2024,12,49,BOPF,5738,5384,0,1824.92,1854.55,1849.15,13.8,318.63,0,0.0059,4278.0,4718.0
2024-12-09,2024,12,50,BOPF,4001,3468,0,2000.6,1975.42,1998.04,56.1,318.11,0,0.0165,4696.0,4769.0
2024-12-16,2024,12,51,BOPF,3653,3625,0,1762.4,1679.55,1880.33,42.5,313.16,0,-0.0113,4590.0,4618.0
2024-12-23,2024,12,52,BOPF,3241,3128,0,1730.74,1690.01,1794.99,6.7,319.69,0,-0.03,4328.0,4510.0
2021-01-04,2021,1,1,Dust,5509,5545,0,1094.09,1095.57,1031.74,17.9,313.24,0,0.0199,,
2021-01-11,2021,1,2,Dust,5635,5747,307,1082.01,1102.16,1045.69,32.3,305.15,0,-0.0423,5509.0,5509.0
2021-01-18,2021,1,3,Dust,6017,6366,208,1107.3,1095.57,1130.03,35.1,314.3,0,-0.0029,5572.0,5572.0
2021-01-25,2021,1,4,Dust,4843,5013,608,1074.08,1054.54,1134.35,0.0,311.59,0,-0.0094,5720.0,5720.0
2021-02-01,2021,2,5,Dust,6730,6921,0,1086.72,1093.09,1055.67,31.1,310.25,0,-0.0425,5501.0,5501.0
2021-02-08,2021,2,6,Dust,3976,3869,64,1172.47,1170.76,1132.76,36.4,325.41,0,0.0165,5806.0,5747.0
2021-02-15,2021,2,7,Dust,5832,5267,0,1105.99,1157.19,1023.38,6.9,318.72,0,0.0023,5392.0,5452.0
2021-02-22,2021,2,8,Dust,4612,4962,208,1208.43,1233.38,1134.99,24.7,314.58,0,0.0087,5345.0,5506.0
2021-03-01,2021,3,9,Dust,5596,5386,0,1077.14,1073.87,1102.49,16.3,326.79,1,-0.0101,5288.0,5394.0
2021-03-08,2021,3,10,Dust,5485,5215,148,1223.05,1219.87,1227.8,47.2,322.45,1,0.0123,5004.0,5417.0
2021-03-15,2021,3,11,Dust,4972,4672,0,1218.37,1239.27,1210.58,21.5,320.23,1,-0.0005,5381.0,5424.0
2021-03-22,2021,3,12,Dust,6560,6934,258,1186.38,1189.95,1202.6,45.4,318.25,1,0.0161,5166.0,5382.0
2021-03-29,2021,3,13,Dust,6857,7579,672,1128.3,1154.91,1131.35,55.3,319.95,1,-0.0685,5653.0,5481.0
2021-04-05,2021,4,14,Dust,5265,5097,0,1140.03,1161.81,1095.08,32.3,310.45,1,-0.0703,5968.0,5593.0
2021-04-12,2021,4,15,Dust,4258,3981,60,1225.59,1207.05,1155.87,53.2,320.07,1,-0.028,5914.0,5562.0
2021-04-19,2021,4,16,Dust,5285,4755,0,1273.23,1248.34,1278.29,34.4,319.51,1,0.0216,5735.0,5416.0
2021-04-26,2021,4,17,Dust,5780,5868,155,1222.45,1224.57,1214.84,36.4,323.34,1,0.0104,5416.0,5452.0
2021-05-03,2021,5,18,Dust,4232,4115,0,1439.22,1504.58,1449.69,78.1,318.07,0,0.083,5147.0,5373.0
2021-05-10,2021,5,19,Dust,4621,4683,0,1346.41,1349.36,1385.5,57.3,317.78,0,0.0415,4889.0,5394.0
2021-05-17,2021,5,20,Dust,5346,5259,0,1287.79,1305.72,1383.03,65.8,323.91,0,-0.005,4980.0,5294.0
2021-05-24,2021,5,21,Dust,3507,3657,101,1223.11,1210.28,1247.05,56.8,317.47,0,-0.0229,4995.0,5355.0
2021-05-31,2021,5,22,Dust,4342,4247,0,1340.02,1369.59,1346.14,73.9,315.18,0,0.0246,4426.0,5181.0
2021-06-07,2021,6,23,Dust,4049,3720,0,1307.12,1291.13,1233.57,81.2,313.05,0,0.0007,4454.0,5085.0
2021-06-14,2021,6,24,Dust,5215,5390,391,1356.83,1320.59,1377.46,67.3,315.31,0,0.028,4311.0,5008.0
2021-06-21,2021,6,25,Dust,4926,5188,278,1324.31,1351.64,1245.62,56.8,308.19,0,0.0109,4278.0,4896.0
2021-06-28,2021,6,26,Dust,4056,3904,0,1435.78,1506.29,1399.15,99.7,309.84,0,0.0581,4633.0,4736.0
2021-07-05,2021,7,27,Dust,5039,5354,451,1346.81,1414.88,1318.21,89.5,312.31,0,-0.0221,4562.0,4635.0
2021-07-12,2021,7,28,Dust,5653,5859,243,1371.67,1414.94,1366.44,96.0,315.99,0,0.0203,4809.0,4700.0
2021-07-19,2021,7,29,Dust,5411,5490,30,1310.56,1270.57,1274.29,57.2,306.21,0,0.0478,4918.0,4730.0
2021-07-26,2021,7,30,Dust,5876,5535,0,1294.3,1313.98,1334.98,88.5,310.14,0,0.0183,5040.0,4700.0
2021-08-02,2021,8,31,Dust,7690,7781,0,1259.54,1311.82,1224.82,45.4,305.62,0,0.0083,5495.0,4837.0
2021-08-09,2021,8,32,Dust,4715,5132,693,1404.61,1429.43,1441.26,100.0,308.05,0,0.0857,6158.0,5092.0
2021-08-16,2021,8,33,Dust,5972,5846,0,1283.65,1322.18,1327.31,93.6,307.69,0,-0.001,5923.0,5040.0
2021-08-23,2021,8,34,Dust,6665,6725,132,1261.6,1267.09,1305.51,74.9,303.98,0,-0.0079,6063.0,5245.0
2021-08-30,2021,8,35,Dust,5393,4927,0,1293.78,1289.3,1294.59,58.8,311.64,0,0.0255,6260.0,5439.0
2021-09-06,2021,9,36,Dust,6167,6233,344,1193.14,1190.79,1145.96,54.7,314.16,0,0.0404,5686.0,5551.0
2021-09-13,2021,9,37,Dust,6141,6470,270,1289.96,1257.87,1254.21,50.5,302.98,0,0.022,6049.0,5630.0
2021-09-20,2021,9,38,Dust,5892,5904,0,1223.34,1198.51,1191.57,74.5,304.21,0,0.0124,6092.0,5732.0
2021-09-27,2021,9,39,Dust,7034,6903,0,1260.26,1318.72,1280.09,46.9,310.34,0,0.0491,5898.0,5884.0
2021-10-04,2021,10,40,Dust,7657,8295,749,1195.62,1206.97,1194.42,33.4,291.19,0,0.0203,6308.0,6051.0
2021-10-11,2021,10,41,Dust,7956,7247,0,1164.36,1174.54,1219.81,57.9,301.72,0,0.0023,6681.0,6218.0
2021-10-18,2021,10,42,Dust,7743,7461,83,1231.02,1225.87,1198.07,41.4,289.39,0,0.0304,7135.0,6430.0
2021-10-25,2021,10,43,Dust,7993,8259,357,1296.64,1288.27,1283.63,73.4,302.91,0,0.0521,7598.0,6585.0
2021-11-01,2021,11,44,Dust,6039,6183,13,1156.79,1183.94,1165.17,43.1,308.66,0,0.0203,7837.0,6611.0
2021-11-08,2021,11,45,Dust,6972,7147,0,1157.78,1139.61,1187.8,74.0,306.8,0,0.0096,7433.0,6721.0
2021-11-15,2021,11,46,Dust,8178,7617,0,1143.17,1165.01,1147.21,13.7,295.96,0,0.0373,7187.0,6804.0
2021-11-22,2021,11,47,Dust,8868,8624,0,979.67,979.13,1049.12,62.8,311.77,0,-0.041,7296.0,6930.0
2021-11-29,2021,11,48,Dust,7158,6464,0,1083.85,1054.44,1104.07,21.8,302.53,0,-0.0081,7514.0,7220.0
2021-12-06,2021,12,49,Dust,7018,6911,0,1071.56,1074.19,1141.2,34.4,308.63,0,0.0172,7794.0,7303.0
2021-12-13,2021,12,50,Dust,7905,7867,52,1103.31,1079.75,1104.38,17.6,314.65,0,-0.0301,7806.0,7376.0
2021-12-20,2021,12,51,Dust,8052,7896,87,1093.3,1084.73,1052.96,28.9,311.08,0,0.0232,7737.0,7543.0
2021-12-27,2021,12,52,Dust,8381,8314,0,1081.92,1076.7,1111.03,6.3,317.28,0,0.013,7533.0,7628.0
2022-01-03,2022,1,1,Dust,6243,6179,0,1093.64,1114.43,1168.47,22.9,316.15,0,0.0133,7839.0,7689.0
2022-01-10,2022,1,2,Dust,6408,6122,0,1139.68,1178.32,1111.3,0.0,317.24,0,0.04,7645.0,7546.0
2022-01-17,2022,1,3,Dust,6760,6966,0,996.86,960.91,933.69,31.4,315.51,0,-0.0602,7271.0,7435.0
2022-01-24,2022,1,4,Dust,6320,6271,0,1002.1,1004.28,1000.77,0.0,312.7,0,-0.0356,6948.0,7332.0
2022-01-31,2022,1,5,Dust,5926,6203,539,1153.9,1128.38,1143.98,26.4,314.22,0,0.0388,6433.0,7355.0
2022-02-07,2022,2,6,Dust,5609,5080,0,1254.94,1264.22,1249.55,5.5,315.57,0,0.0646,6354.0,7268.0
2022-02-14,2022,2,7,Dust,6700,6739,100,999.61,1004.68,1018.31,15.9,315.59,0,-0.072,6154.0,7054.0
2022-02-21,2022,2,8,Dust,3026,3145,157,1166.65,1193.1,1194.35,40.9,320.18,0,-0.0012,6139.0,6873.0
2022-02-28,2022,2,9,Dust,4077,4129,52,1075.47,1058.43,1062.22,3.3,318.1,0,-0.0389,5315.0,6529.0
2022-03-07,2022,3,10,Dust,4875,4867,0,1225.68,1293.33,1244.92,47.4,320.94,1,-0.0376,4853.0,6284.0
2022-03-14,2022,3,11,Dust,6138,6593,472,1212.32,1246.82,1257.23,34.9,320.81,1,0.0,4670.0,6031.0
2022-03-21,2022,3,12,Dust,6341,5888,0,1209.17,1187.36,1167.11,35.0,325.87,1,-0.018,4529.0,5872.0
2022-03-28,2022,3,13,Dust,5468,5976,260,1222.85,1214.19,1194.79,20.0,326.83,1,0.0016,5358.0,5702.0
2022-04-04,2022,4,14,Dust,5316,5630,298,1299.35,1266.67,1287.19,26.0,319.11,1,0.0596,5706.0,5637.0
2022-04-11,2022,4,15,Dust,5341,4926,0,1403.7,1454.36,1392.98,50.1,322.28,1,0.0809,5816.0,5546.0
2022-04-18,2022,4,16,Dust,5650,5654,0,1258.63,1281.1,1197.65,63.2,320.8,1,0.0242,5616.0,5428.0
2022-04-25,2022,4,17,Dust,4255,4234,48,1411.55,1361.34,1429.6,51.6,318.26,1,0.0647,5444.0,5372.0
2022-05-02,2022,5,18,Dust,3842,3753,0,1319.85,1280.17,1375.39,75.0,324.62,0,-0.046,5140.0,5233.0
2022-05-09,2022,5,19,Dust,5326,5509,283,1354.95,1313.82,1335.6,91.9,322.88,0,-0.0128,4772.0,5086.0
2022-05-16,2022,5,20,Dust,3425,3195,17,1250.91,1289.28,1224.1,32.7,326.52,0,-0.021,4768.0,4971.0
2022-05-23,2022,5,21,Dust,4130,4173,0,1260.57,1265.8,1264.07,45.1,318.16,0,-0.0144,4212.0,5004.0
2022-05-30,2022,5,22,Dust,4567,4628,0,1319.52,1292.61,1318.28,77.3,327.02,0,-0.0459,4181.0,5009.0
2022-06-06,2022,6,23,Dust,4597,4607,146,1270.0,1292.08,1315.07,86.3,315.83,0,-0.0517,4362.0,4983.0
2022-06-13,2022,6,24,Dust,5369,5552,376,1388.04,1380.27,1431.92,72.5,324.56,0,0.0289,4180.0,4855.0
2022-06-20,2022,6,25,Dust,5816,5495,0,1233.74,1245.43,1188.02,56.1,318.6,0,-0.054,4666.0,4774.0
2022-06-27,2022,6,26,Dust,4880,4588,0,1266.43,1272.9,1221.07,72.7,313.51,0,-0.0503,5087.0,4803.0
2022-07-04,2022,7,27,Dust,6809,6608,0,1384.35,1367.55,1396.05,63.3,321.22,0,0.1048,5166.0,4766.0
2022-07-11,2022,7,28,Dust,6462,6538,138,1249.87,1237.88,1264.7,93.5,319.12,0,-0.0882,5718.0,4889.0
2022-07-18,2022,7,29,Dust,5973,5483,0,1410.93,1427.78,1357.41,76.7,307.37,0,0.0724,5992.0,4956.0
2022-07-25,2022,7,30,Dust,4595,4766,436,1325.75,1363.7,1383.12,64.9,300.69,0,-0.0216,6031.0,5100.0
2022-08-01,2022,8,31,Dust,7448,8200,864,1374.9,1354.48,1348.21,76.3,307.7,0,0.0058,5960.0,5162.0
2022-08-08,2022,8,32,Dust,5894,5983,253,1390.81,1368.44,1440.62,82.2,310.79,0,0.0342,6120.0,5339.0
2022-08-15,2022,8,33,Dust,7151,6384,0,1245.74,1244.96,1203.46,52.8,305.11,0,-0.0071,5978.0,5545.0
2022-08-22,2022,8,34,Dust,6274,5632,0,1274.48,1272.9,1322.98,74.8,302.6,0,-0.071,6272.0,5797.0
2022-08-29,2022,8,35,Dust,5378,5597,300,1431.5,1416.29,1459.21,73.6,307.55,0,0.0888,6692.0,5939.0
2022-09-05,2022,9,36,Dust,10431,9126,0,1266.99,1272.45,1292.75,33.7,302.57,0,0.0183,6174.0,6004.0
2022-09-12,2022,9,37,Dust,8613,9122,682,1202.8,1200.0,1213.13,76.3,302.97,0,-0.0607,7308.0,6426.0
2022-09-19,2022,9,38,Dust,6671,6459,0,1254.9,1227.13,1213.51,40.4,302.78,0,-0.0092,7674.0,6659.0
2022-09-26,2022,9,39,Dust,6486,6516,81,1181.05,1182.75,1171.02,64.0,297.73,0,-0.0765,7773.0,6808.0
2022-10-03,2022,10,40,Dust,7774,7536,0,1220.88,1211.39,1230.18,58.3,297.87,0,0.0755,8050.0,6781.0
2022-10-10,2022,10,41,Dust,7778,7622,0,1180.36,1151.98,1161.68,52.6,299.86,0,-0.0137,7386.0,6891.0
2022-10-17,2022,10,42,Dust,8137,7715,0,1129.86,1147.03,1125.59,31.0,313.45,0,0.0277,7177.0,7041.0
2022-10-24,2022,10,43,Dust,5736,6189,467,1274.68,1271.13,1312.39,66.1,301.7,0,0.066,7544.0,7336.0
2022-10-31,2022,10,44,Dust,7791,7507,0,1180.22,1182.8,1242.94,64.3,300.79,0,0.0177,7356.0,7194.0
2022-11-07,2022,11,45,Dust,9236,8893,0,1187.18,1177.45,1221.01,28.8,301.84,0,-0.0039,7360.0,7352.0
2022-11-14,2022,11,46,Dust,6601,6265,0,1207.8,1224.59,1221.51,38.3,313.76,0,0.017,7725.0,7525.0
2022-11-21,2022,11,47,Dust,8700,9449,701,1077.53,1058.54,1046.83,37.8,313.31,0,-0.0512,7341.0,7553.0
2022-11-28,2022,11,48,Dust,5583,6010,494,1094.15,1087.85,1156.23,38.5,312.5,0,-0.0151,8082.0,7830.0
2022-12-05,2022,12,49,Dust,8080,8310,229,1070.83,1037.66,1081.88,10.0,311.44,0,0.0135,7530.0,7426.0
2022-12-12,2022,12,50,Dust,5154,5295,0,1137.32,1133.55,1140.89,45.0,304.79,0,0.023,7241.0,7381.0
2022-12-19,2022,12,51,Dust,5849,5567,0,1085.2,1103.9,1091.24,26.7,314.71,0,-0.021,6879.0,7255.0
2022-12-26,2022,12,52,Dust,7574,6766,0,1071.6,1069.94,1089.85,31.4,316.79,0,-0.0162,6166.0,7202.0
2023-01-02,2023,1,1,Dust,7625,7452,0,1149.02,1081.7,1243.38,18.5,326.56,0,0.0209,6664.0,7185.0
2023-01-09,2023,1,2,Dust,5243,5140,0,1128.24,1143.24,1086.51,13.8,317.12,0,-0.0535,6550.0,7172.0
2023-01-16,2023,1,3,Dust,6050,6641,474,1045.0,1055.51,940.78,14.6,323.6,0,-0.0073,6573.0,6931.0
2023-01-23,2023,1,4,Dust,6272,6513,265,1251.49,1314.35,1159.38,18.4,312.7,0,0.0743,6623.0,6957.0
2023-01-30,2023,1,5,Dust,7702,7518,29,1146.1,1130.15,1104.01,20.8,321.19,0,0.0383,6298.0,6831.0
2023-02-06,2023,2,6,Dust,5840,5146,0,1291.32,1314.43,1220.41,29.1,319.99,0,0.0403,6317.0,6703.0
2023-02-13,2023,2,7,Dust,5819,5946,128,1227.34,1238.26,1186.81,14.5,320.95,0,0.0239,6466.0,6639.0
2023-02-20,2023,2,8,Dust,5820,6265,414,1249.74,1228.48,1373.97,41.9,316.75,0,0.0125,6408.0,6399.0
2023-02-27,2023,2,9,Dust,6587,7260,345,1253.4,1248.85,1248.07,29.0,328.5,0,-0.0229,6295.0,6419.0
2023-03-06,2023,3,10,Dust,5446,5219,0,1129.09,1136.52,1185.67,47.9,320.36,1,-0.0926,6016.0,6295.0
2023-03-13,2023,3,11,Dust,6061,5739,0,1182.53,1193.51,1156.49,47.3,326.18,1,-0.0325,5918.0,6319.0
2023-03-20,2023,3,12,Dust,4698,4585,0,1218.61,1215.59,1199.23,32.5,326.52,1,-0.013,5978.0,6337.0
2023-03-27,2023,3,13,Dust,6705,6259,0,1267.54,1254.24,1292.57,42.2,324.71,1,0.0473,5698.0,6097.0
2023-04-03,2023,4,14,Dust,5968,5181,0,1212.22,1190.63,1209.11,49.9,324.77,1,-0.0316,5728.0,6020.0
2023-04-10,2023,4,15,Dust,6194,6171,348,1318.49,1316.18,1347.41,65.0,332.79,1,-0.0157,5858.0,6081.0
2023-04-17,2023,4,16,Dust,4594,5196,716,1313.22,1279.63,1340.29,32.3,326.52,1,0.0185,5891.0,6093.0
2023-04-24,2023,4,17,Dust,5357,4687,0,1384.33,1471.6,1322.12,78.4,325.6,1,-0.0293,5865.0,5953.0
2023-05-01,2023,5,18,Dust,5477,5306,0,1375.0,1359.07,1348.55,34.0,325.05,0,0.03,5528.0,5757.0
2023-05-08,2023,5,19,Dust,4188,4233,137,1441.91,1438.9,1464.59,61.1,332.32,0,-0.0312,5406.0,5727.0
2023-05-15,2023,5,20,Dust,3169,3418,204,1405.64,1386.01,1500.02,76.2,325.03,0,-0.0095,4904.0,5591.0
2023-05-22,2023,5,21,Dust,4844,4294,0,1319.26,1362.26,1299.59,68.3,329.0,0,-0.0045,4548.0,5370.0
2023-05-29,2023,5,22,Dust,5283,5263,205,1321.48,1318.97,1294.27,51.8,330.92,0,-0.0438,4420.0,5225.0
2023-06-05,2023,6,23,Dust,4699,4534,0,1362.27,1369.85,1334.52,77.2,321.01,0,-0.026,4371.0,5212.0
2023-06-12,2023,6,24,Dust,5501,6113,515,1475.16,1420.3,1477.84,95.2,307.76,0,0.0105,4499.0,5098.0
2023-06-19,2023,6,25,Dust,6105,6083,193,1287.96,1292.19,1401.11,83.8,328.14,0,-0.0549,5082.0,5165.0
2023-06-26,2023,6,26,Dust,3791,4054,457,1474.94,1485.68,1598.43,74.6,313.22,0,0.057,5397.0,5115.0
2023-07-03,2023,7,27,Dust,5732,6077,119,1349.34,1362.69,1370.04,73.5,309.08,0,0.0203,5024.0,4934.0
2023-07-10,2023,7,28,Dust,4964,4683,0,1304.0,1304.71,1301.53,68.6,320.53,0,-0.0431,5282.0,4895.0
2023-07-17,2023,7,29,Dust,6035,6098,0,1481.58,1490.33,1435.56,75.1,317.16,0,0.0091,5148.0,4926.0
2023-07-24,2023,7,30,Dust,3903,3949,167,1412.39,1410.66,1352.59,87.7,317.2,0,0.0234,5130.0,4982.0
2023-07-31,2023,7,31,Dust,4976,5005,125,1506.17,1447.83,1460.3,94.2,307.55,0,0.0502,5158.0,4851.0
2023-08-07,2023,8,32,Dust,7752,7196,0,1330.94,1351.08,1256.7,58.6,304.4,0,0.0115,4970.0,4917.0
2023-08-14,2023,8,33,Dust,6289,5935,0,1398.13,1364.94,1457.29,76.0,312.15,0,0.0352,5666.0,5299.0
2023-08-21,2023,8,34,Dust,7498,7452,0,1350.57,1334.43,1370.57,83.4,319.74,0,0.043,5730.0,5419.0
2023-08-28,2023,8,35,Dust,6339,6655,357,1337.7,1306.21,1435.11,71.5,303.64,0,-0.0032,6629.0,5604.0
2023-09-04,2023,9,36,Dust,5603,6087,381,1355.26,1332.52,1358.94,58.1,302.7,0,0.0368,6970.0,5740.0
2023-09-11,2023,9,37,Dust,8005,8781,497,1305.84,1299.95,1378.39,90.9,303.21,0,-0.0181,6432.0,5749.0
2023-09-18,2023,9,38,Dust,8459,8896,487,1367.62,1341.29,1405.52,75.6,318.12,0,0.0249,6861.0,5907.0
2023-09-25,2023,9,39,Dust,7097,7349,333,1213.97,1237.16,1212.09,50.7,299.95,0,-0.0318,7102.0,6296.0
2023-10-02,2023,10,40,Dust,8193,8981,730,1265.83,1278.38,1265.91,65.1,309.74,0,0.0045,7291.0,6410.0
2023-10-09,2023,10,41,Dust,7892,8461,349,1202.09,1146.31,1239.72,43.9,304.6,0,-0.0094,7938.0,6679.0
2023-10-16,2023,10,42,Dust,7573,7916,0,1191.32,1206.86,1259.34,61.0,304.29,0,-0.0122,7910.0,6834.0
2023-10-23,2023,10,43,Dust,8493,8420,160,1222.78,1203.06,1226.48,45.8,307.16,0,0.0251,7689.0,7140.0
2023-10-30,2023,10,44,Dust,6860,6308,0,1313.45,1319.57,1281.51,58.0,309.24,0,0.102,8038.0,7433.0
2023-11-06,2023,11,45,Dust,7907,7516,0,1223.35,1211.2,1166.91,27.9,305.31,0,0.0253,7704.0,7358.0
2023-11-13,2023,11,46,Dust,7670,7708,0,1208.96,1175.11,1237.36,55.3,316.43,0,-0.015,7708.0,7493.0
2023-11-20,2023,11,47,Dust,6586,6043,0,1197.83,1173.67,1097.89,53.8,314.82,0,0.0096,7732.0,7508.0
2023-11-27,2023,11,48,Dust,8343,7975,0,1196.05,1165.57,1246.21,43.5,320.05,0,-0.0059,7256.0,7528.0
2023-12-04,2023,12,49,Dust,8047,7229,0,1042.86,1076.73,1058.84,54.7,313.73,0,-0.0842,7626.0,7756.0
2023-12-11,2023,12,50,Dust,6190,6264,94,1096.62,1091.8,1123.36,35.0,315.86,0,-0.0075,7662.0,7760.0
2023-12-18,2023,12,51,Dust,6636,6654,0,1124.07,1133.07,1133.14,8.0,320.09,0,0.0034,7292.0,7571.0
2023-12-25,2023,12,52,Dust,6682,6451,0,1213.84,1231.54,1180.22,49.1,313.6,0,0.0208,7304.0,7532.0
2024-01-01,2024,1,1,Dust,6646,6249,0,1179.32,1186.63,1119.24,24.9,329.18,0,0.0299,6889.0,7407.0
2024-01-08,2024,1,2,Dust,7692,8227,433,1156.72,1174.55,1266.92,17.0,320.89,0,-0.0179,6538.0,7303.0
2024-01-15,2024,1,3,Dust,6846,7190,323,1288.05,1252.04,1350.01,27.6,321.75,0,0.0144,6914.0,7313.0
2024-01-22,2024,1,4,Dust,9498,8814,0,1060.24,1075.6,1114.98,32.3,323.62,0,-0.0624,6966.0,7175.0
2024-01-29,2024,1,5,Dust,6850,7294,418,1145.26,1164.91,1170.62,29.9,327.78,0,-0.0256,7670.0,7395.0
2024-02-05,2024,2,6,Dust,5418,5305,41,1188.39,1176.55,1164.03,14.2,322.43,0,0.0075,7722.0,7307.0
2024-02-12,2024,2,7,Dust,4986,4649,0,1163.99,1152.61,1237.97,0.0,314.74,0,-0.011,7153.0,7120.0
2024-02-19,2024,2,8,Dust,6331,6007,0,1134.43,1125.42,1158.68,15.2,322.54,0,-0.0223,6688.0,6986.0
2024-02-26,2024,2,9,Dust,6095,6527,500,1185.36,1201.67,1156.3,37.2,322.88,0,-0.0306,5896.0,6818.0
2024-03-04,2024,3,10,Dust,6184,6746,638,1261.81,1268.1,1245.32,14.8,335.95,1,-0.0089,5708.0,6656.0
2024-03-11,2024,3,11,Dust,6055,5552,0,1347.47,1366.42,1376.21,51.5,337.45,1,-0.0193,5899.0,6655.0
2024-03-18,2024,3,12,Dust,7927,7424,0,1390.63,1396.48,1381.71,44.6,329.35,1,0.0291,6166.0,6607.0
2024-03-25,2024,3,13,Dust,6350,5969,0,1263.56,1291.05,1298.52,9.9,338.51,1,-0.0146,6565.0,6711.0
2024-04-01,2024,4,14,Dust,5495,5424,123,1348.44,1360.82,1338.29,29.8,328.53,1,0.0077,6629.0,6686.0
2024-04-08,2024,4,15,Dust,4711,4910,615,1463.42,1467.85,1480.89,76.5,333.62,1,0.0264,6457.0,6503.0
2024-04-15,2024,4,16,Dust,5940,5323,0,1427.22,1386.22,1466.84,61.4,319.54,1,0.0544,6121.0,6325.0
2024-04-22,2024,4,17,Dust,5546,5473,0,1366.87,1364.0,1400.37,70.2,329.75,1,0.0072,5624.0,6028.0
2024-04-29,2024,4,18,Dust,5114,4937,0,1455.68,1456.93,1515.24,51.3,322.32,1,0.0759,5423.0,5920.0
2024-05-06,2024,5,19,Dust,5753,5725,13,1335.43,1338.29,1318.4,43.0,318.08,0,0.0008,5328.0,5894.0
2024-05-13,2024,5,20,Dust,4391,4468,29,1480.52,1472.88,1510.73,71.8,324.46,0,-0.0521,5588.0,5958.0
2024-05-20,2024,5,21,Dust,3795,3981,222,1608.59,1600.98,1600.89,61.5,330.95,0,0.1081,5201.0,5797.0
2024-05-27,2024,5,22,Dust,4669,4484,0,1313.2,1266.08,1283.43,42.6,313.91,0,-0.0479,4763.0,5605.0
2024-06-03,2024,6,23,Dust,5354,5704,335,1533.4,1485.22,1599.74,61.3,315.46,0,0.0508,4652.0,5479.0
2024-06-10,2024,6,24,Dust,5000,5030,0,1372.68,1383.75,1319.6,100.0,317.99,0,-0.116,4552.0,5420.0
2024-06-17,2024,6,25,Dust,6737,6787,220,1475.26,1476.29,1394.09,87.6,321.4,0,-0.0528,4704.0,5176.0
2024-06-24,2024,6,26,Dust,4611,4740,0,1376.59,1381.31,1440.06,82.7,317.06,0,-0.0861,5440.0,5209.0
2024-07-01,2024,7,27,Dust,5232,5098,0,1330.83,1278.51,1299.58,56.2,324.8,0,-0.0128,5426.0,5135.0
2024-07-08,2024,7,28,Dust,8413,8503,35,1501.28,1522.97,1479.34,94.3,324.04,0,0.0327,5395.0,5178.0
2024-07-15,2024,7,29,Dust,5478,5506,74,1422.24,1424.29,1464.24,86.8,325.34,0,0.0074,6248.0,5385.0
2024-07-22,2024,7,30,Dust,4715,4800,0,1565.61,1612.52,1514.5,100.0,311.4,0,0.0425,5934.0,5379.0
2024-07-29,2024,7,31,Dust,5274,4789,0,1397.51,1401.52,1446.23,94.3,312.23,0,0.0018,5960.0,5346.0
2024-08-05,2024,8,32,Dust,7042,6437,0,1367.31,1393.5,1218.95,70.3,307.07,0,0.0053,5970.0,5306.0
2024-08-12,2024,8,33,Dust,7991,7688,0,1351.68,1313.13,1372.98,99.7,310.77,0,-0.0465,5627.0,5527.0
2024-08-19,2024,8,34,Dust,8000,7924,0,1342.84,1333.94,1418.92,64.6,313.77,0,0.0021,6256.0,5876.0
2024-08-26,2024,8,35,Dust,5999,6243,58,1447.46,1462.1,1472.72,87.1,310.81,0,-0.0145,7077.0,6154.0
2024-09-02,2024,9,36,Dust,8499,9208,731,1329.12,1291.57,1301.64,35.8,315.59,0,0.0451,7258.0,6208.0
2024-09-09,2024,9,37,Dust,8765,9356,488,1294.42,1243.11,1216.8,58.3,310.94,0,0.0276,7622.0,6499.0
2024-09-16,2024,9,38,Dust,7512,7105,0,1224.01,1223.92,1146.16,61.1,309.0,0,-0.0171,7816.0,6668.0
2024-09-23,2024,9,39,Dust,7207,7855,918,1323.78,1309.2,1350.77,72.6,312.38,0,-0.0146,7694.0,6910.0
2024-09-30,2024,9,40,Dust,8175,7988,0,1237.77,1262.43,1203.2,44.8,308.34,0,-0.013,7996.0,7075.0
2024-10-07,2024,10,41,Dust,8965,9321,150,1322.26,1325.12,1274.31,40.0,310.06,0,0.0212,7915.0,7055.0
2024-10-14,2024,10,42,Dust,8579,8404,0,1186.5,1205.65,1239.64,56.6,303.29,0,-0.0484,7965.0,7345.0
2024-10-21,2024,10,43,Dust,8981,9736,694,1180.85,1178.3,1233.38,62.3,305.8,0,-0.0274,8232.0,7667.0
2024-10-28,2024,10,44,Dust,7408,8061,528,1215.31,1221.85,1204.82,53.3,317.54,0,-0.0077,8675.0,7976.0
2024-11-04,2024,11,45,Dust,7811,6850,0,1139.0,1147.32,1137.22,35.9,316.33,0,-0.0516,8483.0,8007.0
2024-11-11,2024,11,46,Dust,9718,9653,0,1121.56,1162.31,1064.62,23.6,310.6,0,-0.0305,8195.0,7992.0
2024-11-18,2024,11,47,Dust,8905,8529,0,1091.65,1053.32,1061.3,31.8,315.4,0,-0.0501,8480.0,8135.0
2024-11-25,2024,11,48,Dust,6024,5843,58,1200.32,1226.4,1216.33,52.9,313.74,0,-0.033,8460.0,8377.0
2024-12-02,2024,12,49,Dust,8070,8308,650,1178.08,1132.33,1065.7,13.8,318.63,0,0.0059,8114.0,8171.0
2024-12-09,2024,12,50,Dust,8165,8121,0,1271.23,1242.45,1215.35,56.1,318.11,0,0.0165,8179.0,8113.0
2024-12-16,2024,12,51,Dust,6975,7208,382,1157.43,1203.54,1242.33,42.5,313.16,0,-0.0113,7791.0,8167.0
2024-12-23,2024,12,52,Dust,9433,9518,26,1108.76,1070.49,1109.75,6.7,319.69,0,-0.03,7308.0,8148.0
2021-01-04,2021,1,1,OP,1649,1509,153,1262.3,1236.73,1278.17,17.9,313.24,0,0.0199,,
2021-01-11,2021,1,2,OP,1734,1663,51,1233.48,1189.99,1249.47,32.3,305.15,0,-0.0423,1649.0,1649.0
2021-01-18,2021,1,3,OP,1666,1615,132,1293.05,1331.27,1266.24,35.1,314.3,0,-0.0029,1692.0,1692.0
2021-01-25,2021,1,4,OP,1604,1713,259,1211.79,1219.1,1210.11,0.0,311.59,0,-0.0094,1683.0,1683.0
2021-02-01,2021,2,5,OP,2015,2056,0,1202.62,1215.17,1216.91,31.1,310.25,0,-0.0425,1663.0,1663.0
2021-02-08,2021,2,6,OP,2077,2049,114,1374.28,1350.72,1315.41,36.4,325.41,0,0.0165,1755.0,1734.0
2021-02-15,2021,2,7,OP,1804,1778,0,1314.24,1305.95,1354.14,6.9,318.72,0,0.0023,1840.0,1791.0
2021-02-22,2021,2,8,OP,2038,1883,28,1300.76,1283.76,1392.62,24.7,314.58,0,0.0087,1875.0,1793.0
2021-03-01,2021,3,9,OP,2657,2459,228,1322.47,1325.47,1357.5,16.3,326.79,1,-0.0101,1984.0,1823.0
2021-03-08,2021,3,10,OP,2273,2366,30,1447.95,1471.51,1523.56,47.2,322.45,1,0.0123,2144.0,1916.0
2021-03-15,2021,3,11,OP,2133,2105,34,1369.22,1329.57,1292.13,21.5,320.23,1,-0.0005,2193.0,1952.0
2021-03-22,2021,3,12,OP,2109,1840,0,1507.96,1483.58,1457.31,45.4,318.25,1,0.0161,2275.0,1968.0
2021-03-29,2021,3,13,OP,2385,2277,202,1264.26,1225.47,1328.87,55.3,319.95,1,-0.0685,2293.0,1980.0
2021-04-05,2021,4,14,OP,2232,2163,0,1277.87,1294.99,1296.61,32.3,310.45,1,-0.0703,2225.0,2041.0
2021-04-12,2021,4,15,OP,2397,2259,0,1434.38,1522.71,1498.62,53.2,320.07,1,-0.028,2215.0,2083.0
2021-04-19,2021,4,16,OP,2219,2142,74,1475.76,1474.28,1461.65,34.4,319.51,1,0.0216,2281.0,2144.0
2021-04-26,2021,4,17,OP,2537,2506,43,1512.1,1437.35,1463.9,36.4,323.34,1,0.0104,2308.0,2195.0
2021-05-03,2021,5,18,OP,2536,2587,0,1662.41,1688.04,1564.09,78.1,318.07,0,0.083,2346.0,2238.0
2021-05-10,2021,5,19,OP,2365,2205,329,1628.22,1649.53,1624.6,57.3,317.78,0,0.0415,2422.0,2277.0
2021-05-17,2021,5,20,OP,2313,1938,0,1501.22,1456.09,1486.46,65.8,323.91,0,-0.005,2414.0,2323.0
2021-05-24,2021,5,21,OP,2558,2753,339,1441.72,1409.7,1542.77,56.8,317.47,0,-0.0229,2438.0,2346.0
2021-05-31,2021,5,22,OP,2322,2246,3,1477.5,1527.63,1489.97,73.9,315.18,0,0.0246,2443.0,2338.0
2021-06-07,2021,6,23,OP,2477,2369,0,1502.96,1484.18,1504.53,81.2,313.05,0,0.0007,2390.0,2342.0
2021-06-14,2021,6,24,OP,2297,2286,113,1601.62,1551.32,1555.04,67.3,315.31,0,0.028,2418.0,2371.0
2021-06-21,2021,6,25,OP,2306,2245,228,1516.66,1554.75,1462.39,56.8,308.19,0,0.0109,2414.0,2386.0
2021-06-28,2021,6,26,OP,2390,2413,121,1660.86,1683.28,1586.27,99.7,309.84,0,0.0581,2350.0,2380.0
2021-07-05,2021,7,27,OP,2221,2250,25,1490.66,1489.67,1597.66,89.5,312.31,0,-0.0221,2368.0,2393.0
2021-07-12,2021,7,28,OP,2787,2735,0,1532.69,1555.57,1572.26,96.0,315.99,0,0.0203,2304.0,2378.0
2021-07-19,2021,7,29,OP,2423,2408,354,1550.24,1510.54,1604.34,57.2,306.21,0,0.0478,2426.0,2426.0
2021-07-26,2021,7,30,OP,1889,1837,0,1611.85,1590.81,1583.08,88.5,310.14,0,0.0183,2455.0,2416.0
2021-08-02,2021,8,31,OP,2413,2335,185,1477.69,1504.15,1515.23,45.4,305.62,0,0.0083,2330.0,2362.0
2021-08-09,2021,8,32,OP,2053,2185,124,1655.39,1690.06,1766.89,100.0,308.05,0,0.0857,2378.0,2366.0
2021-08-16,2021,8,33,OP,2394,2323,0,1535.61,1537.97,1456.8,93.6,307.69,0,-0.001,2194.0,2345.0
2021-08-23,2021,8,34,OP,1951,1877,308,1526.42,1494.67,1563.83,74.9,303.98,0,-0.0079,2187.0,2331.0
2021-08-30,2021,8,35,OP,2165,2343,147,1452.58,1469.94,1493.32,58.8,311.64,0,0.0255,2203.0,2300.0
2021-09-06,2021,9,36,OP,2055,1962,0,1494.97,1503.38,1501.2,54.7,314.16,0,0.0404,2141.0,2274.0
2021-09-13,2021,9,37,OP,1887,1811,0,1454.29,1455.71,1456.65,50.5,302.98,0,0.022,2141.0,2254.0
2021-09-20,2021,9,38,OP,2362,2308,0,1522.12,1505.27,1556.76,74.5,304.21,0,0.0124,2014.0,2219.0
2021-09-27,2021,9,39,OP,1819,1784,207,1516.26,1549.35,1553.2,46.9,310.34,0,0.0491,2117.0,2217.0
2021-10-04,2021,10,40,OP,1674,1676,0,1341.93,1321.65,1370.73,33.4,291.19,0,0.0203,2031.0,2183.0
2021-10-11,2021,10,41,OP,1826,1844,50,1344.14,1327.65,1327.88,57.9,301.72,0,0.0023,1936.0,2090.0
2021-10-18,2021,10,42,OP,2212,2029,0,1355.79,1331.8,1346.41,41.4,289.39,0,0.0304,1920.0,2041.0
2021-10-25,2021,10,43,OP,2084,1989,0,1472.23,1507.14,1514.57,73.4,302.91,0,0.0521,1883.0,2068.0
2021-11-01,2021,11,44,OP,2169,2232,209,1314.73,1322.16,1301.65,43.1,308.66,0,0.0203,1949.0,2040.0
2021-11-08,2021,11,45,OP,2060,1984,0,1366.7,1334.01,1391.01,74.0,306.8,0,0.0096,2073.0,2050.0
2021-11-15,2021,11,46,OP,1772,1753,0,1337.14,1322.4,1293.38,13.7,295.96,0,0.0373,2131.0,2022.0
2021-11-22,2021,11,47,OP,1972,1908,0,1257.39,1245.67,1177.18,62.8,311.77,0,-0.041,2021.0,2007.0
2021-11-29,2021,11,48,OP,1715,1796,0,1254.98,1267.93,1176.54,21.8,302.53,0,-0.0081,1993.0,1991.0
2021-12-06,2021,12,49,OP,1673,1592,0,1259.62,1255.01,1328.89,34.4,308.63,0,0.0172,1880.0,1963.0
2021-12-13,2021,12,50,OP,1776,1674,0,1173.54,1197.71,1157.83,17.6,314.65,0,-0.0301,1783.0,1945.0
2021-12-20,2021,12,51,OP,1988,2053,17,1289.97,1264.19,1263.92,28.9,311.08,0,0.0232,1784.0,1896.0
2021-12-27,2021,12,52,OP,1948,2022,295,1266.62,1271.17,1284.38,6.3,317.28,0,0.013,1788.0,1910.0
2022-01-03,2022,1,1,OP,2112,1907,0,1306.99,1306.48,1291.14,22.9,316.15,0,0.0133,1846.0,1933.0
2022-01-10,2022,1,2,OP,1903,1917,124,1317.09,1294.88,1431.46,0.0,317.24,0,0.04,1956.0,1957.0
2022-01-17,2022,1,3,OP,2383,2374,0,1194.05,1219.75,1195.07,31.4,315.51,0,-0.0602,1988.0,1931.0
2022-01-24,2022,1,4,OP,2006,1932,0,1249.23,1255.06,1296.86,0.0,312.7,0,-0.0356,2086.0,1956.0
2022-01-31,2022,1,5,OP,2162,2308,0,1288.35,1321.96,1202.68,26.4,314.22,0,0.0388,2101.0,1942.0
2022-02-07,2022,2,6,OP,1966,2048,15,1402.15,1446.98,1433.61,5.5,315.57,0,0.0646,2114.0,1951.0
2022-02-14,2022,2,7,OP,1956,1943,515,1315.95,1283.59,1342.1,15.9,315.59,0,-0.072,2129.0,1967.0
2022-02-21,2022,2,8,OP,2074,2049,0,1392.07,1410.03,1423.01,40.9,320.18,0,-0.0012,2022.0,1966.0
2022-02-28,2022,2,9,OP,2036,1945,0,1307.26,1306.57,1261.15,3.3,318.1,0,-0.0389,2040.0,1996.0
2022-03-07,2022,3,10,OP,2183,2245,163,1393.17,1379.47,1438.15,47.4,320.94,1,-0.0376,2008.0,2026.0
2022-03-14,2022,3,11,OP,2445,2359,0,1414.24,1425.28,1408.4,34.9,320.81,1,0.0,2062.0,2060.0
2022-03-21,2022,3,12,OP,2171,1968,0,1439.37,1437.19,1477.97,35.0,325.87,1,-0.018,2184.0,2098.0
2022-03-28,2022,3,13,OP,2499,2501,136,1449.26,1470.0,1490.89,20.0,326.83,1,0.0016,2209.0,2116.0
2022-04-04,2022,4,14,OP,2764,3026,58,1502.91,1510.32,1532.86,26.0,319.11,1,0.0596,2324.0,2149.0
2022-04-11,2022,4,15,OP,2608,2610,0,1557.58,1563.49,1516.34,50.1,322.28,1,0.0809,2470.0,2220.0
2022-04-18,2022,4,16,OP,2711,2599,46,1615.05,1595.66,1494.47,63.2,320.8,1,0.0242,2510.0,2239.0
2022-04-25,2022,4,17,OP,2753,2576,0,1603.82,1617.83,1629.76,51.6,318.26,1,0.0647,2646.0,2298.0
2022-05-02,2022,5,18,OP,2599,2664,345,1515.38,1490.88,1465.04,75.0,324.62,0,-0.046,2709.0,2347.0
2022-05-09,2022,5,19,OP,2601,2733,73,1612.8,1577.59,1587.83,91.9,322.88,0,-0.0128,2668.0,2400.0
2022-05-16,2022,5,20,OP,2235,2030,17,1409.78,1421.3,1351.73,32.7,326.52,0,-0.021,2666.0,2454.0
2022-05-23,2022,5,21,OP,2455,2241,0,1473.89,1429.78,1435.57,45.1,318.16,0,-0.0144,2547.0,2467.0
2022-05-30,2022,5,22,OP,2506,2675,102,1448.78,1463.68,1481.93,77.3,327.02,0,-0.0459,2472.0,2502.0
2022-06-06,2022,6,23,OP,2502,2613,207,1545.56,1561.01,1574.74,86.3,315.83,0,-0.0517,2449.0,2529.0
2022-06-13,2022,6,24,OP,2811,2599,0,1630.85,1608.35,1598.68,72.5,324.56,0,0.0289,2424.0,2534.0
2022-06-20,2022,6,25,OP,2611,2706,506,1474.73,1501.92,1503.2,56.1,318.6,0,-0.054,2568.0,2587.0
2022-06-27,2022,6,26,OP,2720,2554,0,1403.52,1403.61,1421.92,72.7,313.51,0,-0.0503,2608.0,2596.0
2022-07-04,2022,7,27,OP,2410,2418,177,1709.53,1751.84,1678.26,63.3,321.22,0,0.1048,2661.0,2593.0
2022-07-11,2022,7,28,OP,2293,2486,332,1480.98,1522.76,1505.25,93.5,319.12,0,-0.0882,2638.0,2576.0
2022-07-18,2022,7,29,OP,2394,2473,0,1721.78,1684.18,1783.09,76.7,307.37,0,0.0724,2508.0,2541.0
2022-07-25,2022,7,30,OP,2323,2317,0,1565.01,1584.18,1501.37,64.9,300.69,0,-0.0216,2454.0,2511.0
2022-08-01,2022,8,31,OP,2725,2725,202,1524.14,1491.86,1614.47,76.3,307.7,0,0.0058,2355.0,2488.0
2022-08-08,2022,8,32,OP,2130,1985,0,1592.18,1577.8,1604.6,82.2,310.79,0,0.0342,2434.0,2499.0
2022-08-15,2022,8,33,OP,2445,2363,0,1437.38,1424.27,1447.81,52.8,305.11,0,-0.0071,2393.0,2490.0
2022-08-22,2022,8,34,OP,2007,2000,333,1420.88,1444.9,1418.1,74.8,302.6,0,-0.071,2406.0,2489.0
2022-08-29,2022,8,35,OP,2103,2073,205,1671.22,1711.93,1636.91,73.6,307.55,0,0.0888,2327.0,2448.0
2022-09-05,2022,9,36,OP,2232,2250,0,1422.16,1461.65,1400.26,33.7,302.57,0,0.0183,2171.0,2414.0
2022-09-12,2022,9,37,OP,2102,2093,9,1448.41,1427.59,1491.57,76.3,302.97,0,-0.0607,2197.0,2366.0
2022-09-19,2022,9,38,OP,2526,2667,93,1435.12,1478.78,1380.65,40.4,302.78,0,-0.0092,2111.0,2324.0
2022-09-26,2022,9,39,OP,1920,2197,580,1310.31,1307.09,1315.2,64.0,297.73,0,-0.0765,2241.0,2308.0
2022-10-03,2022,10,40,OP,1850,1804,184,1485.72,1502.11,1557.05,58.3,297.87,0,0.0755,2195.0,2267.0
2022-10-10,2022,10,41,OP,2379,2256,0,1337.56,1329.84,1295.63,52.6,299.86,0,-0.0137,2100.0,2230.0
2022-10-17,2022,10,42,OP,2312,2041,0,1388.78,1397.39,1385.64,31.0,313.45,0,0.0277,2169.0,2228.0
2022-10-24,2022,10,43,OP,1869,1800,29,1469.92,1500.75,1567.25,66.1,301.7,0,0.066,2115.0,2228.0
2022-10-31,2022,10,44,OP,1890,1772,0,1466.88,1456.05,1296.31,64.3,300.79,0,0.0177,2102.0,2156.0
2022-11-07,2022,11,45,OP,1652,1740,266,1291.58,1271.43,1360.32,28.8,301.84,0,-0.0039,2112.0,2136.0
2022-11-14,2022,11,46,OP,2123,1989,17,1278.15,1264.74,1240.56,38.3,313.76,0,0.017,1931.0,2070.0
2022-11-21,2022,11,47,OP,2136,2271,208,1170.33,1184.45,1184.29,37.8,313.31,0,-0.0512,1884.0,2080.0
2022-11-28,2022,11,48,OP,2308,2262,0,1210.56,1231.78,1134.95,38.5,312.5,0,-0.0151,1950.0,2083.0
2022-12-05,2022,12,49,OP,2149,2448,338,1306.43,1305.02,1255.1,10.0,311.44,0,0.0135,2055.0,2089.0
2022-12-12,2022,12,50,OP,1782,1827,60,1381.93,1378.14,1353.22,45.0,304.79,0,0.023,2179.0,2093.0
2022-12-19,2022,12,51,OP,2159,2085,0,1314.19,1319.78,1368.18,26.7,314.71,0,-0.021,2094.0,2031.0
2022-12-26,2022,12,52,OP,1993,1838,0,1252.68,1249.0,1294.81,31.4,316.79,0,-0.0162,2100.0,2051.0
2023-01-02,2023,1,1,OP,1975,1826,0,1329.65,1319.34,1307.65,18.5,326.56,0,0.0209,2021.0,2063.0
2023-01-09,2023,1,2,OP,2054,1929,0,1234.7,1170.42,1216.86,13.8,317.12,0,-0.0535,1977.0,2029.0
2023-01-16,2023,1,3,OP,1919,1967,303,1240.05,1250.83,1263.63,14.6,323.6,0,-0.0073,2045.0,2008.0
2023-01-23,2023,1,4,OP,1970,1907,0,1475.22,1518.49,1409.63,18.4,312.7,0,0.0743,1985.0,2012.0
2023-01-30,2023,1,5,OP,2482,2299,0,1347.24,1404.49,1418.99,20.8,321.19,0,0.0383,1980.0,2018.0
2023-02-06,2023,2,6,OP,2306,2169,0,1445.38,1456.82,1485.44,29.1,319.99,0,0.0403,2106.0,2088.0
2023-02-13,2023,2,7,OP,2348,2287,20,1357.77,1364.79,1369.32,14.5,320.95,0,0.0239,2169.0,2103.0
2023-02-20,2023,2,8,OP,2031,2052,266,1484.23,1481.74,1417.76,41.9,316.75,0,0.0125,2276.0,2120.0
2023-02-27,2023,2,9,OP,2451,2427,624,1300.97,1308.28,1189.99,29.0,328.5,0,-0.0229,2292.0,2097.0
2023-03-06,2023,3,10,OP,2576,2796,0,1299.05,1294.33,1185.93,47.9,320.36,1,-0.0926,2284.0,2122.0
2023-03-13,2023,3,11,OP,2506,2456,0,1377.12,1319.95,1372.38,47.3,326.18,1,-0.0325,2352.0,2189.0
2023-03-20,2023,3,12,OP,2558,2363,0,1394.51,1406.23,1346.73,32.5,326.52,1,-0.013,2391.0,2218.0
2023-03-27,2023,3,13,OP,2746,2669,0,1481.53,1529.2,1530.61,42.2,324.71,1,0.0473,2523.0,2265.0
2023-04-03,2023,4,14,OP,2610,2657,82,1538.64,1546.12,1444.31,49.9,324.77,1,-0.0316,2596.0,2329.0
2023-04-10,2023,4,15,OP,2923,2774,0,1509.52,1466.79,1522.72,65.0,332.79,1,-0.0157,2605.0,2375.0
2023-04-17,2023,4,16,OP,2872,2964,177,1517.98,1445.41,1492.95,32.3,326.52,1,0.0185,2709.0,2459.0
2023-04-24,2023,4,17,OP,2782,2606,96,1550.54,1566.24,1640.3,78.4,325.6,1,-0.0293,2788.0,2534.0
2023-05-01,2023,5,18,OP,2274,2139,0,1585.95,1606.04,1587.39,34.0,325.05,0,0.03,2797.0,2559.0
2023-05-08,2023,5,19,OP,2826,2755,69,1591.02,1539.6,1610.09,61.1,332.32,0,-0.0312,2713.0,2556.0
2023-05-15,2023,5,20,OP,2140,2090,0,1591.84,1595.44,1568.72,76.2,325.03,0,-0.0095,2688.0,2596.0
2023-05-22,2023,5,21,OP,2838,2705,178,1667.67,1660.99,1683.14,68.3,329.0,0,-0.0045,2506.0,2605.0
2023-05-29,2023,5,22,OP,2696,2450,0,1551.99,1602.84,1575.66,51.8,330.92,0,-0.0438,2520.0,2638.0
2023-06-05,2023,6,23,OP,2623,2671,410,1561.56,1556.08,1592.26,77.2,321.01,0,-0.026,2625.0,2648.0
2023-06-12,2023,6,24,OP,2272,2237,0,1707.5,1610.01,1648.98,95.2,307.76,0,0.0105,2574.0,2657.0
2023-06-19,2023,6,25,OP,2525,2630,110,1567.84,1510.08,1623.78,83.8,328.14,0,-0.0549,2607.0,2634.0
2023-06-26,2023,6,26,OP,2539,2447,0,1663.31,1627.39,1528.79,74.6,313.22,0,0.057,2529.0,2615.0
2023-07-03,2023,7,27,OP,2480,2410,0,1580.81,1560.89,1627.09,73.5,309.08,0,0.0203,2490.0,2609.0
2023-07-10,2023,7,28,OP,2655,2965,515,1458.59,1449.33,1513.5,68.6,320.53,0,-0.0431,2454.0,2572.0
2023-07-17,2023,7,29,OP,2773,2880,0,1613.29,1578.05,1622.02,75.1,317.16,0,0.0091,2550.0,2554.0
2023-07-24,2023,7,30,OP,2449,2528,254,1671.97,1700.29,1664.26,87.7,317.2,0,0.0234,2612.0,2553.0
2023-07-31,2023,7,31,OP,2177,2206,139,1714.78,1703.1,1749.09,94.2,307.55,0,0.0502,2589.0,2568.0
2023-08-07,2023,8,32,OP,2503,2630,229,1587.69,1628.46,1669.93,58.6,304.4,0,0.0115,2514.0,2514.0
2023-08-14,2023,8,33,OP,2551,2591,171,1652.64,1645.56,1677.72,76.0,312.15,0,0.0352,2476.0,2544.0
2023-08-21,2023,8,34,OP,2599,2436,226,1666.38,1656.27,1651.79,83.4,319.74,0,0.043,2420.0,2520.0
2023-08-28,2023,8,35,OP,2566,2476,0,1571.14,1552.4,1552.34,71.5,303.64,0,-0.0032,2458.0,2512.0
2023-09-04,2023,9,36,OP,2143,2098,52,1623.37,1665.96,1552.45,58.1,302.7,0,0.0368,2555.0,2507.0
2023-09-11,2023,9,37,OP,1824,1514,0,1388.02,1402.54,1320.27,90.9,303.21,0,-0.0181,2465.0,2497.0
2023-09-18,2023,9,38,OP,1937,1992,0,1520.81,1521.89,1560.49,75.6,318.12,0,0.0249,2283.0,2438.0
2023-09-25,2023,9,39,OP,2393,2374,262,1373.51,1391.81,1405.26,50.7,299.95,0,-0.0318,2118.0,2388.0
2023-10-02,2023,10,40,OP,2121,1947,0,1466.65,1494.75,1420.25,65.1,309.74,0,0.0045,2074.0,2381.0
2023-10-09,2023,10,41,OP,2118,1994,5,1390.33,1418.95,1434.64,43.9,304.6,0,-0.0094,2069.0,2336.0
2023-10-16,2023,10,42,OP,1939,1908,0,1445.34,1443.68,1364.66,61.0,304.29,0,-0.0122,2142.0,2282.0
2023-10-23,2023,10,43,OP,1995,1904,179,1483.26,1426.56,1488.78,45.8,307.16,0,0.0251,2143.0,2239.0
2023-10-30,2023,10,44,OP,1959,2320,633,1596.27,1595.11,1605.65,58.0,309.24,0,0.102,2043.0,2224.0
2023-11-06,2023,11,45,OP,1762,1722,88,1412.79,1401.72,1355.27,27.9,305.31,0,0.0253,2003.0,2179.0
2023-11-13,2023,11,46,OP,2156,2156,245,1435.02,1467.23,1408.63,55.3,316.43,0,-0.015,1914.0,2113.0
2023-11-20,2023,11,47,OP,1976,2148,477,1390.58,1364.45,1452.84,53.8,314.82,0,0.0096,1968.0,2076.0
2023-11-27,2023,11,48,OP,1962,1750,0,1398.73,1375.01,1375.02,43.5,320.05,0,-0.0059,1963.0,2027.0
2023-12-04,2023,12,49,OP,2179,2492,750,1303.09,1322.14,1331.16,54.7,313.73,0,-0.0842,1964.0,2012.0
2023-12-11,2023,12,50,OP,2369,2366,54,1364.98,1359.39,1366.69,35.0,315.86,0,-0.0075,2068.0,2041.0
2023-12-18,2023,12,51,OP,2292,2360,117,1258.0,1238.71,1261.43,8.0,320.09,0,0.0034,2122.0,2077.0
2023-12-25,2023,12,52,OP,2089,1890,0,1414.21,1438.08,1436.42,49.1,313.6,0,0.0208,2200.0,2069.0
2024-01-01,2024,1,1,OP,2054,2035,0,1428.25,1450.95,1483.87,24.9,329.18,0,0.0299,2232.0,2066.0
2024-01-08,2024,1,2,OP,2356,2309,0,1389.79,1380.43,1342.74,17.0,320.89,0,-0.0179,2201.0,2061.0
2024-01-15,2024,1,3,OP,1888,1858,31,1451.89,1504.38,1481.29,27.6,321.75,0,0.0144,2198.0,2096.0
2024-01-22,2024,1,4,OP,1994,2124,20,1310.57,1321.51,1373.01,32.3,323.62,0,-0.0624,2097.0,2087.0
2024-01-29,2024,1,5,OP,2351,2390,0,1342.71,1344.85,1383.47,29.9,327.78,0,-0.0256,2073.0,2090.0
2024-02-05,2024,2,6,OP,2205,2238,271,1443.56,1393.13,1412.45,14.2,322.43,0,0.0075,2147.0,2139.0
2024-02-12,2024,2,7,OP,2205,2006,73,1377.11,1378.81,1326.02,0.0,314.74,0,-0.011,2110.0,2143.0
2024-02-19,2024,2,8,OP,2472,2191,0,1313.28,1334.38,1325.87,15.2,322.54,0,-0.0223,2189.0,2162.0
2024-02-26,2024,2,9,OP,2124,2045,0,1397.8,1376.24,1298.61,37.2,322.88,0,-0.0306,2308.0,2204.0
2024-03-04,2024,3,10,OP,2507,2211,0,1456.99,1476.21,1520.53,14.8,335.95,1,-0.0089,2252.0,2200.0
2024-03-11,2024,3,11,OP,2616,2513,0,1594.17,1607.91,1512.82,51.5,337.45,1,-0.0193,2327.0,2211.0
2024-03-18,2024,3,12,OP,2578,2777,49,1613.38,1613.8,1601.81,44.6,329.35,1,0.0291,2430.0,2238.0
2024-03-25,2024,3,13,OP,2543,2656,119,1478.05,1447.14,1476.5,9.9,338.51,1,-0.0146,2456.0,2279.0
2024-04-01,2024,4,14,OP,2397,2455,2,1533.47,1545.21,1602.47,29.8,328.53,1,0.0077,2561.0,2320.0
2024-04-08,2024,4,15,OP,2596,2653,0,1663.27,1674.17,1726.64,76.5,333.62,1,0.0264,2534.0,2323.0
2024-04-15,2024,4,16,OP,2480,2481,0,1750.52,1727.01,1746.68,61.4,319.54,1,0.0544,2528.0,2382.0
2024-04-22,2024,4,17,OP,3191,3291,20,1548.84,1559.11,1483.96,70.2,329.75,1,0.0072,2504.0,2423.0
2024-04-29,2024,4,18,OP,2672,2693,10,1684.42,1643.5,1535.63,51.3,322.32,1,0.0759,2666.0,2493.0
2024-05-06,2024,5,19,OP,2679,2762,0,1607.14,1590.47,1661.99,43.0,318.08,0,0.0008,2735.0,2532.0
2024-05-13,2024,5,20,OP,2763,2715,0,1511.02,1435.27,1529.0,71.8,324.46,0,-0.0521,2756.0,2571.0
2024-05-20,2024,5,21,OP,2629,2634,37,1869.12,1846.81,1743.93,61.5,330.95,0,0.1081,2826.0,2596.0
2024-05-27,2024,5,22,OP,2559,2749,435,1445.59,1430.61,1428.19,42.6,313.91,0,-0.0479,2686.0,2638.0
2024-06-03,2024,6,23,OP,2353,2138,0,1726.82,1718.96,1776.24,61.3,315.46,0,0.0508,2658.0,2642.0
2024-06-10,2024,6,24,OP,2533,2635,135,1576.88,1579.47,1466.35,100.0,317.99,0,-0.116,2576.0,2620.0
2024-06-17,2024,6,25,OP,2618,2940,159,1664.04,1659.94,1704.15,87.6,321.4,0,-0.0528,2518.0,2616.0
2024-06-24,2024,6,26,OP,2795,2627,0,1586.41,1573.91,1620.53,82.7,317.06,0,-0.0861,2516.0,2622.0
2024-07-01,2024,7,27,OP,2626,2644,232,1639.88,1721.62,1621.83,56.2,324.8,0,-0.0128,2575.0,2656.0
2024-07-08,2024,7,28,OP,2893,3351,577,1764.85,1817.81,1770.11,94.3,324.04,0,0.0327,2643.0,2658.0
2024-07-15,2024,7,29,OP,2877,2893,0,1628.3,1636.91,1625.67,86.8,325.34,0,0.0074,2733.0,2693.0
2024-07-22,2024,7,30,OP,2649,2892,87,1767.66,1772.88,1713.79,100.0,311.4,0,0.0425,2798.0,2666.0
2024-07-29,2024,7,31,OP,2601,2457,0,1662.2,1686.29,1692.02,94.3,312.23,0,0.0018,2761.0,2664.0
2024-08-05,2024,8,32,OP,2786,2967,0,1645.12,1683.52,1643.6,70.3,307.07,0,0.0053,2755.0,2658.0
2024-08-12,2024,8,33,OP,2488,2768,384,1654.69,1694.38,1652.55,99.7,310.77,0,-0.0465,2728.0,2660.0
2024-08-19,2024,8,34,OP,1994,2160,0,1733.35,1743.82,1706.56,64.6,313.77,0,0.0021,2631.0,2648.0
2024-08-26,2024,8,35,OP,2860,2805,0,1593.34,1560.19,1637.88,87.1,310.81,0,-0.0145,2467.0,2601.0
2024-09-02,2024,9,36,OP,2370,2314,205,1616.97,1613.54,1696.75,35.8,315.59,0,0.0451,2532.0,2643.0
2024-09-09,2024,9,37,OP,1901,1874,402,1533.36,1491.84,1578.41,58.3,310.94,0,0.0276,2428.0,2630.0
2024-09-16,2024,9,38,OP,2042,2145,253,1537.03,1576.01,1535.53,61.1,309.0,0,-0.0171,2281.0,2570.0
2024-09-23,2024,9,39,OP,2103,1999,156,1605.68,1621.46,1590.97,72.6,312.38,0,-0.0146,2293.0,2507.0
2024-09-30,2024,9,40,OP,2239,2036,0,1485.69,1514.52,1420.41,44.8,308.34,0,-0.013,2104.0,2464.0
2024-10-07,2024,10,41,OP,2171,1987,0,1466.94,1487.57,1613.54,40.0,310.06,0,0.0212,2071.0,2409.0
2024-10-14,2024,10,42,OP,2268,2220,0,1478.61,1482.88,1318.72,56.6,303.29,0,-0.0484,2139.0,2350.0
2024-10-21,2024,10,43,OP,2296,2193,0,1468.52,1468.04,1536.47,62.3,305.8,0,-0.0274,2195.0,2319.0
2024-10-28,2024,10,44,OP,2290,2486,143,1445.79,1401.16,1537.98,53.3,317.54,0,-0.0077,2244.0,2293.0
2024-11-04,2024,11,45,OP,1844,1819,0,1319.94,1348.7,1444.83,35.9,316.33,0,-0.0516,2256.0,2252.0
2024-11-11,2024,11,46,OP,2050,1957,0,1384.09,1389.65,1398.33,23.6,310.6,0,-0.0305,2174.0,2198.0
2024-11-18,2024,11,47,OP,2172,2190,0,1328.22,1347.22,1325.5,31.8,315.4,0,-0.0501,2120.0,2203.0
2024-11-25,2024,11,48,OP,2156,2381,396,1284.48,1296.32,1338.35,52.9,313.74,0,-0.033,2089.0,2146.0
2024-12-02,2024,12,49,OP,2327,2220,0,1381.41,1367.42,1371.49,13.8,318.63,0,0.0059,2056.0,2128.0
2024-12-09,2024,12,50,OP,2026,2109,0,1493.43,1493.69,1496.89,56.1,318.11,0,0.0165,2176.0,2163.0
2024-12-16,2024,12,51,OP,1680,1530,0,1278.77,1242.35,1287.9,42.5,313.16,0,-0.0113,2170.0,2162.0
2024-12-23,2024,12,52,OP,1927,1797,0,1296.29,1308.64,1427.47,6.7,319.69,0,-0.03,2047.0,2127.0
2021-01-04,2021,1,1,Pekoe,1238,1375,134,1580.63,1561.64,1562.19,17.9,313.24,0,0.0199,,
2021-01-11,2021,1,2,Pekoe,1160,1216,327,1455.83,1450.42,1391.4,32.3,305.15,0,-0.0423,1238.0,1238.0
2021-01-18,2021,1,3,Pekoe,1362,1383,22,1535.2,1523.16,1445.33,35.1,314.3,0,-0.0029,1199.0,1199.0
2021-01-25,2021,1,4,Pekoe,1270,1151,0,1430.75,1414.55,1436.45,0.0,311.59,0,-0.0094,1253.0,1253.0
2021-02-01,2021,2,5,Pekoe,1540,1464,116,1561.16,1530.73,1610.31,31.1,310.25,0,-0.0425,1258.0,1258.0
2021-02-08,2021,2,6,Pekoe,1473,1394,0,1647.78,1606.73,1659.19,36.4,325.41,0,0.0165,1333.0,1314.0
2021-02-15,2021,2,7,Pekoe,1320,1373,0,1618.18,1620.26,1548.42,6.9,318.72,0,0.0023,1411.0,1340.0
2021-02-22,2021,2,8,Pekoe,1391,1120,0,1626.35,1651.55,1566.05,24.7,314.58,0,0.0087,1401.0,1338.0
2021-03-01,2021,3,9,Pekoe,1678,1608,109,1600.36,1581.5,1654.75,16.3,326.79,1,-0.0101,1431.0,1344.0
2021-03-08,2021,3,10,Pekoe,1711,1775,189,1664.82,1624.39,1741.94,47.2,322.45,1,0.0123,1466.0,1381.0
2021-03-15,2021,3,11,Pekoe,1675,1829,132,1636.07,1646.63,1581.93,21.5,320.23,1,-0.0005,1525.0,1414.0
2021-03-22,2021,3,12,Pekoe,1830,1959,35,1673.6,1690.07,1585.22,45.4,318.25,1,0.0161,1614.0,1438.0
2021-03-29,2021,3,13,Pekoe,1487,1548,272,1642.08,1663.28,1731.98,55.3,319.95,1,-0.0685,1724.0,1471.0
2021-04-05,2021,4,14,Pekoe,1498,1674,183,1612.77,1579.38,1577.05,32.3,310.45,1,-0.0703,1676.0,1491.0
2021-04-12,2021,4,15,Pekoe,1662,1576,218,1770.84,1770.56,1875.67,53.2,320.07,1,-0.028,1622.0,1520.0
2021-04-19,2021,4,16,Pekoe,1428,1288,0,1744.4,1764.31,1691.14,34.4,319.51,1,0.0216,1619.0,1545.0
2021-04-26,2021,4,17,Pekoe,1717,1673,13,1741.6,1724.62,1711.47,36.4,323.34,1,0.0104,1519.0,1558.0
2021-05-03,2021,5,18,Pekoe,1457,1498,107,2048.97,2013.89,2054.84,78.1,318.07,0,0.083,1576.0,1572.0
2021-05-10,2021,5,19,Pekoe,1736,1682,0,1924.87,1997.32,2028.46,57.3,317.78,0,0.0415,1566.0,1571.0
2021-05-17,2021,5,20,Pekoe,1544,1562,0,1967.39,1969.72,1968.49,65.8,323.91,0,-0.005,1584.0,1606.0
2021-05-24,2021,5,21,Pekoe,1513,1618,0,1771.21,1796.4,1802.69,56.8,317.47,0,-0.0229,1614.0,1619.0
2021-05-31,2021,5,22,Pekoe,1624,1640,0,1915.99,1850.46,1812.67,73.9,315.18,0,0.0246,1562.0,1605.0
2021-06-07,2021,6,23,Pekoe,1561,1578,0,1944.02,1907.11,2148.72,81.2,313.05,0,0.0007,1604.0,1598.0
2021-06-14,2021,6,24,Pekoe,1294,1327,74,1955.64,1973.6,1950.15,67.3,315.31,0,0.028,1560.0,1588.0
2021-06-21,2021,6,25,Pekoe,1779,1740,0,1920.42,1900.55,2028.68,56.8,308.19,0,0.0109,1498.0,1543.0
2021-06-28,2021,6,26,Pekoe,1413,1342,23,1986.77,2034.02,2099.66,99.7,309.84,0,0.0581,1564.0,1568.0
2021-07-05,2021,7,27,Pekoe,1512,1612,264,1941.55,1964.22,1913.65,89.5,312.31,0,-0.0221,1512.0,1561.0
2021-07-12,2021,7,28,Pekoe,1323,1333,0,1907.71,1915.12,1989.64,96.0,315.99,0,0.0203,1500.0,1548.0
2021-07-19,2021,7,29,Pekoe,1412,1506,162,1929.16,1880.87,2040.57,57.2,306.21,0,0.0478,1507.0,1539.0
2021-07-26,2021,7,30,Pekoe,1547,1526,0,1914.18,1869.83,2029.29,88.5,310.14,0,0.0183,1415.0,1514.0
2021-08-02,2021,8,31,Pekoe,1430,1380,0,1749.59,1738.38,1779.27,45.4,305.62,0,0.0083,1448.0,1522.0
2021-08-09,2021,8,32,Pekoe,1372,1326,0,1966.77,1982.34,2005.64,100.0,308.05,0,0.0857,1428.0,1496.0
2021-08-16,2021,8,33,Pekoe,1472,1493,0,1946.25,1961.12,1979.73,93.6,307.69,0,-0.001,1440.0,1482.0
2021-08-23,2021,8,34,Pekoe,1468,1565,334,1919.56,1917.35,1935.0,74.9,303.98,0,-0.0079,1455.0,1478.0
2021-08-30,2021,8,35,Pekoe,1298,1194,224,1783.26,1747.9,1629.66,58.8,311.64,0,0.0255,1436.0,1465.0
2021-09-06,2021,9,36,Pekoe,1414,1330,0,1823.45,1766.18,1751.27,54.7,314.16,0,0.0404,1402.0,1443.0
2021-09-13,2021,9,37,Pekoe,1163,1312,0,1801.85,1777.58,1821.96,50.5,302.98,0,0.022,1413.0,1453.0
2021-09-20,2021,9,38,Pekoe,1381,1215,0,1774.65,1719.43,1798.14,74.5,304.21,0,0.0124,1336.0,1402.0
2021-09-27,2021,9,39,Pekoe,1195,1099,0,1770.36,1795.43,1838.11,46.9,310.34,0,0.0491,1314.0,1399.0
2021-10-04,2021,10,40,Pekoe,1160,1117,0,1638.94,1595.94,1569.11,33.4,291.19,0,0.0203,1288.0,1373.0
2021-10-11,2021,10,41,Pekoe,1073,956,0,1697.01,1650.62,1681.75,57.9,301.72,0,0.0023,1225.0,1359.0
2021-10-18,2021,10,42,Pekoe,1109,1158,108,1703.5,1686.88,1850.5,41.4,289.39,0,0.0304,1202.0,1331.0
2021-10-25,2021,10,43,Pekoe,1206,1225,324,1870.75,1846.67,1940.18,73.4,302.91,0,0.0521,1134.0,1295.0
2021-11-01,2021,11,44,Pekoe,1239,1261,362,1578.02,1596.53,1656.18,43.1,308.66,0,0.0203,1137.0,1276.0
2021-11-08,2021,11,45,Pekoe,1443,1408,9,1617.12,1640.48,1593.0,74.0,306.8,0,0.0096,1157.0,1265.0
2021-11-15,2021,11,46,Pekoe,1190,1298,234,1547.41,1489.64,1542.29,13.7,295.96,0,0.0373,1249.0,1262.0
2021-11-22,2021,11,47,Pekoe,1345,1444,78,1558.26,1527.15,1577.07,62.8,311.77,0,-0.041,1270.0,1239.0
2021-11-29,2021,11,48,Pekoe,1379,1294,0,1483.02,1458.99,1494.92,21.8,302.53,0,-0.0081,1304.0,1243.0
2021-12-06,2021,12,49,Pekoe,1251,1490,298,1486.94,1513.2,1482.31,34.4,308.63,0,0.0172,1339.0,1240.0
2021-12-13,2021,12,50,Pekoe,1428,1529,618,1403.66,1415.68,1393.15,17.6,314.65,0,-0.0301,1291.0,1248.0
2021-12-20,2021,12,51,Pekoe,1309,1307,0,1645.14,1677.99,1616.74,28.9,311.08,0,0.0232,1351.0,1252.0
2021-12-27,2021,12,52,Pekoe,1394,1349,0,1568.28,1564.5,1431.99,6.3,317.28,0,0.013,1342.0,1261.0
2022-01-03,2022,1,1,Pekoe,1505,1550,82,1666.45,1635.54,1682.34,22.9,316.15,0,0.0133,1346.0,1280.0
2022-01-10,2022,1,2,Pekoe,1305,1194,0,1580.11,1578.94,1552.98,0.0,317.24,0,0.04,1409.0,1316.0
2022-01-17,2022,1,3,Pekoe,1606,1692,32,1538.75,1523.88,1547.79,31.4,315.51,0,-0.0602,1378.0,1333.0
2022-01-24,2022,1,4,Pekoe,1269,1365,0,1450.89,1453.58,1460.17,0.0,312.7,0,-0.0356,1452.0,1366.0
2022-01-31,2022,1,5,Pekoe,1147,1091,136,1729.59,1710.14,1715.12,26.4,314.22,0,0.0388,1421.0,1369.0
2022-02-07,2022,2,6,Pekoe,1757,1824,167,1653.49,1658.22,1768.08,5.5,315.57,0,0.0646,1332.0,1344.0
2022-02-14,2022,2,7,Pekoe,1576,1541,40,1474.49,1482.43,1454.25,15.9,315.59,0,-0.072,1445.0,1391.0
2022-02-21,2022,2,8,Pekoe,1604,1529,6,1662.01,1649.1,1736.74,40.9,320.18,0,-0.0012,1437.0,1410.0
2022-02-28,2022,2,9,Pekoe,1292,1232,0,1488.26,1507.88,1544.07,3.3,318.1,0,-0.0389,1521.0,1429.0
2022-03-07,2022,3,10,Pekoe,1708,1623,139,1644.2,1630.74,1609.73,47.4,320.94,1,-0.0376,1557.0,1433.0
2022-03-14,2022,3,11,Pekoe,1755,1881,98,1734.87,1713.44,1712.94,34.9,320.81,1,0.0,1545.0,1456.0
2022-03-21,2022,3,12,Pekoe,1781,1722,0,1645.91,1666.92,1624.27,35.0,325.87,1,-0.018,1590.0,1493.0
2022-03-28,2022,3,13,Pekoe,1732,1757,0,1624.19,1629.54,1627.5,20.0,326.83,1,0.0016,1634.0,1525.0
2022-04-04,2022,4,14,Pekoe,1986,1794,0,1866.54,1872.21,1804.19,26.0,319.11,1,0.0596,1744.0,1544.0
2022-04-11,2022,4,15,Pekoe,1666,1665,0,1987.77,2046.77,2016.05,50.1,322.28,1,0.0809,1814.0,1601.0
2022-04-18,2022,4,16,Pekoe,1797,2010,0,1865.17,1890.77,1873.07,63.2,320.8,1,0.0242,1791.0,1606.0
2022-04-25,2022,4,17,Pekoe,1566,1463,32,1911.46,1885.63,1914.07,51.6,318.26,1,0.0647,1795.0,1650.0
2022-05-02,2022,5,18,Pekoe,1606,1657,228,1940.45,2061.14,1987.54,75.0,324.62,0,-0.046,1754.0,1685.0
2022-05-09,2022,5,19,Pekoe,1718,1761,141,1925.88,1926.15,1875.01,91.9,322.88,0,-0.0128,1659.0,1672.0
2022-05-16,2022,5,20,Pekoe,1722,1837,404,1796.99,1777.28,1808.49,32.7,326.52,0,-0.021,1672.0,1684.0
2022-05-23,2022,5,21,Pekoe,1461,1533,234,1824.28,1885.34,1922.1,45.1,318.16,0,-0.0144,1653.0,1694.0
2022-05-30,2022,5,22,Pekoe,1446,1597,427,1832.75,1863.03,1800.73,77.3,327.02,0,-0.0459,1627.0,1708.0
2022-06-06,2022,6,23,Pekoe,1494,1370,0,1853.18,1892.95,2028.41,86.3,315.83,0,-0.0517,1587.0,1686.0
2022-06-13,2022,6,24,Pekoe,1498,1763,513,1963.64,1939.6,1878.41,72.5,324.56,0,0.0289,1531.0,1665.0
2022-06-20,2022,6,25,Pekoe,1453,1457,0,1791.71,1826.68,1857.53,56.1,318.6,0,-0.054,1475.0,1641.0
2022-06-27,2022,6,26,Pekoe,1398,1372,0,1887.82,1878.96,1890.71,72.7,313.51,0,-0.0503,1473.0,1618.0
2022-07-04,2022,7,27,Pekoe,1431,1415,0,2111.75,2084.92,2011.26,63.3,321.22,0,0.1048,1461.0,1569.0
2022-07-11,2022,7,28,Pekoe,1662,1559,0,1883.23,1923.59,1897.59,93.5,319.12,0,-0.0882,1445.0,1549.0
2022-07-18,2022,7,29,Pekoe,1402,1450,100,1981.1,2002.98,2030.68,76.7,307.37,0,0.0724,1486.0,1538.0
2022-07-25,2022,7,30,Pekoe,1621,1645,233,1880.93,1921.97,2032.33,64.9,300.69,0,-0.0216,1473.0,1524.0
2022-08-01,2022,8,31,Pekoe,1386,1414,338,1831.09,1903.86,1792.2,76.3,307.7,0,0.0058,1529.0,1526.0
2022-08-08,2022,8,32,Pekoe,1398,1380,0,1935.48,1953.08,1895.5,82.2,310.79,0,0.0342,1518.0,1498.0
2022-08-15,2022,8,33,Pekoe,1469,1380,0,1829.29,1836.02,2026.34,52.8,305.11,0,-0.0071,1452.0,1471.0
2022-08-22,2022,8,34,Pekoe,1379,1536,482,1822.11,1812.13,1804.37,74.8,302.6,0,-0.071,1468.0,1472.0
2022-08-29,2022,8,35,Pekoe,1475,1583,0,2001.59,1968.02,1930.6,73.6,307.55,0,0.0888,1408.0,1466.0
2022-09-05,2022,9,36,Pekoe,1289,1244,20,1739.46,1749.46,1736.29,33.7,302.57,0,0.0183,1430.0,1464.0
2022-09-12,2022,9,37,Pekoe,1470,1599,8,1666.79,1637.15,1730.48,76.3,302.97,0,-0.0607,1403.0,1447.0
2022-09-19,2022,9,38,Pekoe,1265,1126,0,1782.37,1773.14,1807.5,40.4,302.78,0,-0.0092,1403.0,1448.0
2022-09-26,2022,9,39,Pekoe,1108,1050,0,1576.3,1586.84,1566.51,64.0,297.73,0,-0.0765,1375.0,1437.0
2022-10-03,2022,10,40,Pekoe,1148,1152,93,1697.08,1674.74,1727.87,58.3,297.87,0,0.0755,1283.0,1410.0
2022-10-10,2022,10,41,Pekoe,1519,1520,46,1633.64,1584.16,1654.65,52.6,299.86,0,-0.0137,1248.0,1368.0
2022-10-17,2022,10,42,Pekoe,1388,1329,112,1750.86,1771.29,1741.79,31.0,313.45,0,0.0277,1260.0,1377.0
2022-10-24,2022,10,43,Pekoe,1047,1140,101,1802.99,1799.77,1800.28,66.1,301.7,0,0.066,1291.0,1358.0
2022-10-31,2022,10,44,Pekoe,1056,1031,6,1712.86,1689.06,1633.77,64.3,300.79,0,0.0177,1276.0,1330.0
2022-11-07,2022,11,45,Pekoe,1248,1280,69,1486.97,1508.17,1374.96,28.8,301.84,0,-0.0039,1252.0,1301.0
2022-11-14,2022,11,46,Pekoe,1040,973,315,1680.0,1678.69,1651.92,38.3,313.76,0,0.017,1185.0,1283.0
2022-11-21,2022,11,47,Pekoe,1412,1576,0,1521.13,1493.61,1592.49,37.8,313.31,0,-0.0512,1098.0,1254.0
2022-11-28,2022,11,48,Pekoe,1201,1117,143,1519.62,1486.94,1621.52,38.5,312.5,0,-0.0151,1189.0,1249.0
2022-12-05,2022,12,49,Pekoe,1461,1325,181,1533.55,1500.05,1584.76,10.0,311.44,0,0.0135,1225.0,1242.0
2022-12-12,2022,12,50,Pekoe,1141,1092,341,1581.81,1528.43,1468.31,45.0,304.79,0,0.023,1278.0,1241.0
2022-12-19,2022,12,51,Pekoe,1419,1545,580,1529.29,1589.62,1444.51,26.7,314.71,0,-0.021,1304.0,1231.0
2022-12-26,2022,12,52,Pekoe,1498,1539,310,1563.28,1606.57,1591.06,31.4,316.79,0,-0.0162,1306.0,1257.0
2023-01-02,2023,1,1,Pekoe,1512,1604,127,1594.75,1648.84,1715.78,18.5,326.56,0,0.0209,1380.0,1286.0
2023-01-09,2023,1,2,Pekoe,1730,1814,74,1542.44,1525.93,1574.0,13.8,317.12,0,-0.0535,1392.0,1285.0
2023-01-16,2023,1,3,Pekoe,1247,1168,220,1536.79,1530.71,1663.91,14.6,323.6,0,-0.0073,1540.0,1314.0
2023-01-23,2023,1,4,Pekoe,1327,1152,63,1748.09,1702.67,1764.37,18.4,312.7,0,0.0743,1497.0,1330.0
2023-01-30,2023,1,5,Pekoe,1625,1736,0,1726.23,1805.76,1624.08,20.8,321.19,0,0.0383,1454.0,1353.0
2023-02-06,2023,2,6,Pekoe,1624,1473,0,1867.38,1831.98,1805.06,29.1,319.99,0,0.0403,1482.0,1384.0
2023-02-13,2023,2,7,Pekoe,1518,1451,7,1596.15,1601.27,1737.41,14.5,320.95,0,0.0239,1456.0,1433.0
2023-02-20,2023,2,8,Pekoe,1670,1757,23,1766.69,1796.35,1852.78,41.9,316.75,0,0.0125,1524.0,1442.0
2023-02-27,2023,2,9,Pekoe,1662,1768,0,1554.31,1534.97,1590.54,29.0,328.5,0,-0.0229,1609.0,1481.0
2023-03-06,2023,3,10,Pekoe,1764,1798,31,1636.81,1703.66,1654.97,47.9,320.36,1,-0.0926,1618.0,1498.0
2023-03-13,2023,3,11,Pekoe,1794,1768,0,1809.08,1830.29,1779.24,47.3,326.18,1,-0.0325,1654.0,1550.0
2023-03-20,2023,3,12,Pekoe,1927,1791,0,1744.63,1751.0,1697.87,32.5,326.52,1,-0.013,1722.0,1581.0
2023-03-27,2023,3,13,Pekoe,1651,1631,0,1864.98,1812.92,1909.09,42.2,324.71,1,0.0473,1787.0,1617.0
2023-04-03,2023,4,14,Pekoe,1897,1805,0,1824.73,1855.74,1875.3,49.9,324.77,1,-0.0316,1784.0,1628.0
2023-04-10,2023,4,15,Pekoe,1800,1763,155,1884.94,1871.88,1763.43,65.0,332.79,1,-0.0157,1817.0,1642.0
2023-04-17,2023,4,16,Pekoe,1791,1911,157,1844.15,1821.6,1837.29,32.3,326.52,1,0.0185,1819.0,1688.0
2023-04-24,2023,4,17,Pekoe,1595,1549,0,1842.81,1913.7,1785.71,78.4,325.6,1,-0.0293,1785.0,1727.0
2023-05-01,2023,5,18,Pekoe,1795,1721,0,2069.5,2010.57,1916.2,34.0,325.05,0,0.03,1771.0,1724.0
2023-05-08,2023,5,19,Pekoe,1933,1985,244,1901.08,1862.31,1916.77,61.1,332.32,0,-0.0312,1745.0,1739.0
2023-05-15,2023,5,20,Pekoe,1650,1541,175,2003.53,2006.73,2094.86,76.2,325.03,0,-0.0095,1778.0,1773.0
2023-05-22,2023,5,21,Pekoe,1858,1881,84,1895.47,1872.43,1885.06,68.3,329.0,0,-0.0045,1743.0,1772.0
2023-05-29,2023,5,22,Pekoe,1713,1767,0,1855.76,1828.04,1929.26,51.8,330.92,0,-0.0438,1809.0,1788.0
2023-06-05,2023,6,23,Pekoe,1617,1610,72,1967.85,2060.3,1911.49,77.2,321.01,0,-0.026,1788.0,1784.0
2023-06-12,2023,6,24,Pekoe,1732,1731,234,2064.22,1989.75,1866.72,95.2,307.76,0,0.0105,1710.0,1769.0
2023-06-19,2023,6,25,Pekoe,1733,1840,0,1919.42,1927.46,1835.61,83.8,328.14,0,-0.0549,1730.0,1753.0
2023-06-26,2023,6,26,Pekoe,1663,1813,271,2051.06,2059.4,2013.51,74.6,313.22,0,0.057,1699.0,1760.0
2023-07-03,2023,7,27,Pekoe,1556,1545,233,2066.91,2073.3,2039.09,73.5,309.08,0,0.0203,1686.0,1740.0
2023-07-10,2023,7,28,Pekoe,1413,1447,177,1772.61,1774.29,1754.95,68.6,320.53,0,-0.0431,1671.0,1720.0
2023-07-17,2023,7,29,Pekoe,1502,1372,0,1999.21,1974.92,1966.87,75.1,317.16,0,0.0091,1591.0,1688.0
2023-07-24,2023,7,30,Pekoe,1290,1396,0,2051.18,1971.2,2022.39,87.7,317.2,0,0.0234,1534.0,1680.0
2023-07-31,2023,7,31,Pekoe,1693,1723,283,2177.87,2156.31,2134.52,94.2,307.55,0,0.0502,1440.0,1638.0
2023-08-07,2023,8,32,Pekoe,1275,1307,0,1864.74,1885.38,1862.21,58.6,304.4,0,0.0115,1474.0,1618.0
2023-08-14,2023,8,33,Pekoe,1548,1464,0,1935.1,1918.94,1961.73,76.0,312.15,0,0.0352,1440.0,1587.0
2023-08-21,2023,8,34,Pekoe,1621,1705,0,2033.95,2024.55,2147.3,83.4,319.74,0,0.043,1452.0,1561.0
2023-08-28,2023,8,35,Pekoe,1464,1568,308,1853.83,1853.61,1911.97,71.5,303.64,0,-0.0032,1534.0,1554.0
2023-09-04,2023,9,36,Pekoe,1014,1012,0,1885.86,1874.18,1972.31,58.1,302.7,0,0.0368,1477.0,1541.0
2023-09-11,2023,9,37,Pekoe,1368,1419,60,1841.12,1781.59,1824.23,90.9,303.21,0,-0.0181,1412.0,1481.0
2023-09-18,2023,9,38,Pekoe,1347,1263,49,1880.48,1858.8,1991.13,75.6,318.12,0,0.0249,1367.0,1451.0
2023-09-25,2023,9,39,Pekoe,1723,1845,266,1765.26,1768.13,1762.58,50.7,299.95,0,-0.0318,1298.0,1424.0
2023-10-02,2023,10,40,Pekoe,1380,1471,39,1772.7,1734.19,1711.13,65.1,309.74,0,0.0045,1363.0,1438.0
2023-10-09,2023,10,41,Pekoe,1162,1093,482,1530.18,1538.72,1548.03,43.9,304.6,0,-0.0094,1454.0,1435.0
2023-10-16,2023,10,42,Pekoe,1320,1424,0,1763.3,1734.95,1784.98,61.0,304.29,0,-0.0122,1403.0,1407.0
2023-10-23,2023,10,43,Pekoe,1282,1318,0,1796.31,1718.06,1758.27,45.8,307.16,0,0.0251,1396.0,1410.0
2023-10-30,2023,10,44,Pekoe,1533,1454,16,1891.17,1927.78,1966.35,58.0,309.24,0,0.102,1286.0,1375.0
2023-11-06,2023,11,45,Pekoe,1165,1179,226,1754.54,1783.56,1765.63,27.9,305.31,0,0.0253,1324.0,1397.0
2023-11-13,2023,11,46,Pekoe,1190,1162,58,1754.07,1790.56,1702.17,55.3,316.43,0,-0.015,1325.0,1365.0
2023-11-20,2023,11,47,Pekoe,1211,1275,121,1707.57,1720.88,1555.91,53.8,314.82,0,0.0096,1292.0,1329.0
2023-11-27,2023,11,48,Pekoe,1350,1356,0,1741.19,1766.73,1741.8,43.5,320.05,0,-0.0059,1275.0,1308.0
2023-12-04,2023,12,49,Pekoe,1150,1148,222,1470.57,1494.92,1533.57,54.7,313.73,0,-0.0842,1229.0,1336.0
2023-12-11,2023,12,50,Pekoe,1610,1514,0,1619.51,1653.1,1641.18,35.0,315.86,0,-0.0075,1225.0,1318.0
2023-12-18,2023,12,51,Pekoe,1424,1304,0,1592.59,1577.28,1754.36,8.0,320.09,0,0.0034,1330.0,1340.0
2023-12-25,2023,12,52,Pekoe,1404,1393,0,1749.58,1735.32,1813.12,49.1,313.6,0,0.0208,1384.0,1315.0
2024-01-01,2024,1,1,Pekoe,1519,1520,44,1833.56,1785.83,1697.66,24.9,329.18,0,0.0299,1397.0,1317.0
2024-01-08,2024,1,2,Pekoe,1402,1387,64,1573.34,1575.3,1580.08,17.0,320.89,0,-0.0179,1489.0,1346.0
2024-01-15,2024,1,3,Pekoe,1673,1671,0,1662.93,1687.9,1706.46,27.6,321.75,0,0.0144,1437.0,1353.0
2024-01-22,2024,1,4,Pekoe,1389,1324,0,1553.49,1577.83,1462.11,32.3,323.62,0,-0.0624,1500.0,1386.0
2024-01-29,2024,1,5,Pekoe,1532,1645,0,1592.49,1568.32,1530.14,29.9,327.78,0,-0.0256,1496.0,1374.0
2024-02-05,2024,2,6,Pekoe,1557,1526,303,1667.87,1682.14,1554.33,14.2,322.43,0,0.0075,1499.0,1404.0
2024-02-12,2024,2,7,Pekoe,1965,1699,0,1662.09,1676.44,1711.27,0.0,314.74,0,-0.011,1538.0,1435.0
2024-02-19,2024,2,8,Pekoe,1801,1744,0,1588.01,1624.54,1574.97,15.2,322.54,0,-0.0223,1611.0,1498.0
2024-02-26,2024,2,9,Pekoe,1516,1466,101,1695.11,1674.7,1652.17,37.2,322.88,0,-0.0306,1714.0,1536.0
2024-03-04,2024,3,10,Pekoe,2103,2079,0,1750.49,1732.98,1738.6,14.8,335.95,1,-0.0089,1710.0,1566.0
2024-03-11,2024,3,11,Pekoe,1835,1819,11,1866.8,1827.55,1677.75,51.5,337.45,1,-0.0193,1846.0,1607.0
2024-03-18,2024,3,12,Pekoe,2077,2229,112,1828.41,1863.24,1951.95,44.6,329.35,1,0.0291,1814.0,1641.0
2024-03-25,2024,3,13,Pekoe,1757,1550,0,1722.05,1710.2,1696.25,9.9,338.51,1,-0.0146,1883.0,1697.0
2024-04-01,2024,4,14,Pekoe,1847,1946,106,1927.26,1935.76,1829.28,29.8,328.53,1,0.0077,1943.0,1717.0
2024-04-08,2024,4,15,Pekoe,2016,1948,0,1969.07,1955.69,1987.31,76.5,333.62,1,0.0264,1879.0,1754.0
2024-04-15,2024,4,16,Pekoe,2221,2045,0,2187.83,2189.84,2131.72,61.4,319.54,1,0.0544,1924.0,1783.0
2024-04-22,2024,4,17,Pekoe,2035,2071,0,1944.25,1930.9,1782.04,70.2,329.75,1,0.0072,1960.0,1852.0
2024-04-29,2024,4,18,Pekoe,1869,1906,0,2102.48,2161.86,2049.65,51.3,322.32,1,0.0759,2030.0,1894.0
2024-05-06,2024,5,19,Pekoe,1874,1779,0,1879.71,1950.7,1867.36,43.0,318.08,0,0.0008,2035.0,1920.0
2024-05-13,2024,5,20,Pekoe,1814,1563,0,1902.35,1971.55,1991.93,71.8,324.46,0,-0.0521,2000.0,1913.0
2024-05-20,2024,5,21,Pekoe,1606,1549,14,2179.76,2096.73,2305.7,61.5,330.95,0,0.1081,1898.0,1914.0
2024-05-27,2024,5,22,Pekoe,1801,1839,0,1842.65,1828.4,1795.81,42.6,313.91,0,-0.0479,1791.0,1921.0
2024-06-03,2024,6,23,Pekoe,1611,1573,0,1976.14,1970.13,2059.94,61.3,315.46,0,0.0508,1774.0,1896.0
2024-06-10,2024,6,24,Pekoe,1525,1638,559,1972.0,1989.42,2068.79,100.0,317.99,0,-0.116,1708.0,1877.0
2024-06-17,2024,6,25,Pekoe,1877,1877,137,2040.95,2054.75,1992.6,87.6,321.4,0,-0.0528,1636.0,1831.0
2024-06-24,2024,6,26,Pekoe,1685,1663,145,1840.24,1817.02,1770.9,82.7,317.06,0,-0.0861,1704.0,1841.0
2024-07-01,2024,7,27,Pekoe,1824,1638,0,1919.58,1864.8,1924.9,56.2,324.8,0,-0.0128,1674.0,1828.0
2024-07-08,2024,7,28,Pekoe,1612,1667,0,2077.61,2123.2,2149.68,94.3,324.04,0,0.0327,1728.0,1812.0
2024-07-15,2024,7,29,Pekoe,1537,1569,0,2023.35,1999.56,2042.01,86.8,325.34,0,0.0074,1750.0,1761.0
2024-07-22,2024,7,30,Pekoe,1458,1553,0,2256.68,2258.25,2184.27,100.0,311.4,0,0.0425,1664.0,1720.0
2024-07-29,2024,7,31,Pekoe,1630,1672,0,2032.78,2078.96,2020.26,94.3,312.23,0,0.0018,1608.0,1685.0
2024-08-05,2024,8,32,Pekoe,1405,1598,566,1957.87,1943.84,1914.62,70.3,307.07,0,0.0053,1559.0,1665.0
2024-08-12,2024,8,33,Pekoe,1544,1633,0,1912.89,1905.85,1722.53,99.7,310.77,0,-0.0465,1508.0,1631.0
2024-08-19,2024,8,34,Pekoe,1715,1814,197,1924.77,1930.15,1930.42,64.6,313.77,0,0.0021,1509.0,1626.0
2024-08-26,2024,8,35,Pekoe,1546,1412,57,1905.98,1892.76,1861.32,87.1,310.81,0,-0.0145,1574.0,1619.0
2024-09-02,2024,9,36,Pekoe,1449,1439,6,1983.53,1929.65,1948.36,35.8,315.59,0,0.0451,1552.0,1613.0
2024-09-09,2024,9,37,Pekoe,1445,1245,0,1957.62,2012.05,2097.58,58.3,310.94,0,0.0276,1564.0,1607.0
2024-09-16,2024,9,38,Pekoe,1292,1317,0,1848.46,1800.93,1913.53,61.1,309.0,0,-0.0171,1539.0,1571.0
2024-09-23,2024,9,39,Pekoe,1298,1193,0,1841.77,1818.61,1648.89,72.6,312.38,0,-0.0146,1433.0,1538.0
2024-09-30,2024,9,40,Pekoe,1605,1523,0,1809.87,1831.56,1722.43,44.8,308.34,0,-0.013,1371.0,1494.0
2024-10-07,2024,10,41,Pekoe,1422,1391,214,1820.98,1857.3,1907.07,40.0,310.06,0,0.0212,1410.0,1494.0
2024-10-14,2024,10,42,Pekoe,1492,1629,388,1702.46,1675.14,1741.88,56.6,303.29,0,-0.0484,1404.0,1484.0
2024-10-21,2024,10,43,Pekoe,1415,1475,355,1825.69,1818.63,1933.16,62.3,305.8,0,-0.0274,1454.0,1487.0
2024-10-28,2024,10,44,Pekoe,1394,1246,200,1668.31,1712.63,1634.66,53.3,317.54,0,-0.0077,1484.0,1469.0
2024-11-04,2024,11,45,Pekoe,1232,1265,0,1683.78,1663.88,1713.42,35.9,316.33,0,-0.0516,1431.0,1468.0
2024-11-11,2024,11,46,Pekoe,1062,1016,0,1665.5,1644.51,1723.08,23.6,310.6,0,-0.0305,1383.0,1442.0
2024-11-18,2024,11,47,Pekoe,1592,1699,0,1623.87,1640.78,1553.75,31.8,315.4,0,-0.0501,1276.0,1388.0
2024-11-25,2024,11,48,Pekoe,1695,1866,0,1623.97,1616.71,1556.1,52.9,313.74,0,-0.033,1320.0,1392.0
2024-12-02,2024,12,49,Pekoe,1526,1678,0,1657.41,1684.58,1644.45,13.8,318.63,0,0.0059,1395.0,1412.0
2024-12-09,2024,12,50,Pekoe,1656,1808,466,1796.11,1774.3,1781.73,56.1,318.11,0,0.0165,1469.0,1419.0
2024-12-16,2024,12,51,Pekoe,1449,1411,50,1636.7,1587.74,1635.89,42.5,313.16,0,-0.0113,1617.0,1449.0
2024-12-23,2024,12,52,Pekoe,1762,1966,255,1534.59,1562.17,1483.9,6.7,319.69,0,-0.03,1582.0,1462.0
